Datetime,Open,High,Low,Close,Volume
2026-07-28 09:15:00+05:30,23971.25,24010.75,23969.25,24002.099609375,0
2026-07-28 09:16:00+05:30,24002.19921875,24011.900390625,23999.650390625,24004.5,0
2026-07-28 09:17:00+05:30,24003.400390625,24030.0,24002.150390625,24027.94921875,0
2026-07-28 09:18:00+05:30,24029.55078125,24039.849609375,24027.0,24030.94921875,0
2026-07-28 09:19:00+05:30,24030.599609375,24031.349609375,24024.30078125,24029.849609375,0
2026-07-28 09:20:00+05:30,24029.69921875,24036.5,24028.69921875,24035.30078125,0
2026-07-28 09:21:00+05:30,24035.25,24037.05078125,24031.05078125,24031.05078125,0
2026-07-28 09:22:00+05:30,24031.25,24031.650390625,24017.650390625,24017.650390625,0
2026-07-28 09:23:00+05:30,24018.25,24020.400390625,24011.150390625,24016.25,0
2026-07-28 09:24:00+05:30,24016.400390625,24018.599609375,24011.5,24015.0,0
2026-07-28 09:25:00+05:30,24015.55078125,24015.55078125,24000.19921875,24004.5,0
2026-07-28 09:26:00+05:30,24004.849609375,24005.05078125,23994.099609375,24000.099609375,0
2026-07-28 09:27:00+05:30,23999.900390625,24001.75,23996.69921875,24001.05078125,0
2026-07-28 09:28:00+05:30,24001.05078125,24009.150390625,23998.25,24008.5,0
2026-07-28 09:29:00+05:30,24008.19921875,24012.0,24005.650390625,24006.80078125,0
2026-07-28 09:30:00+05:30,24006.25,24013.400390625,24002.19921875,24009.19921875,0
2026-07-28 09:31:00+05:30,24009.0,24011.599609375,23997.75,23998.25,0
2026-07-28 09:32:00+05:30,23998.30078125,24002.0,23992.80078125,23993.55078125,0
2026-07-28 09:33:00+05:30,23994.19921875,23997.19921875,23985.94921875,23986.099609375,0
2026-07-28 09:34:00+05:30,23989.0,23995.099609375,23985.75,23993.75,0
2026-07-28 09:35:00+05:30,23993.400390625,24011.19921875,23993.400390625,24004.849609375,0
2026-07-28 09:36:00+05:30,24006.099609375,24016.30078125,24003.80078125,24016.19921875,0
2026-07-28 09:37:00+05:30,24016.150390625,24018.0,24010.900390625,24011.150390625,0
2026-07-28 09:38:00+05:30,24011.349609375,24018.69921875,24009.19921875,24017.75,0
2026-07-28 09:39:00+05:30,24017.900390625,24020.44921875,24015.099609375,24019.25,0
2026-07-28 09:40:00+05:30,24018.75,24022.44921875,24015.25,24020.55078125,0
2026-07-28 09:41:00+05:30,24020.69921875,24021.0,24015.30078125,24016.25,0
2026-07-28 09:42:00+05:30,24015.900390625,24020.599609375,24015.69921875,24017.19921875,0
2026-07-28 09:43:00+05:30,24018.150390625,24025.099609375,24017.44921875,24021.900390625,0
2026-07-28 09:44:00+05:30,24021.900390625,24025.19921875,24016.80078125,24017.94921875,0
2026-07-28 09:45:00+05:30,24018.05078125,24019.900390625,24012.75,24014.25,0
2026-07-28 09:46:00+05:30,24014.80078125,24015.75,24008.650390625,24009.25,0
2026-07-28 09:47:00+05:30,24009.30078125,24011.099609375,24005.19921875,24010.849609375,0
2026-07-28 09:48:00+05:30,24010.75,24012.55078125,24007.75,24011.19921875,0
2026-07-28 09:49:00+05:30,24011.0,24014.599609375,24006.5,24012.5,0
2026-07-28 09:50:00+05:30,24012.94921875,24012.94921875,24006.349609375,24007.599609375,0
2026-07-28 09:51:00+05:30,24008.349609375,24008.349609375,24001.099609375,24002.19921875,0
2026-07-28 09:52:00+05:30,24002.30078125,24002.80078125,23996.75,23997.5,0
2026-07-28 09:53:00+05:30,23998.30078125,24002.599609375,23995.25,24001.44921875,0
2026-07-28 09:54:00+05:30,24001.75,24014.05078125,24000.05078125,24012.0,0
2026-07-28 09:55:00+05:30,24012.400390625,24016.400390625,24010.099609375,24016.25,0
2026-07-28 09:56:00+05:30,24016.69921875,24017.94921875,24013.05078125,24013.900390625,0
2026-07-28 09:57:00+05:30,24013.349609375,24015.650390625,24009.099609375,24011.099609375,0
2026-07-28 09:58:00+05:30,24011.349609375,24013.69921875,24008.900390625,24009.19921875,0
2026-07-28 09:59:00+05:30,24009.25,24014.349609375,24007.349609375,24011.349609375,0
2026-07-28 10:00:00+05:30,24012.25,24013.5,24004.5,24010.0,0
2026-07-28 10:01:00+05:30,24010.69921875,24013.55078125,23998.75,23999.099609375,0
2026-07-28 10:02:00+05:30,23998.349609375,23999.30078125,23981.75,23985.0,0
2026-07-28 10:03:00+05:30,23983.69921875,23984.849609375,23967.150390625,23973.94921875,0
2026-07-28 10:04:00+05:30,23974.650390625,23979.25,23970.30078125,23973.0,0
2026-07-28 10:05:00+05:30,23972.900390625,23974.30078125,23968.05078125,23969.900390625,0
2026-07-28 10:06:00+05:30,23969.650390625,23977.30078125,23969.25,23976.599609375,0
2026-07-28 10:07:00+05:30,23976.44921875,23978.599609375,23963.30078125,23964.44921875,0
2026-07-28 10:08:00+05:30,23965.150390625,23970.5,23962.150390625,23969.30078125,0
2026-07-28 10:09:00+05:30,23969.80078125,23973.349609375,23968.150390625,23970.69921875,0
2026-07-28 10:10:00+05:30,23971.25,23971.849609375,23962.44921875,23966.69921875,0
2026-07-28 10:11:00+05:30,23966.650390625,23970.05078125,23964.849609375,23965.94921875,0
2026-07-28 10:12:00+05:30,23966.400390625,23975.900390625,23965.75,23974.5,0
2026-07-28 10:13:00+05:30,23975.30078125,23986.150390625,23973.94921875,23985.349609375,0
2026-07-28 10:14:00+05:30,23985.55078125,23988.400390625,23983.75,23986.25,0
2026-07-28 10:15:00+05:30,23985.599609375,23994.94921875,23985.05078125,23993.30078125,0
2026-07-28 10:16:00+05:30,23993.80078125,23999.19921875,23990.94921875,23995.349609375,0
2026-07-28 10:17:00+05:30,23996.349609375,24005.44921875,23994.44921875,24004.349609375,0
2026-07-28 10:18:00+05:30,24005.30078125,24006.099609375,23997.80078125,23999.69921875,0
2026-07-28 10:19:00+05:30,23999.849609375,24002.80078125,23997.650390625,23997.900390625,0
2026-07-28 10:20:00+05:30,23997.400390625,23999.30078125,23994.75,23995.69921875,0
2026-07-28 10:21:00+05:30,23995.900390625,23996.44921875,23988.69921875,23989.400390625,0
2026-07-28 10:22:00+05:30,23989.19921875,23991.650390625,23984.80078125,23989.150390625,0
2026-07-28 10:23:00+05:30,23988.400390625,23992.44921875,23988.400390625,23990.25,0
2026-07-28 10:24:00+05:30,23990.55078125,23995.80078125,23990.0,23994.900390625,0
2026-07-28 10:25:00+05:30,23994.69921875,24001.900390625,23992.150390625,23998.19921875,0
2026-07-28 10:26:00+05:30,23999.19921875,24000.150390625,23993.900390625,23996.25,0
2026-07-28 10:27:00+05:30,23996.650390625,23998.05078125,23993.55078125,23994.55078125,0
2026-07-28 10:28:00+05:30,23994.19921875,23998.19921875,23989.80078125,23990.400390625,0
2026-07-28 10:29:00+05:30,23991.099609375,23992.75,23985.650390625,23985.849609375,0
2026-07-28 10:30:00+05:30,23986.55078125,23994.44921875,23986.19921875,23993.94921875,0
2026-07-28 10:31:00+05:30,23993.75,24000.30078125,23993.75,23996.69921875,0
2026-07-28 10:32:00+05:30,23996.69921875,24001.75,23996.25,23999.80078125,0
2026-07-28 10:33:00+05:30,24000.55078125,24004.150390625,23997.349609375,24003.400390625,0
2026-07-28 10:34:00+05:30,24004.849609375,24007.30078125,23998.80078125,23998.80078125,0
2026-07-28 10:35:00+05:30,23999.150390625,24002.349609375,23996.80078125,23998.55078125,0
2026-07-28 10:36:00+05:30,23998.55078125,24001.849609375,23996.099609375,23998.75,0
2026-07-28 10:37:00+05:30,23998.849609375,24005.30078125,23997.44921875,24003.44921875,0
2026-07-28 10:38:00+05:30,24004.05078125,24013.44921875,24004.05078125,24012.150390625,0
2026-07-28 10:39:00+05:30,24012.05078125,24014.0,24006.349609375,24007.80078125,0
2026-07-28 10:40:00+05:30,24007.5,24012.19921875,24006.099609375,24010.5,0
2026-07-28 10:41:00+05:30,24010.5,24013.69921875,24008.900390625,24010.80078125,0
2026-07-28 10:42:00+05:30,24010.900390625,24015.44921875,24010.599609375,24015.099609375,0
2026-07-28 10:43:00+05:30,24015.599609375,24023.349609375,24015.05078125,24021.599609375,0
2026-07-28 10:44:00+05:30,24021.599609375,24022.75,24017.5,24019.75,0
2026-07-28 10:45:00+05:30,24020.099609375,24027.349609375,24020.0,24027.25,0
2026-07-28 10:46:00+05:30,24027.349609375,24030.099609375,24023.30078125,24024.30078125,0
2026-07-28 10:47:00+05:30,24024.599609375,24027.75,24023.25,24024.150390625,0
2026-07-28 10:48:00+05:30,24023.80078125,24031.400390625,24022.69921875,24030.0,0
2026-07-28 10:49:00+05:30,24030.05078125,24033.349609375,24028.349609375,24030.19921875,0
2026-07-28 10:50:00+05:30,24030.69921875,24034.44921875,24026.0,24031.650390625,0
2026-07-28 10:51:00+05:30,24031.25,24036.19921875,24031.25,24033.80078125,0
2026-07-28 10:52:00+05:30,24034.05078125,24034.75,24027.5,24029.75,0
2026-07-28 10:53:00+05:30,24030.44921875,24036.55078125,24025.599609375,24036.55078125,0
2026-07-28 10:54:00+05:30,24035.75,24039.0,24034.0,24036.44921875,0
2026-07-28 10:55:00+05:30,24036.400390625,24041.0,24035.69921875,24039.650390625,0
2026-07-28 10:56:00+05:30,24039.349609375,24040.44921875,24034.150390625,24034.80078125,0
2026-07-28 10:57:00+05:30,24035.349609375,24036.55078125,24033.099609375,24033.80078125,0
2026-07-28 10:58:00+05:30,24033.849609375,24037.25,24032.69921875,24036.69921875,0
2026-07-28 10:59:00+05:30,24036.5,24037.849609375,24034.55078125,24036.19921875,0
2026-07-28 11:00:00+05:30,24036.650390625,24039.55078125,24028.900390625,24029.650390625,0
2026-07-28 11:01:00+05:30,24030.30078125,24030.55078125,24019.69921875,24021.099609375,0
2026-07-28 11:02:00+05:30,24020.30078125,24025.25,24019.849609375,24022.650390625,0
2026-07-28 11:03:00+05:30,24023.30078125,24024.099609375,24019.44921875,24020.55078125,0
2026-07-28 11:04:00+05:30,24020.55078125,24026.650390625,24017.900390625,24024.44921875,0
2026-07-28 11:05:00+05:30,24024.44921875,24025.80078125,24020.75,24023.599609375,0
2026-07-28 11:06:00+05:30,24023.650390625,24024.44921875,24018.19921875,24018.75,0
2026-07-28 11:07:00+05:30,24018.349609375,24023.55078125,24017.94921875,24019.19921875,0
2026-07-28 11:08:00+05:30,24019.650390625,24024.25,24019.650390625,24020.19921875,0
2026-07-28 11:09:00+05:30,24020.400390625,24025.599609375,24020.400390625,24023.80078125,0
2026-07-28 11:10:00+05:30,24024.099609375,24024.55078125,24017.75,24018.400390625,0
2026-07-28 11:11:00+05:30,24018.25,24018.849609375,24014.349609375,24014.69921875,0
2026-07-28 11:12:00+05:30,24014.80078125,24015.349609375,24010.05078125,24011.650390625,0
2026-07-28 11:13:00+05:30,24011.849609375,24014.80078125,24011.650390625,24014.5,0
2026-07-28 11:14:00+05:30,24014.44921875,24016.30078125,24013.44921875,24014.599609375,0
2026-07-28 11:15:00+05:30,24015.19921875,24020.44921875,24014.900390625,24020.30078125,0
2026-07-28 11:16:00+05:30,24019.55078125,24022.599609375,24019.0,24019.5,0
2026-07-28 11:17:00+05:30,24020.0,24026.80078125,24019.349609375,24026.80078125,0
2026-07-28 11:18:00+05:30,24027.5,24029.69921875,24026.55078125,24028.69921875,0
2026-07-28 11:19:00+05:30,24028.44921875,24028.55078125,24024.05078125,24024.94921875,0
2026-07-28 11:20:00+05:30,24025.30078125,24026.150390625,24013.44921875,24015.650390625,0
2026-07-28 11:21:00+05:30,24016.599609375,24020.849609375,24015.69921875,24019.849609375,0
2026-07-28 11:22:00+05:30,24019.75,24019.75,24015.849609375,24016.30078125,0
2026-07-28 11:23:00+05:30,24016.19921875,24018.80078125,24015.30078125,24015.75,0
2026-07-28 11:24:00+05:30,24015.94921875,24016.44921875,24013.650390625,24014.650390625,0
2026-07-28 11:25:00+05:30,24014.75,24015.55078125,24011.0,24011.25,0
2026-07-28 11:26:00+05:30,24011.55078125,24015.55078125,24010.650390625,24014.69921875,0
2026-07-28 11:27:00+05:30,24014.55078125,24021.19921875,24014.55078125,24020.19921875,0
2026-07-28 11:28:00+05:30,24019.900390625,24021.30078125,24016.05078125,24017.19921875,0
2026-07-28 11:29:00+05:30,24016.25,24018.849609375,24013.5,24014.0,0
2026-07-28 11:30:00+05:30,24013.900390625,24016.150390625,24011.349609375,24013.349609375,0
2026-07-28 11:31:00+05:30,24012.25,24014.80078125,24009.19921875,24009.80078125,0
2026-07-28 11:32:00+05:30,24010.44921875,24010.44921875,24007.099609375,24008.55078125,0
2026-07-28 11:33:00+05:30,24008.400390625,24008.55078125,24002.400390625,24003.349609375,0
2026-07-28 11:34:00+05:30,24003.599609375,24006.75,24001.80078125,24002.19921875,0
2026-07-28 11:35:00+05:30,24002.80078125,24006.150390625,24000.349609375,24002.44921875,0
2026-07-28 11:36:00+05:30,24002.94921875,24004.25,24000.0,24000.19921875,0
2026-07-28 11:37:00+05:30,23999.94921875,24003.900390625,23999.94921875,24003.44921875,0
2026-07-28 11:38:00+05:30,24003.650390625,24007.55078125,24003.099609375,24007.05078125,0
2026-07-28 11:39:00+05:30,24007.150390625,24010.650390625,24005.55078125,24010.349609375,0
2026-07-28 11:40:00+05:30,24010.69921875,24012.44921875,24008.150390625,24012.150390625,0
2026-07-28 11:41:00+05:30,24011.150390625,24016.099609375,24011.05078125,24014.69921875,0
2026-07-28 11:42:00+05:30,24014.69921875,24018.69921875,24013.80078125,24017.19921875,0
2026-07-28 11:43:00+05:30,24017.849609375,24023.75,24017.650390625,24022.099609375,0
2026-07-28 11:44:00+05:30,24022.25,24025.05078125,24020.30078125,24021.05078125,0
2026-07-28 11:45:00+05:30,24020.900390625,24022.30078125,24018.94921875,24020.80078125,0
2026-07-28 11:46:00+05:30,24021.0,24023.650390625,24018.5,24021.599609375,0
2026-07-28 11:47:00+05:30,24021.69921875,24029.75,24021.650390625,24028.94921875,0
2026-07-28 11:48:00+05:30,24028.75,24035.150390625,24028.599609375,24033.650390625,0
2026-07-28 11:49:00+05:30,24033.400390625,24036.80078125,24030.75,24030.75,0
2026-07-28 11:50:00+05:30,24030.80078125,24031.900390625,24022.849609375,24023.900390625,0
2026-07-28 11:51:00+05:30,24023.94921875,24025.94921875,24021.650390625,24023.80078125,0
2026-07-28 11:52:00+05:30,24023.650390625,24024.650390625,24015.5,24016.44921875,0
2026-07-28 11:53:00+05:30,24016.80078125,24017.400390625,24011.19921875,24012.80078125,0
2026-07-28 11:54:00+05:30,24012.900390625,24018.25,24011.75,24014.30078125,0
2026-07-28 11:55:00+05:30,24013.75,24015.849609375,24012.30078125,24012.30078125,0
2026-07-28 11:56:00+05:30,24011.94921875,24011.94921875,24003.650390625,24007.0,0
2026-07-28 11:57:00+05:30,24007.150390625,24009.19921875,24005.900390625,24007.0,0
2026-07-28 11:58:00+05:30,24007.05078125,24013.599609375,24006.650390625,24013.30078125,0
2026-07-28 11:59:00+05:30,24013.30078125,24014.849609375,24010.80078125,24011.349609375,0
2026-07-28 12:00:00+05:30,24011.0,24013.94921875,24010.099609375,24010.69921875,0
2026-07-28 12:01:00+05:30,24010.650390625,24012.849609375,24005.05078125,24006.849609375,0
2026-07-28 12:02:00+05:30,24006.94921875,24007.69921875,24003.75,24006.650390625,0
2026-07-28 12:03:00+05:30,24006.5,24009.099609375,24005.75,24008.25,0
2026-07-28 12:04:00+05:30,24008.400390625,24008.400390625,24008.400390625,24008.400390625,0
2026-07-28 12:09:00+05:30,24021.25,24021.69921875,24019.099609375,24020.44921875,0
2026-07-28 12:10:00+05:30,24021.44921875,24023.75,24018.19921875,24021.94921875,0
2026-07-28 12:11:00+05:30,24021.900390625,24023.5,24020.25,24021.30078125,0
2026-07-28 12:12:00+05:30,24020.69921875,24026.0,24020.19921875,24024.75,0
2026-07-28 12:13:00+05:30,24025.25,24027.150390625,24023.19921875,24025.0,0
2026-07-28 12:14:00+05:30,24024.75,24028.599609375,24023.5,24026.5,0
2026-07-28 12:15:00+05:30,24026.25,24028.400390625,24024.69921875,24025.650390625,0
2026-07-28 12:16:00+05:30,24025.150390625,24027.349609375,24022.150390625,24023.150390625,0
2026-07-28 12:17:00+05:30,24023.650390625,24025.30078125,24019.150390625,24019.94921875,0
2026-07-28 12:18:00+05:30,24020.5,24020.69921875,24015.44921875,24017.349609375,0
2026-07-28 12:19:00+05:30,24016.849609375,24019.55078125,24015.30078125,24018.0,0
2026-07-28 12:20:00+05:30,24017.75,24019.80078125,24013.44921875,24014.150390625,0
2026-07-28 12:21:00+05:30,24014.19921875,24014.849609375,24010.849609375,24013.150390625,0
2026-07-28 12:22:00+05:30,24013.099609375,24016.650390625,24012.30078125,24016.5,0
2026-07-28 12:23:00+05:30,24016.25,24020.25,24015.099609375,24016.80078125,0
2026-07-28 12:24:00+05:30,24017.05078125,24018.55078125,24013.5,24017.80078125,0
2026-07-28 12:25:00+05:30,24017.75,24018.849609375,24012.849609375,24013.25,0
2026-07-28 12:26:00+05:30,24013.400390625,24017.400390625,24013.05078125,24015.30078125,0
2026-07-28 12:27:00+05:30,24015.25,24021.44921875,24015.25,24020.94921875,0
2026-07-28 12:28:00+05:30,24021.650390625,24027.650390625,24018.849609375,24026.349609375,0
2026-07-28 12:29:00+05:30,24026.599609375,24028.900390625,24022.900390625,24023.349609375,0
2026-07-28 12:30:00+05:30,24023.5,24025.94921875,24022.099609375,24024.19921875,0
2026-07-28 12:31:00+05:30,24024.400390625,24026.80078125,24022.400390625,24026.05078125,0
2026-07-28 12:32:00+05:30,24026.44921875,24027.19921875,24023.05078125,24024.25,0
2026-07-28 12:33:00+05:30,24023.94921875,24027.25,24020.349609375,24021.0,0
2026-07-28 12:34:00+05:30,24020.849609375,24021.44921875,24017.599609375,24017.69921875,0
2026-07-28 12:35:00+05:30,24017.30078125,24018.099609375,24011.44921875,24012.69921875,0
2026-07-28 12:36:00+05:30,24012.25,24014.30078125,24009.400390625,24010.650390625,0
2026-07-28 12:37:00+05:30,24010.75,24016.05078125,24010.599609375,24014.150390625,0
2026-07-28 12:38:00+05:30,24014.0,24020.150390625,24013.80078125,24020.0,0
2026-07-28 12:39:00+05:30,24019.94921875,24021.30078125,24017.44921875,24018.94921875,0
2026-07-28 12:40:00+05:30,24018.150390625,24019.349609375,24015.69921875,24017.55078125,0
2026-07-28 12:41:00+05:30,24017.5,24022.849609375,24017.150390625,24022.099609375,0
2026-07-28 12:42:00+05:30,24021.94921875,24023.44921875,24017.94921875,24019.0,0
2026-07-28 12:43:00+05:30,24019.400390625,24019.80078125,24014.94921875,24015.94921875,0
2026-07-28 12:44:00+05:30,24015.900390625,24019.05078125,24014.30078125,24015.55078125,0
2026-07-28 12:45:00+05:30,24015.650390625,24022.0,24014.400390625,24018.05078125,0
2026-07-28 12:46:00+05:30,24018.05078125,24020.69921875,24017.0,24018.900390625,0
2026-07-28 12:47:00+05:30,24019.099609375,24021.849609375,24016.44921875,24019.0,0
2026-07-28 12:48:00+05:30,24019.150390625,24019.80078125,24011.150390625,24014.650390625,0
2026-07-28 12:49:00+05:30,24014.400390625,24015.900390625,24012.44921875,24014.5,0
2026-07-28 12:50:00+05:30,24015.25,24015.75,24009.349609375,24010.400390625,0
2026-07-28 12:51:00+05:30,24010.44921875,24016.19921875,24010.25,24012.94921875,0
2026-07-28 12:52:00+05:30,24013.30078125,24014.94921875,24010.75,24012.400390625,0
2026-07-28 12:53:00+05:30,24012.94921875,24015.099609375,24011.150390625,24014.099609375,0
2026-07-28 12:54:00+05:30,24013.25,24015.599609375,24011.25,24013.75,0
2026-07-28 12:55:00+05:30,24013.44921875,24014.5,24010.849609375,24013.30078125,0
2026-07-28 12:56:00+05:30,24013.349609375,24015.80078125,24010.849609375,24014.599609375,0
2026-07-28 12:57:00+05:30,24014.30078125,24017.94921875,24012.05078125,24012.25,0
2026-07-28 12:58:00+05:30,24012.25,24014.25,24004.400390625,24005.80078125,0
2026-07-28 12:59:00+05:30,24005.94921875,24011.05078125,24003.900390625,24003.900390625,0
2026-07-28 13:00:00+05:30,24004.05078125,24005.900390625,24002.400390625,24004.80078125,0
2026-07-28 13:01:00+05:30,24004.75,24008.75,24002.5,24003.400390625,0
2026-07-28 13:02:00+05:30,24003.80078125,24006.599609375,24002.05078125,24005.349609375,0
2026-07-28 13:03:00+05:30,24005.80078125,24007.0,24002.650390625,24003.55078125,0
2026-07-28 13:04:00+05:30,24003.75,24005.099609375,24000.849609375,24002.599609375,0
2026-07-28 13:05:00+05:30,24002.150390625,24005.44921875,24002.150390625,24004.69921875,0
2026-07-28 13:06:00+05:30,24004.650390625,24006.44921875,24000.5,24000.849609375,0
2026-07-28 13:07:00+05:30,24000.80078125,24005.599609375,24000.349609375,24001.44921875,0
2026-07-28 13:08:00+05:30,24001.599609375,24007.849609375,24001.599609375,24003.94921875,0
2026-07-28 13:09:00+05:30,24003.75,24006.650390625,24001.599609375,24004.900390625,0
2026-07-28 13:10:00+05:30,24005.69921875,24006.349609375,23989.94921875,23993.05078125,0
2026-07-28 13:11:00+05:30,23993.400390625,23995.80078125,23988.94921875,23989.19921875,0
2026-07-28 13:12:00+05:30,23988.849609375,23994.75,23988.849609375,23993.94921875,0
2026-07-28 13:13:00+05:30,23993.900390625,23995.5,23988.849609375,23989.900390625,0
2026-07-28 13:14:00+05:30,23989.44921875,23991.30078125,23982.900390625,23983.099609375,0
2026-07-28 13:15:00+05:30,23983.05078125,23984.05078125,23969.849609375,23970.849609375,0
2026-07-28 13:16:00+05:30,23970.599609375,23978.30078125,23968.650390625,23974.44921875,0
2026-07-28 13:17:00+05:30,23973.849609375,23980.099609375,23973.599609375,23979.69921875,0
2026-07-28 13:18:00+05:30,23980.0,23980.650390625,23976.80078125,23977.25,0
2026-07-28 13:19:00+05:30,23977.650390625,23978.44921875,23974.150390625,23978.44921875,0
2026-07-28 13:20:00+05:30,23978.55078125,23979.599609375,23974.55078125,23976.0,0
2026-07-28 13:21:00+05:30,23976.05078125,23982.30078125,23975.5,23981.400390625,0
2026-07-28 13:22:00+05:30,23983.44921875,23990.44921875,23982.150390625,23989.650390625,0
2026-07-28 13:23:00+05:30,23989.849609375,23991.69921875,23986.25,23989.75,0
2026-07-28 13:24:00+05:30,23989.80078125,23993.69921875,23988.75,23991.599609375,0
2026-07-28 13:25:00+05:30,23991.150390625,23991.150390625,23987.150390625,23988.75,0
2026-07-28 13:26:00+05:30,23988.349609375,23990.19921875,23983.150390625,23983.349609375,0
2026-07-28 13:27:00+05:30,23983.900390625,23987.80078125,23982.099609375,23985.44921875,0
2026-07-28 13:28:00+05:30,23985.30078125,23986.75,23983.80078125,23986.55078125,0
2026-07-28 13:29:00+05:30,23986.44921875,23987.849609375,23984.900390625,23985.599609375,0
2026-07-28 13:30:00+05:30,23984.849609375,23986.0,23980.5,23982.599609375,0
2026-07-28 13:31:00+05:30,23982.0,23985.849609375,23981.69921875,23983.05078125,0
2026-07-28 13:32:00+05:30,23982.94921875,23987.5,23981.849609375,23986.599609375,0
2026-07-28 13:33:00+05:30,23986.349609375,23992.5,23986.25,23990.44921875,0
2026-07-28 13:34:00+05:30,23990.05078125,23991.25,23986.44921875,23986.80078125,0
2026-07-28 13:35:00+05:30,23987.05078125,23993.099609375,23985.5,23988.44921875,0
2026-07-28 13:36:00+05:30,23988.30078125,23992.25,23988.05078125,23989.75,0
2026-07-28 13:37:00+05:30,23989.44921875,23990.0,23983.400390625,23985.650390625,0
2026-07-28 13:38:00+05:30,23985.349609375,23989.55078125,23983.80078125,23985.30078125,0
2026-07-28 13:39:00+05:30,23984.900390625,23986.69921875,23982.099609375,23985.05078125,0
2026-07-28 13:40:00+05:30,23985.0,23986.80078125,23980.80078125,23982.05078125,0
2026-07-28 13:41:00+05:30,23982.349609375,23984.05078125,23978.69921875,23978.900390625,0
2026-07-28 13:42:00+05:30,23978.650390625,23981.849609375,23977.400390625,23979.19921875,0
2026-07-28 13:43:00+05:30,23979.19921875,23984.349609375,23978.05078125,23981.5,0
2026-07-28 13:44:00+05:30,23981.400390625,23985.599609375,23980.19921875,23983.349609375,0
2026-07-28 13:45:00+05:30,23983.349609375,23983.55078125,23980.349609375,23981.94921875,0
2026-07-28 13:46:00+05:30,23982.150390625,23984.25,23980.849609375,23983.400390625,0
2026-07-28 13:47:00+05:30,23982.94921875,23984.19921875,23980.900390625,23982.80078125,0
2026-07-28 13:48:00+05:30,23982.55078125,23983.75,23972.400390625,23977.69921875,0
2026-07-28 13:49:00+05:30,23976.900390625,23981.5,23974.5,23980.400390625,0
2026-07-28 13:50:00+05:30,23980.650390625,23989.80078125,23980.44921875,23989.80078125,0
2026-07-28 13:51:00+05:30,23989.599609375,24009.150390625,23988.849609375,24006.80078125,0
2026-07-28 13:52:00+05:30,24006.55078125,24007.80078125,24001.75,24005.650390625,0
2026-07-28 13:53:00+05:30,24005.55078125,24005.55078125,23998.349609375,24002.44921875,0
2026-07-28 13:54:00+05:30,24002.400390625,24007.05078125,24001.900390625,24006.150390625,0
2026-07-28 13:55:00+05:30,24006.19921875,24011.75,24002.599609375,24002.599609375,0
2026-07-28 13:56:00+05:30,24002.75,24005.599609375,24000.349609375,24001.94921875,0
2026-07-28 13:57:00+05:30,24001.69921875,24001.900390625,23999.05078125,23999.5,0
2026-07-28 13:58:00+05:30,23999.80078125,24001.150390625,23995.900390625,23996.05078125,0
2026-07-28 13:59:00+05:30,23996.0,24002.0,23995.44921875,24002.0,0
2026-07-28 14:00:00+05:30,24001.900390625,24002.5,23998.400390625,23998.400390625,0
2026-07-28 14:01:00+05:30,23998.25,24005.0,23997.900390625,24002.05078125,0
2026-07-28 14:02:00+05:30,24002.0,24004.599609375,23998.400390625,24000.80078125,0
2026-07-28 14:03:00+05:30,24000.94921875,24001.599609375,23997.0,23998.05078125,0
2026-07-28 14:04:00+05:30,23997.80078125,24004.650390625,23997.0,24001.150390625,0
2026-07-28 14:05:00+05:30,24001.400390625,24005.05078125,23999.69921875,24003.80078125,0
2026-07-28 14:06:00+05:30,24003.05078125,24005.900390625,23996.69921875,23999.599609375,0
2026-07-28 14:07:00+05:30,23999.25,24002.849609375,23998.5,23999.849609375,0
2026-07-28 14:08:00+05:30,23999.900390625,24003.80078125,23999.099609375,24001.19921875,0
2026-07-28 14:09:00+05:30,24001.05078125,24003.099609375,23997.650390625,23997.849609375,0
2026-07-28 14:10:00+05:30,23998.19921875,23999.849609375,23995.05078125,23996.05078125,0
2026-07-28 14:11:00+05:30,23995.599609375,23996.5,23992.150390625,23994.55078125,0
2026-07-28 14:12:00+05:30,23994.55078125,23997.400390625,23993.150390625,23993.349609375,0
2026-07-28 14:13:00+05:30,23993.25,23995.25,23989.849609375,23990.55078125,0
2026-07-28 14:14:00+05:30,23990.94921875,23993.849609375,23989.75,23993.69921875,0
2026-07-28 14:15:00+05:30,23993.349609375,24001.25,23992.55078125,23996.75,0
2026-07-28 14:16:00+05:30,23997.30078125,23999.19921875,23993.150390625,23993.150390625,0
2026-07-28 14:17:00+05:30,23993.0,23995.650390625,23990.80078125,23991.650390625,0
2026-07-28 14:18:00+05:30,23991.19921875,23996.099609375,23989.599609375,23991.5,0
2026-07-28 14:19:00+05:30,23992.099609375,23993.80078125,23987.19921875,23992.0,0
2026-07-28 14:20:00+05:30,23991.69921875,23996.400390625,23990.849609375,23994.30078125,0
2026-07-28 14:21:00+05:30,23994.25,23995.05078125,23989.900390625,23992.80078125,0
2026-07-28 14:22:00+05:30,23992.900390625,23994.0,23989.5,23990.849609375,0
2026-07-28 14:23:00+05:30,23990.099609375,23991.25,23986.44921875,23989.150390625,0
2026-07-28 14:24:00+05:30,23989.349609375,23990.099609375,23985.0,23987.099609375,0
2026-07-28 14:25:00+05:30,23988.30078125,23997.0,23986.19921875,23995.5,0
2026-07-28 14:26:00+05:30,23995.25,23998.400390625,23992.19921875,23995.349609375,0
2026-07-28 14:27:00+05:30,23995.25,23995.55078125,23990.349609375,23992.19921875,0
2026-07-28 14:28:00+05:30,23991.55078125,23994.650390625,23987.599609375,23989.05078125,0
2026-07-28 14:29:00+05:30,23989.30078125,23991.400390625,23986.650390625,23988.5,0
2026-07-28 14:30:00+05:30,23987.55078125,23987.55078125,23980.75,23983.44921875,0
2026-07-28 14:31:00+05:30,23983.400390625,23984.94921875,23978.69921875,23978.80078125,0
2026-07-28 14:32:00+05:30,23978.94921875,23979.5,23970.099609375,23974.80078125,0
2026-07-28 14:33:00+05:30,23974.55078125,23976.900390625,23972.94921875,23975.55078125,0
2026-07-28 14:34:00+05:30,23974.849609375,23976.349609375,23971.599609375,23974.80078125,0
2026-07-28 14:35:00+05:30,23973.400390625,23983.099609375,23972.19921875,23982.599609375,0
2026-07-28 14:36:00+05:30,23982.69921875,23987.650390625,23979.25,23986.44921875,0
2026-07-28 14:37:00+05:30,23985.150390625,23989.349609375,23983.94921875,23988.5,0
2026-07-28 14:38:00+05:30,23988.0,23993.75,23987.099609375,23990.400390625,0
2026-07-28 14:39:00+05:30,23989.150390625,23993.5,23986.75,23988.900390625,0
2026-07-28 14:40:00+05:30,23991.44921875,23997.94921875,23987.55078125,23995.849609375,0
2026-07-28 14:41:00+05:30,23995.30078125,23997.150390625,23992.900390625,23996.5,0
2026-07-28 14:42:00+05:30,23996.5,23998.5,23993.900390625,23995.69921875,0
2026-07-28 14:43:00+05:30,23995.400390625,23996.099609375,23983.5,23984.19921875,0
2026-07-28 14:44:00+05:30,23987.0,23996.849609375,23981.44921875,23996.19921875,0
2026-07-28 14:45:00+05:30,23995.349609375,23995.44921875,23982.650390625,23984.05078125,0
2026-07-28 14:46:00+05:30,23984.05078125,23988.599609375,23980.55078125,23986.0,0
2026-07-28 14:47:00+05:30,23986.400390625,23986.400390625,23975.349609375,23977.400390625,0
2026-07-28 14:48:00+05:30,23976.900390625,23981.0,23974.30078125,23980.19921875,0
2026-07-28 14:49:00+05:30,23980.25,23983.19921875,23974.349609375,23975.650390625,0
2026-07-28 14:50:00+05:30,23975.30078125,23976.44921875,23968.099609375,23971.0,0
2026-07-28 14:51:00+05:30,23970.69921875,23974.900390625,23969.55078125,23974.900390625,0
2026-07-28 14:52:00+05:30,23974.349609375,23984.19921875,23973.900390625,23981.400390625,0
2026-07-28 14:53:00+05:30,23981.599609375,23984.44921875,23978.849609375,23980.94921875,0
2026-07-28 14:54:00+05:30,23980.55078125,23991.099609375,23978.30078125,23987.849609375,0
2026-07-28 14:55:00+05:30,23987.94921875,23991.0,23984.0,23984.349609375,0
2026-07-28 14:56:00+05:30,23983.849609375,23985.69921875,23981.5,23982.75,0
2026-07-28 14:57:00+05:30,23982.349609375,23982.849609375,23978.55078125,23980.0,0
2026-07-28 14:58:00+05:30,23979.80078125,23982.25,23978.69921875,23980.75,0
2026-07-28 14:59:00+05:30,23980.30078125,23981.94921875,23977.150390625,23980.94921875,0
2026-07-28 15:00:00+05:30,23980.900390625,23985.150390625,23959.0,23961.44921875,0
2026-07-28 15:01:00+05:30,23960.94921875,23963.099609375,23954.69921875,23960.849609375,0
2026-07-28 15:02:00+05:30,23960.55078125,23968.349609375,23959.94921875,23962.25,0
2026-07-28 15:03:00+05:30,23962.30078125,23966.55078125,23960.05078125,23965.30078125,0
2026-07-28 15:04:00+05:30,23965.599609375,23966.55078125,23961.69921875,23962.05078125,0
2026-07-28 15:05:00+05:30,23962.900390625,23969.400390625,23962.599609375,23966.44921875,0
2026-07-28 15:06:00+05:30,23966.349609375,23971.349609375,23966.0,23968.849609375,0
2026-07-28 15:07:00+05:30,23968.80078125,23970.650390625,23964.55078125,23964.94921875,0
2026-07-28 15:08:00+05:30,23965.099609375,23968.19921875,23964.349609375,23968.0,0
2026-07-28 15:09:00+05:30,23967.849609375,23968.30078125,23965.44921875,23965.75,0
2026-07-28 15:10:00+05:30,23966.0,23967.80078125,23963.650390625,23964.30078125,0
2026-07-28 15:11:00+05:30,23964.5,23966.30078125,23963.150390625,23963.900390625,0
2026-07-28 15:12:00+05:30,23964.099609375,23965.900390625,23961.900390625,23965.5,0
2026-07-28 15:13:00+05:30,23965.30078125,23970.19921875,23965.30078125,23966.349609375,0
2026-07-28 15:14:00+05:30,23966.900390625,23969.80078125,23966.05078125,23969.400390625,0
2026-07-28 15:15:00+05:30,23969.400390625,23980.0,23968.69921875,23977.5,0
2026-07-28 15:16:00+05:30,23980.69921875,23981.849609375,23975.44921875,23977.69921875,0
2026-07-28 15:17:00+05:30,23977.80078125,23979.05078125,23971.150390625,23975.0,0
2026-07-28 15:18:00+05:30,23974.900390625,23991.900390625,23974.25,23991.80078125,0
2026-07-28 15:19:00+05:30,23992.05078125,24004.400390625,23991.0,24002.400390625,0
2026-07-28 15:20:00+05:30,24004.19921875,24007.94921875,23999.5,24002.5,0
2026-07-28 15:21:00+05:30,24001.900390625,24013.349609375,24000.80078125,24010.69921875,0
2026-07-28 15:22:00+05:30,24010.0,24011.19921875,24003.55078125,24010.25,0
2026-07-28 15:23:00+05:30,24009.94921875,24012.400390625,24005.75,24007.599609375,0
2026-07-28 15:24:00+05:30,24007.650390625,24007.650390625,23989.099609375,23989.099609375,0
2026-07-28 15:25:00+05:30,23991.75,23995.650390625,23986.849609375,23990.94921875,0
2026-07-28 15:26:00+05:30,23990.30078125,23991.25,23986.44921875,23987.5,0
2026-07-28 15:27:00+05:30,23987.900390625,23992.69921875,23986.05078125,23988.849609375,0
2026-07-28 15:28:00+05:30,23989.650390625,23993.099609375,23985.0,23987.099609375,0
2026-07-28 15:29:00+05:30,23987.05078125,23992.5,23976.400390625,23983.94921875,0
2026-07-29 09:15:00+05:30,24188.05078125,24192.69921875,24141.75,24166.150390625,0
2026-07-29 09:16:00+05:30,24166.19921875,24181.599609375,24165.5,24176.05078125,0
2026-07-29 09:17:00+05:30,24177.05078125,24194.69921875,24174.650390625,24193.650390625,0
2026-07-29 09:18:00+05:30,24193.19921875,24195.5,24182.650390625,24183.5,0
2026-07-29 09:19:00+05:30,24182.94921875,24193.849609375,24182.900390625,24187.099609375,0
2026-07-29 09:20:00+05:30,24187.150390625,24191.55078125,24178.599609375,24178.599609375,0
2026-07-29 09:21:00+05:30,24178.400390625,24189.19921875,24175.150390625,24175.150390625,0
2026-07-29 09:22:00+05:30,24174.599609375,24177.75,24166.80078125,24167.19921875,0
2026-07-29 09:23:00+05:30,24165.5,24172.75,24162.0,24168.900390625,0
2026-07-29 09:24:00+05:30,24170.349609375,24177.349609375,24169.099609375,24177.349609375,0
2026-07-29 09:25:00+05:30,24177.849609375,24182.19921875,24174.69921875,24174.75,0
2026-07-29 09:26:00+05:30,24174.19921875,24179.94921875,24170.900390625,24179.94921875,0
2026-07-29 09:27:00+05:30,24179.80078125,24196.19921875,24179.80078125,24189.599609375,0
2026-07-29 09:28:00+05:30,24188.5,24192.0,24183.94921875,24186.55078125,0
2026-07-29 09:29:00+05:30,24187.150390625,24188.150390625,24176.69921875,24178.5,0
2026-07-29 09:30:00+05:30,24175.599609375,24187.650390625,24175.599609375,24182.5,0
2026-07-29 09:31:00+05:30,24181.55078125,24187.44921875,24177.44921875,24180.30078125,0
2026-07-29 09:32:00+05:30,24180.5,24188.849609375,24179.55078125,24187.19921875,0
2026-07-29 09:33:00+05:30,24187.05078125,24193.44921875,24184.80078125,24190.44921875,0
2026-07-29 09:34:00+05:30,24189.44921875,24191.80078125,24181.80078125,24187.94921875,0
2026-07-29 09:35:00+05:30,24188.150390625,24194.55078125,24187.400390625,24192.099609375,0
2026-07-29 09:36:00+05:30,24192.94921875,24195.5,24186.94921875,24187.30078125,0
2026-07-29 09:37:00+05:30,24187.150390625,24198.05078125,24185.94921875,24194.30078125,0
2026-07-29 09:38:00+05:30,24194.55078125,24200.94921875,24192.150390625,24196.0,0
2026-07-29 09:39:00+05:30,24196.19921875,24210.75,24195.150390625,24208.30078125,0
2026-07-29 09:40:00+05:30,24208.5,24217.650390625,24208.5,24215.30078125,0
2026-07-29 09:41:00+05:30,24215.94921875,24217.55078125,24203.75,24204.900390625,0
2026-07-29 09:42:00+05:30,24204.75,24206.0,24199.05078125,24202.900390625,0
2026-07-29 09:43:00+05:30,24203.349609375,24207.80078125,24203.349609375,24204.599609375,0
2026-07-29 09:44:00+05:30,24204.69921875,24214.94921875,24204.69921875,24212.19921875,0
2026-07-29 09:45:00+05:30,24211.849609375,24213.349609375,24205.650390625,24207.650390625,0
2026-07-29 09:46:00+05:30,24206.849609375,24209.400390625,24204.0,24208.099609375,0
2026-07-29 09:47:00+05:30,24208.69921875,24213.599609375,24207.400390625,24212.650390625,0
2026-07-29 09:48:00+05:30,24212.05078125,24214.25,24208.25,24210.30078125,0
2026-07-29 09:49:00+05:30,24211.25,24218.400390625,24208.849609375,24218.0,0
2026-07-29 09:50:00+05:30,24217.94921875,24221.599609375,24209.25,24210.05078125,0
2026-07-29 09:51:00+05:30,24209.849609375,24211.19921875,24203.25,24204.0,0
2026-07-29 09:52:00+05:30,24201.5,24204.80078125,24198.75,24203.099609375,0
2026-07-29 09:53:00+05:30,24201.099609375,24207.19921875,24197.19921875,24206.19921875,0
2026-07-29 09:54:00+05:30,24207.900390625,24210.0,24200.44921875,24204.94921875,0
2026-07-29 09:55:00+05:30,24205.55078125,24209.0,24201.44921875,24201.44921875,0
2026-07-29 09:56:00+05:30,24201.349609375,24202.94921875,24199.5,24202.05078125,0
2026-07-29 09:57:00+05:30,24201.94921875,24203.650390625,24194.900390625,24194.94921875,0
2026-07-29 09:58:00+05:30,24195.30078125,24196.94921875,24190.80078125,24191.900390625,0
2026-07-29 09:59:00+05:30,24192.0,24192.55078125,24184.94921875,24187.650390625,0
2026-07-29 10:00:00+05:30,24186.30078125,24198.5,24186.30078125,24198.25,0
2026-07-29 10:01:00+05:30,24198.099609375,24201.900390625,24198.099609375,24201.0,0
2026-07-29 10:02:00+05:30,24200.94921875,24203.150390625,24195.19921875,24199.0,0
2026-07-29 10:03:00+05:30,24198.150390625,24204.5,24197.75,24202.349609375,0
2026-07-29 10:04:00+05:30,24202.69921875,24207.0,24202.69921875,24204.650390625,0
2026-07-29 10:05:00+05:30,24204.400390625,24210.75,24203.900390625,24208.80078125,0
2026-07-29 10:06:00+05:30,24208.400390625,24215.30078125,24208.400390625,24212.25,0
2026-07-29 10:07:00+05:30,24212.150390625,24220.44921875,24212.150390625,24218.25,0
2026-07-29 10:08:00+05:30,24218.30078125,24223.349609375,24218.30078125,24221.650390625,0
2026-07-29 10:09:00+05:30,24222.05078125,24223.400390625,24219.05078125,24220.599609375,0
2026-07-29 10:10:00+05:30,24219.650390625,24223.55078125,24216.94921875,24218.44921875,0
2026-07-29 10:11:00+05:30,24218.349609375,24220.150390625,24213.099609375,24217.0,0
2026-07-29 10:12:00+05:30,24216.69921875,24223.75,24216.349609375,24220.0,0
2026-07-29 10:13:00+05:30,24220.0,24221.30078125,24215.599609375,24218.849609375,0
2026-07-29 10:14:00+05:30,24218.5,24222.25,24216.80078125,24221.30078125,0
2026-07-29 10:15:00+05:30,24220.900390625,24222.75,24214.0,24217.349609375,0
2026-07-29 10:16:00+05:30,24218.25,24228.400390625,24218.25,24226.5,0
2026-07-29 10:17:00+05:30,24226.44921875,24229.099609375,24225.25,24225.80078125,0
2026-07-29 10:18:00+05:30,24226.55078125,24228.400390625,24222.75,24225.75,0
2026-07-29 10:19:00+05:30,24225.94921875,24227.80078125,24220.05078125,24220.05078125,0
2026-07-29 10:20:00+05:30,24219.55078125,24226.150390625,24219.55078125,24225.80078125,0
2026-07-29 10:21:00+05:30,24225.25,24229.80078125,24224.75,24229.69921875,0
2026-07-29 10:22:00+05:30,24229.55078125,24232.69921875,24226.94921875,24227.849609375,0
2026-07-29 10:23:00+05:30,24228.19921875,24231.94921875,24225.80078125,24226.55078125,0
2026-07-29 10:24:00+05:30,24226.94921875,24230.75,24223.25,24228.900390625,0
2026-07-29 10:25:00+05:30,24231.30078125,24232.5,24228.650390625,24230.75,0
2026-07-29 10:26:00+05:30,24230.30078125,24232.94921875,24229.400390625,24232.25,0
2026-07-29 10:27:00+05:30,24232.0,24235.349609375,24231.099609375,24233.69921875,0
2026-07-29 10:28:00+05:30,24233.150390625,24234.75,24230.30078125,24232.80078125,0
2026-07-29 10:29:00+05:30,24231.44921875,24234.25,24224.80078125,24225.30078125,0
2026-07-29 10:30:00+05:30,24224.75,24231.099609375,24222.80078125,24222.80078125,0
2026-07-29 10:31:00+05:30,24223.0,24227.5,24222.30078125,24226.0,0
2026-07-29 10:32:00+05:30,24225.75,24227.44921875,24221.75,24225.599609375,0
2026-07-29 10:33:00+05:30,24225.349609375,24232.599609375,24224.44921875,24228.55078125,0
2026-07-29 10:34:00+05:30,24228.19921875,24236.55078125,24228.19921875,24234.19921875,0
2026-07-29 10:35:00+05:30,24234.150390625,24237.19921875,24229.30078125,24232.0,0
2026-07-29 10:36:00+05:30,24231.94921875,24238.30078125,24231.94921875,24235.349609375,0
2026-07-29 10:37:00+05:30,24234.69921875,24237.599609375,24230.69921875,24231.650390625,0
2026-07-29 10:38:00+05:30,24232.099609375,24235.19921875,24231.099609375,24232.55078125,0
2026-07-29 10:39:00+05:30,24232.94921875,24234.25,24230.94921875,24231.150390625,0
2026-07-29 10:40:00+05:30,24230.69921875,24237.30078125,24230.69921875,24237.05078125,0
2026-07-29 10:41:00+05:30,24236.44921875,24238.349609375,24234.599609375,24236.05078125,0
2026-07-29 10:42:00+05:30,24235.849609375,24238.19921875,24232.900390625,24234.25,0
2026-07-29 10:43:00+05:30,24235.099609375,24236.650390625,24230.19921875,24232.400390625,0
2026-07-29 10:44:00+05:30,24232.849609375,24235.75,24231.0,24233.80078125,0
2026-07-29 10:45:00+05:30,24233.69921875,24234.05078125,24224.94921875,24226.75,0
2026-07-29 10:46:00+05:30,24226.30078125,24231.80078125,24225.400390625,24227.25,0
2026-07-29 10:47:00+05:30,24226.69921875,24228.849609375,24219.5,24219.94921875,0
2026-07-29 10:48:00+05:30,24220.400390625,24221.099609375,24213.400390625,24215.900390625,0
2026-07-29 10:49:00+05:30,24216.150390625,24220.44921875,24215.55078125,24219.94921875,0
2026-07-29 10:50:00+05:30,24219.5,24221.599609375,24217.75,24220.19921875,0
2026-07-29 10:51:00+05:30,24220.099609375,24221.849609375,24218.150390625,24219.30078125,0
2026-07-29 10:52:00+05:30,24219.44921875,24221.400390625,24214.30078125,24216.80078125,0
2026-07-29 10:53:00+05:30,24216.69921875,24217.900390625,24214.25,24216.599609375,0
2026-07-29 10:54:00+05:30,24216.30078125,24219.400390625,24215.55078125,24217.80078125,0
2026-07-29 10:55:00+05:30,24218.400390625,24225.349609375,24218.30078125,24223.25,0
2026-07-29 10:56:00+05:30,24222.849609375,24225.650390625,24220.5,24223.900390625,0
2026-07-29 10:57:00+05:30,24224.94921875,24226.30078125,24218.69921875,24220.19921875,0
2026-07-29 10:58:00+05:30,24220.30078125,24223.5,24219.19921875,24221.80078125,0
2026-07-29 10:59:00+05:30,24222.05078125,24223.900390625,24219.55078125,24220.80078125,0
2026-07-29 11:00:00+05:30,24221.19921875,24222.650390625,24215.25,24216.55078125,0
2026-07-29 11:01:00+05:30,24217.599609375,24224.94921875,24217.599609375,24224.69921875,0
2026-07-29 11:02:00+05:30,24224.400390625,24228.69921875,24224.400390625,24225.599609375,0
2026-07-29 11:03:00+05:30,24225.44921875,24231.25,24225.099609375,24229.650390625,0
2026-07-29 11:04:00+05:30,24229.94921875,24234.099609375,24229.94921875,24232.55078125,0
2026-07-29 11:05:00+05:30,24232.349609375,24235.5,24230.849609375,24232.05078125,0
2026-07-29 11:06:00+05:30,24232.650390625,24238.849609375,24232.55078125,24235.650390625,0
2026-07-29 11:07:00+05:30,24236.44921875,24243.0,24235.849609375,24240.30078125,0
2026-07-29 11:08:00+05:30,24239.150390625,24243.849609375,24238.099609375,24241.19921875,0
2026-07-29 11:09:00+05:30,24241.650390625,24243.349609375,24237.69921875,24238.650390625,0
2026-07-29 11:10:00+05:30,24238.75,24241.599609375,24232.19921875,24232.69921875,0
2026-07-29 11:11:00+05:30,24232.849609375,24234.69921875,24229.19921875,24233.30078125,0
2026-07-29 11:12:00+05:30,24234.0,24236.80078125,24232.55078125,24234.75,0
2026-07-29 11:13:00+05:30,24234.94921875,24239.150390625,24234.94921875,24238.05078125,0
2026-07-29 11:14:00+05:30,24237.44921875,24239.400390625,24232.349609375,24233.69921875,0
2026-07-29 11:15:00+05:30,24233.30078125,24235.05078125,24228.05078125,24229.05078125,0
2026-07-29 11:16:00+05:30,24229.05078125,24231.0,24225.400390625,24226.69921875,0
2026-07-29 11:17:00+05:30,24226.30078125,24228.30078125,24224.25,24224.69921875,0
2026-07-29 11:18:00+05:30,24224.55078125,24232.75,24223.349609375,24229.099609375,0
2026-07-29 11:19:00+05:30,24229.55078125,24234.400390625,24227.650390625,24231.099609375,0
2026-07-29 11:20:00+05:30,24230.19921875,24234.30078125,24228.099609375,24231.75,0
2026-07-29 11:21:00+05:30,24231.25,24235.599609375,24229.94921875,24231.69921875,0
2026-07-29 11:22:00+05:30,24231.55078125,24235.30078125,24229.19921875,24230.80078125,0
2026-07-29 11:23:00+05:30,24231.19921875,24238.69921875,24230.349609375,24236.599609375,0
2026-07-29 11:24:00+05:30,24237.099609375,24241.349609375,24236.25,24236.599609375,0
2026-07-29 11:25:00+05:30,24237.05078125,24239.0,24233.55078125,24234.05078125,0
2026-07-29 11:26:00+05:30,24235.05078125,24241.099609375,24234.349609375,24235.94921875,0
2026-07-29 11:27:00+05:30,24236.650390625,24239.55078125,24234.599609375,24235.849609375,0
2026-07-29 11:28:00+05:30,24236.0,24238.19921875,24232.900390625,24234.0,0
2026-07-29 11:29:00+05:30,24234.69921875,24238.05078125,24232.400390625,24232.55078125,0
2026-07-29 11:30:00+05:30,24232.150390625,24235.69921875,24230.650390625,24232.599609375,0
2026-07-29 11:31:00+05:30,24232.349609375,24236.80078125,24229.80078125,24230.849609375,0
2026-07-29 11:32:00+05:30,24231.150390625,24237.099609375,24231.150390625,24233.5,0
2026-07-29 11:33:00+05:30,24234.849609375,24236.94921875,24229.80078125,24229.80078125,0
2026-07-29 11:34:00+05:30,24230.349609375,24232.75,24228.5,24229.30078125,0
2026-07-29 11:35:00+05:30,24229.80078125,24231.099609375,24223.19921875,24224.0,0
2026-07-29 11:36:00+05:30,24224.69921875,24227.25,24218.75,24225.30078125,0
2026-07-29 11:37:00+05:30,24225.55078125,24227.05078125,24222.400390625,24226.150390625,0
2026-07-29 11:38:00+05:30,24225.400390625,24228.05078125,24223.849609375,24224.650390625,0
2026-07-29 11:39:00+05:30,24225.900390625,24227.0,24220.150390625,24221.349609375,0
2026-07-29 11:40:00+05:30,24221.849609375,24226.849609375,24221.55078125,24222.650390625,0
2026-07-29 11:41:00+05:30,24222.650390625,24226.5,24221.30078125,24223.650390625,0
2026-07-29 11:42:00+05:30,24224.599609375,24228.94921875,24224.19921875,24226.25,0
2026-07-29 11:43:00+05:30,24226.25,24233.75,24225.44921875,24230.94921875,0
2026-07-29 11:44:00+05:30,24231.5,24235.19921875,24229.25,24232.25,0
2026-07-29 11:45:00+05:30,24232.5,24234.900390625,24231.25,24232.05078125,0
2026-07-29 11:46:00+05:30,24232.099609375,24236.349609375,24227.900390625,24228.25,0
2026-07-29 11:47:00+05:30,24228.80078125,24236.05078125,24227.80078125,24233.94921875,0
2026-07-29 11:48:00+05:30,24233.5,24237.150390625,24232.5,24234.55078125,0
2026-07-29 11:49:00+05:30,24234.94921875,24240.349609375,24231.55078125,24231.80078125,0
2026-07-29 11:50:00+05:30,24231.900390625,24233.5,24228.75,24229.900390625,0
2026-07-29 11:51:00+05:30,24230.19921875,24232.25,24226.94921875,24226.94921875,0
2026-07-29 11:52:00+05:30,24227.30078125,24231.44921875,24226.69921875,24226.94921875,0
2026-07-29 11:53:00+05:30,24227.849609375,24230.19921875,24223.900390625,24228.0,0
2026-07-29 11:54:00+05:30,24227.55078125,24232.25,24227.44921875,24228.94921875,0
2026-07-29 11:55:00+05:30,24229.19921875,24231.099609375,24221.650390625,24223.400390625,0
2026-07-29 11:56:00+05:30,24224.150390625,24226.849609375,24221.349609375,24222.75,0
2026-07-29 11:57:00+05:30,24222.5,24225.849609375,24220.94921875,24221.5,0
2026-07-29 11:58:00+05:30,24222.25,24226.75,24219.80078125,24224.05078125,0
2026-07-29 11:59:00+05:30,24225.349609375,24229.5,24224.0,24225.650390625,0
2026-07-29 12:00:00+05:30,24225.849609375,24229.25,24224.849609375,24225.75,0
2026-07-29 12:01:00+05:30,24226.19921875,24227.849609375,24223.25,24223.400390625,0
2026-07-29 12:02:00+05:30,24223.5,24230.75,24223.5,24230.0,0
2026-07-29 12:03:00+05:30,24229.400390625,24232.44921875,24228.150390625,24229.75,0
2026-07-29 12:04:00+05:30,24230.69921875,24231.75,24228.69921875,24230.19921875,0
2026-07-29 12:05:00+05:30,24230.349609375,24233.599609375,24229.44921875,24230.900390625,0
2026-07-29 12:06:00+05:30,24230.80078125,24234.150390625,24229.55078125,24232.19921875,0
2026-07-29 12:07:00+05:30,24232.099609375,24234.0,24229.650390625,24230.599609375,0
2026-07-29 12:08:00+05:30,24230.599609375,24238.349609375,24230.599609375,24238.349609375,0
2026-07-29 12:09:00+05:30,24237.900390625,24247.44921875,24237.05078125,24244.69921875,0
2026-07-29 12:10:00+05:30,24244.05078125,24246.150390625,24239.05078125,24240.44921875,0
2026-07-29 12:11:00+05:30,24240.44921875,24243.849609375,24240.44921875,24241.349609375,0
2026-07-29 12:12:00+05:30,24241.650390625,24242.55078125,24236.19921875,24239.150390625,0
2026-07-29 12:13:00+05:30,24238.75,24241.69921875,24238.55078125,24240.099609375,0
2026-07-29 12:14:00+05:30,24240.19921875,24241.5,24238.19921875,24238.44921875,0
2026-07-29 12:15:00+05:30,24238.80078125,24240.400390625,24231.400390625,24232.44921875,0
2026-07-29 12:16:00+05:30,24232.5,24235.19921875,24230.05078125,24230.900390625,0
2026-07-29 12:17:00+05:30,24230.900390625,24233.05078125,24227.150390625,24228.19921875,0
2026-07-29 12:18:00+05:30,24228.0,24232.0,24227.0,24230.30078125,0
2026-07-29 12:19:00+05:30,24230.349609375,24232.150390625,24227.099609375,24228.25,0
2026-07-29 12:20:00+05:30,24229.05078125,24233.44921875,24228.150390625,24232.19921875,0
2026-07-29 12:21:00+05:30,24232.05078125,24234.55078125,24226.94921875,24231.75,0
2026-07-29 12:22:00+05:30,24231.400390625,24232.69921875,24225.400390625,24228.69921875,0
2026-07-29 12:23:00+05:30,24229.0,24231.05078125,24227.80078125,24229.150390625,0
2026-07-29 12:24:00+05:30,24228.69921875,24230.75,24226.69921875,24227.400390625,0
2026-07-29 12:25:00+05:30,24228.05078125,24229.55078125,24224.900390625,24225.75,0
2026-07-29 12:26:00+05:30,24225.5,24227.94921875,24224.75,24225.599609375,0
2026-07-29 12:27:00+05:30,24225.5,24227.44921875,24222.599609375,24223.69921875,0
2026-07-29 12:28:00+05:30,24223.650390625,24226.94921875,24222.69921875,24223.900390625,0
2026-07-29 12:29:00+05:30,24223.19921875,24225.44921875,24219.69921875,24221.5,0
2026-07-29 12:30:00+05:30,24222.099609375,24228.55078125,24222.099609375,24224.400390625,0
2026-07-29 12:31:00+05:30,24225.0,24226.650390625,24221.05078125,24223.099609375,0
2026-07-29 12:32:00+05:30,24223.44921875,24226.099609375,24221.650390625,24223.849609375,0
2026-07-29 12:33:00+05:30,24223.349609375,24227.55078125,24222.849609375,24226.400390625,0
2026-07-29 12:34:00+05:30,24225.75,24233.0,24225.30078125,24231.30078125,0
2026-07-29 12:35:00+05:30,24232.05078125,24234.94921875,24226.5,24227.94921875,0
2026-07-29 12:36:00+05:30,24228.150390625,24231.5,24226.44921875,24229.849609375,0
2026-07-29 12:37:00+05:30,24229.349609375,24231.5,24227.94921875,24229.69921875,0
2026-07-29 12:38:00+05:30,24230.150390625,24231.75,24227.30078125,24228.80078125,0
2026-07-29 12:39:00+05:30,24229.25,24231.150390625,24225.650390625,24228.05078125,0
2026-07-29 12:40:00+05:30,24228.05078125,24232.0,24225.19921875,24227.80078125,0
2026-07-29 12:41:00+05:30,24228.30078125,24232.44921875,24227.599609375,24227.69921875,0
2026-07-29 12:42:00+05:30,24228.099609375,24230.44921875,24225.599609375,24228.5,0
2026-07-29 12:43:00+05:30,24229.150390625,24229.650390625,24220.900390625,24222.349609375,0
2026-07-29 12:44:00+05:30,24222.25,24224.849609375,24218.900390625,24220.80078125,0
2026-07-29 12:45:00+05:30,24221.44921875,24224.69921875,24218.849609375,24219.599609375,0
2026-07-29 12:46:00+05:30,24220.5,24224.099609375,24219.75,24220.55078125,0
2026-07-29 12:47:00+05:30,24220.80078125,24224.94921875,24220.150390625,24223.099609375,0
2026-07-29 12:48:00+05:30,24223.80078125,24225.150390625,24217.0,24218.650390625,0
2026-07-29 12:49:00+05:30,24218.75,24219.75,24210.599609375,24210.650390625,0
2026-07-29 12:50:00+05:30,24211.05078125,24217.849609375,24209.94921875,24216.849609375,0
2026-07-29 12:51:00+05:30,24216.44921875,24218.349609375,24210.849609375,24213.5,0
2026-07-29 12:52:00+05:30,24214.150390625,24222.599609375,24214.150390625,24221.25,0
2026-07-29 12:53:00+05:30,24221.75,24226.69921875,24219.650390625,24224.69921875,0
2026-07-29 12:54:00+05:30,24224.599609375,24229.150390625,24223.75,24227.099609375,0
2026-07-29 12:55:00+05:30,24227.400390625,24228.80078125,24224.25,24227.099609375,0
2026-07-29 12:56:00+05:30,24227.900390625,24229.94921875,24222.150390625,24226.30078125,0
2026-07-29 12:57:00+05:30,24227.0,24230.44921875,24225.5,24229.150390625,0
2026-07-29 12:58:00+05:30,24229.94921875,24231.44921875,24226.30078125,24227.05078125,0
2026-07-29 12:59:00+05:30,24226.80078125,24230.44921875,24226.05078125,24228.75,0
2026-07-29 13:00:00+05:30,24228.849609375,24232.599609375,24228.650390625,24230.400390625,0
2026-07-29 13:01:00+05:30,24229.900390625,24238.25,24229.900390625,24236.150390625,0
2026-07-29 13:02:00+05:30,24237.0,24237.900390625,24232.94921875,24236.30078125,0
2026-07-29 13:03:00+05:30,24235.75,24239.150390625,24234.75,24238.5,0
2026-07-29 13:04:00+05:30,24238.400390625,24240.849609375,24235.19921875,24235.900390625,0
2026-07-29 13:05:00+05:30,24236.30078125,24243.5,24236.30078125,24239.80078125,0
2026-07-29 13:06:00+05:30,24239.44921875,24245.69921875,24238.69921875,24243.650390625,0
2026-07-29 13:07:00+05:30,24243.80078125,24255.25,24243.80078125,24246.900390625,0
2026-07-29 13:08:00+05:30,24247.400390625,24252.30078125,24243.75,24251.25,0
2026-07-29 13:09:00+05:30,24251.5,24254.5,24247.900390625,24252.25,0
2026-07-29 13:10:00+05:30,24253.05078125,24257.849609375,24253.05078125,24255.44921875,0
2026-07-29 13:11:00+05:30,24255.75,24259.19921875,24253.94921875,24255.349609375,0
2026-07-29 13:12:00+05:30,24256.400390625,24258.94921875,24253.44921875,24255.25,0
2026-07-29 13:13:00+05:30,24255.25,24257.80078125,24252.650390625,24254.94921875,0
2026-07-29 13:14:00+05:30,24254.80078125,24261.349609375,24253.849609375,24257.55078125,0
2026-07-29 13:15:00+05:30,24257.400390625,24259.900390625,24254.55078125,24257.150390625,0
2026-07-29 13:16:00+05:30,24258.30078125,24259.5,24248.5,24250.05078125,0
2026-07-29 13:17:00+05:30,24250.900390625,24254.19921875,24248.80078125,24252.75,0
2026-07-29 13:18:00+05:30,24252.55078125,24253.849609375,24248.5,24251.5,0
2026-07-29 13:19:00+05:30,24251.599609375,24256.55078125,24250.900390625,24254.55078125,0
2026-07-29 13:20:00+05:30,24254.25,24255.150390625,24250.80078125,24253.0,0
2026-07-29 13:21:00+05:30,24252.349609375,24254.55078125,24249.650390625,24249.650390625,0
2026-07-29 13:22:00+05:30,24250.0,24251.94921875,24248.400390625,24249.099609375,0
2026-07-29 13:23:00+05:30,24249.099609375,24253.94921875,24248.69921875,24250.150390625,0
2026-07-29 13:24:00+05:30,24250.55078125,24252.0,24245.80078125,24246.5,0
2026-07-29 13:25:00+05:30,24247.05078125,24249.900390625,24244.55078125,24249.5,0
2026-07-29 13:26:00+05:30,24249.25,24253.099609375,24248.05078125,24250.900390625,0
2026-07-29 13:27:00+05:30,24250.650390625,24251.849609375,24248.44921875,24249.94921875,0
2026-07-29 13:28:00+05:30,24249.900390625,24254.19921875,24246.19921875,24249.05078125,0
2026-07-29 13:29:00+05:30,24248.900390625,24250.400390625,24245.599609375,24245.80078125,0
2026-07-29 13:30:00+05:30,24245.75,24249.400390625,24245.0,24247.099609375,0
2026-07-29 13:31:00+05:30,24247.099609375,24253.69921875,24246.80078125,24250.44921875,0
2026-07-29 13:32:00+05:30,24250.400390625,24252.25,24249.150390625,24251.400390625,0
2026-07-29 13:33:00+05:30,24251.69921875,24252.75,24248.55078125,24250.69921875,0
2026-07-29 13:34:00+05:30,24250.599609375,24256.69921875,24249.349609375,24255.0,0
2026-07-29 13:35:00+05:30,24255.099609375,24256.849609375,24248.30078125,24249.55078125,0
2026-07-29 13:36:00+05:30,24249.30078125,24252.650390625,24248.55078125,24250.94921875,0
2026-07-29 13:37:00+05:30,24251.05078125,24252.94921875,24249.0,24249.0,0
2026-07-29 13:38:00+05:30,24250.30078125,24252.599609375,24246.349609375,24248.5,0
2026-07-29 13:39:00+05:30,24248.650390625,24249.25,24243.349609375,24245.150390625,0
2026-07-29 13:40:00+05:30,24245.44921875,24246.30078125,24241.75,24244.55078125,0
2026-07-29 13:41:00+05:30,24244.19921875,24251.69921875,24244.19921875,24248.650390625,0
2026-07-29 13:42:00+05:30,24249.150390625,24251.099609375,24239.19921875,24240.099609375,0
2026-07-29 13:43:00+05:30,24239.849609375,24242.05078125,24236.0,24240.650390625,0
2026-07-29 13:44:00+05:30,24240.349609375,24244.0,24236.55078125,24238.400390625,0
2026-07-29 13:45:00+05:30,24236.19921875,24242.349609375,24235.650390625,24241.44921875,0
2026-07-29 13:46:00+05:30,24241.55078125,24251.349609375,24241.55078125,24250.75,0
2026-07-29 13:47:00+05:30,24250.849609375,24253.30078125,24249.80078125,24252.19921875,0
2026-07-29 13:48:00+05:30,24251.80078125,24257.5,24251.80078125,24254.0,0
2026-07-29 13:49:00+05:30,24253.849609375,24254.599609375,24246.099609375,24246.19921875,0
2026-07-29 13:50:00+05:30,24245.849609375,24250.599609375,24245.849609375,24249.599609375,0
2026-07-29 13:51:00+05:30,24250.400390625,24251.900390625,24246.599609375,24247.75,0
2026-07-29 13:52:00+05:30,24247.05078125,24251.05078125,24245.349609375,24248.94921875,0
2026-07-29 13:53:00+05:30,24249.650390625,24259.25,24248.400390625,24258.650390625,0
2026-07-29 13:54:00+05:30,24257.94921875,24259.94921875,24254.0,24258.25,0
2026-07-29 13:55:00+05:30,24256.75,24258.44921875,24255.55078125,24258.150390625,0
2026-07-29 13:56:00+05:30,24257.75,24259.099609375,24251.94921875,24255.650390625,0
2026-07-29 13:57:00+05:30,24256.0,24257.099609375,24251.75,24252.75,0
2026-07-29 13:58:00+05:30,24253.25,24255.75,24251.05078125,24251.849609375,0
2026-07-29 13:59:00+05:30,24252.099609375,24253.44921875,24249.650390625,24250.5,0
2026-07-29 14:00:00+05:30,24249.75,24255.55078125,24249.75,24255.25,0
2026-07-29 14:01:00+05:30,24256.19921875,24266.44921875,24255.94921875,24265.05078125,0
2026-07-29 14:02:00+05:30,24264.69921875,24267.55078125,24260.69921875,24265.75,0
2026-07-29 14:03:00+05:30,24265.599609375,24269.44921875,24262.0,24267.75,0
2026-07-29 14:04:00+05:30,24268.5,24271.150390625,24266.400390625,24267.099609375,0
2026-07-29 14:05:00+05:30,24269.150390625,24271.099609375,24266.75,24270.0,0
2026-07-29 14:06:00+05:30,24269.900390625,24271.599609375,24266.44921875,24268.099609375,0
2026-07-29 14:07:00+05:30,24267.94921875,24270.69921875,24258.099609375,24260.5,0
2026-07-29 14:08:00+05:30,24260.349609375,24263.55078125,24260.349609375,24263.55078125,0
2026-07-29 14:09:00+05:30,24263.05078125,24265.400390625,24261.44921875,24263.849609375,0
2026-07-29 14:10:00+05:30,24263.599609375,24268.150390625,24263.05078125,24266.599609375,0
2026-07-29 14:11:00+05:30,24266.400390625,24271.69921875,24265.900390625,24270.05078125,0
2026-07-29 14:12:00+05:30,24269.75,24271.099609375,24266.44921875,24268.5,0
2026-07-29 14:13:00+05:30,24268.150390625,24269.099609375,24261.150390625,24264.599609375,0
2026-07-29 14:14:00+05:30,24264.19921875,24265.94921875,24262.30078125,24263.80078125,0
2026-07-29 14:15:00+05:30,24263.80078125,24271.0,24263.30078125,24269.80078125,0
2026-07-29 14:16:00+05:30,24269.94921875,24273.5,24267.05078125,24270.25,0
2026-07-29 14:17:00+05:30,24270.69921875,24273.400390625,24268.80078125,24272.150390625,0
2026-07-29 14:18:00+05:30,24272.5,24276.05078125,24271.599609375,24275.05078125,0
2026-07-29 14:19:00+05:30,24275.44921875,24277.69921875,24271.69921875,24274.099609375,0
2026-07-29 14:20:00+05:30,24274.19921875,24275.75,24271.80078125,24272.94921875,0
2026-07-29 14:21:00+05:30,24272.55078125,24275.5,24271.099609375,24272.80078125,0
2026-07-29 14:22:00+05:30,24272.55078125,24277.44921875,24271.80078125,24276.150390625,0
2026-07-29 14:23:00+05:30,24276.25,24278.05078125,24267.349609375,24268.849609375,0
2026-07-29 14:24:00+05:30,24268.599609375,24271.150390625,24266.30078125,24270.05078125,0
2026-07-29 14:25:00+05:30,24269.94921875,24271.94921875,24267.400390625,24269.5,0
2026-07-29 14:26:00+05:30,24269.55078125,24272.05078125,24266.05078125,24268.0,0
2026-07-29 14:27:00+05:30,24268.150390625,24270.44921875,24263.400390625,24267.849609375,0
2026-07-29 14:28:00+05:30,24267.75,24274.75,24265.599609375,24272.5,0
2026-07-29 14:29:00+05:30,24272.349609375,24273.30078125,24269.05078125,24272.650390625,0
2026-07-29 14:30:00+05:30,24272.099609375,24278.69921875,24272.099609375,24277.0,0
2026-07-29 14:31:00+05:30,24276.55078125,24279.0,24274.80078125,24275.0,0
2026-07-29 14:32:00+05:30,24275.30078125,24276.400390625,24270.80078125,24270.900390625,0
2026-07-29 14:33:00+05:30,24270.849609375,24275.55078125,24267.099609375,24274.5,0
2026-07-29 14:34:00+05:30,24273.05078125,24275.0,24268.44921875,24270.150390625,0
2026-07-29 14:35:00+05:30,24270.150390625,24271.5,24265.150390625,24267.150390625,0
2026-07-29 14:36:00+05:30,24266.80078125,24269.55078125,24262.55078125,24265.0,0
2026-07-29 14:37:00+05:30,24265.30078125,24265.94921875,24260.05078125,24263.099609375,0
2026-07-29 14:38:00+05:30,24263.75,24264.599609375,24259.55078125,24260.69921875,0
2026-07-29 14:39:00+05:30,24261.55078125,24265.349609375,24259.80078125,24263.349609375,0
2026-07-29 14:40:00+05:30,24263.599609375,24266.099609375,24260.80078125,24262.849609375,0
2026-07-29 14:41:00+05:30,24263.05078125,24264.25,24260.349609375,24260.94921875,0
2026-07-29 14:42:00+05:30,24260.69921875,24264.55078125,24257.900390625,24258.44921875,0
2026-07-29 14:43:00+05:30,24257.900390625,24259.849609375,24253.650390625,24254.900390625,0
2026-07-29 14:44:00+05:30,24255.5,24261.25,24251.44921875,24259.599609375,0
2026-07-29 14:45:00+05:30,24259.650390625,24265.25,24259.650390625,24263.80078125,0
2026-07-29 14:46:00+05:30,24264.099609375,24268.900390625,24262.150390625,24268.900390625,0
2026-07-29 14:47:00+05:30,24267.5,24273.69921875,24266.0,24271.69921875,0
2026-07-29 14:48:00+05:30,24271.25,24277.25,24271.25,24273.80078125,0
2026-07-29 14:49:00+05:30,24274.05078125,24274.30078125,24265.849609375,24267.19921875,0
2026-07-29 14:50:00+05:30,24267.05078125,24268.400390625,24262.25,24265.0,0
2026-07-29 14:51:00+05:30,24266.849609375,24271.94921875,24264.599609375,24270.599609375,0
2026-07-29 14:52:00+05:30,24270.19921875,24272.400390625,24269.80078125,24270.900390625,0
2026-07-29 14:53:00+05:30,24270.349609375,24272.849609375,24269.75,24272.30078125,0
2026-07-29 14:54:00+05:30,24271.69921875,24274.0,24270.0,24273.30078125,0
2026-07-29 14:55:00+05:30,24272.75,24278.44921875,24271.849609375,24277.650390625,0
2026-07-29 14:56:00+05:30,24277.05078125,24280.349609375,24275.849609375,24277.849609375,0
2026-07-29 14:57:00+05:30,24277.75,24283.0,24277.44921875,24281.150390625,0
2026-07-29 14:58:00+05:30,24281.25,24282.44921875,24272.55078125,24275.30078125,0
2026-07-29 14:59:00+05:30,24274.55078125,24275.900390625,24271.44921875,24272.5,0
2026-07-29 15:00:00+05:30,24274.400390625,24278.55078125,24267.94921875,24269.25,0
2026-07-29 15:01:00+05:30,24270.44921875,24271.69921875,24267.05078125,24269.0,0
2026-07-29 15:02:00+05:30,24269.599609375,24270.55078125,24266.650390625,24269.44921875,0
2026-07-29 15:03:00+05:30,24271.099609375,24271.44921875,24265.599609375,24266.599609375,0
2026-07-29 15:04:00+05:30,24267.099609375,24267.19921875,24260.900390625,24262.5,0
2026-07-29 15:05:00+05:30,24263.05078125,24263.05078125,24257.05078125,24257.80078125,0
2026-07-29 15:06:00+05:30,24258.599609375,24258.69921875,24253.44921875,24253.900390625,0
2026-07-29 15:07:00+05:30,24254.650390625,24255.75,24251.599609375,24253.69921875,0
2026-07-29 15:08:00+05:30,24254.099609375,24259.75,24251.94921875,24259.75,0
2026-07-29 15:09:00+05:30,24260.05078125,24261.5,24257.30078125,24258.94921875,0
2026-07-29 15:10:00+05:30,24259.400390625,24260.44921875,24255.75,24257.05078125,0
2026-07-29 15:11:00+05:30,24257.44921875,24260.849609375,24255.30078125,24259.05078125,0
2026-07-29 15:12:00+05:30,24259.44921875,24261.900390625,24254.849609375,24255.650390625,0
2026-07-29 15:13:00+05:30,24256.849609375,24259.44921875,24254.0,24255.19921875,0
2026-07-29 15:14:00+05:30,24255.400390625,24256.19921875,24249.69921875,24252.0,0
2026-07-29 15:15:00+05:30,24251.44921875,24251.900390625,24247.099609375,24249.0,0
2026-07-29 15:16:00+05:30,24249.05078125,24250.650390625,24246.400390625,24249.099609375,0
2026-07-29 15:17:00+05:30,24249.349609375,24250.150390625,24242.849609375,24246.099609375,0
2026-07-29 15:18:00+05:30,24246.55078125,24246.849609375,24239.19921875,24240.69921875,0
2026-07-29 15:19:00+05:30,24241.55078125,24242.650390625,24238.75,24241.75,0
2026-07-29 15:20:00+05:30,24243.55078125,24244.599609375,24238.80078125,24244.599609375,0
2026-07-29 15:21:00+05:30,24244.400390625,24246.400390625,24241.44921875,24245.849609375,0
2026-07-29 15:22:00+05:30,24246.900390625,24247.099609375,24239.0,24241.94921875,0
2026-07-29 15:23:00+05:30,24243.099609375,24244.75,24239.19921875,24241.05078125,0
2026-07-29 15:24:00+05:30,24242.05078125,24242.5,24234.75,24238.05078125,0
2026-07-29 15:25:00+05:30,24238.19921875,24241.349609375,24231.05078125,24237.150390625,0
2026-07-29 15:26:00+05:30,24236.849609375,24241.19921875,24235.80078125,24238.55078125,0
2026-07-29 15:27:00+05:30,24239.75,24240.30078125,24233.19921875,24238.75,0
2026-07-29 15:28:00+05:30,24240.849609375,24245.80078125,24237.099609375,24242.650390625,0
2026-07-29 15:29:00+05:30,24239.19921875,24244.94921875,24235.55078125,24242.0,0
2026-07-30 09:15:00+05:30,24250.400390625,24250.400390625,24190.0,24233.19921875,0
2026-07-30 09:16:00+05:30,24235.55078125,24235.69921875,24209.849609375,24221.30078125,0
2026-07-30 09:17:00+05:30,24222.150390625,24249.150390625,24219.80078125,24245.19921875,0
2026-07-30 09:18:00+05:30,24244.94921875,24263.94921875,24243.849609375,24262.5,0
2026-07-30 09:19:00+05:30,24264.400390625,24266.650390625,24255.900390625,24266.55078125,0
2026-07-30 09:20:00+05:30,24266.44921875,24271.849609375,24255.349609375,24271.849609375,0
2026-07-30 09:21:00+05:30,24271.150390625,24273.25,24263.69921875,24269.349609375,0
2026-07-30 09:22:00+05:30,24269.19921875,24271.900390625,24264.5,24270.599609375,0
2026-07-30 09:23:00+05:30,24271.150390625,24276.900390625,24269.5,24272.05078125,0
2026-07-30 09:24:00+05:30,24272.19921875,24278.05078125,24269.69921875,24273.0,0
2026-07-30 09:25:00+05:30,24273.05078125,24274.69921875,24268.55078125,24272.400390625,0
2026-07-30 09:26:00+05:30,24273.849609375,24280.25,24272.650390625,24277.099609375,0
2026-07-30 09:27:00+05:30,24277.150390625,24279.099609375,24272.25,24273.25,0
2026-07-30 09:28:00+05:30,24273.44921875,24278.44921875,24270.900390625,24274.349609375,0
2026-07-30 09:29:00+05:30,24275.849609375,24278.5,24273.099609375,24276.94921875,0
2026-07-30 09:30:00+05:30,24274.5,24280.19921875,24269.400390625,24272.349609375,0
2026-07-30 09:31:00+05:30,24272.80078125,24281.849609375,24271.5,24280.400390625,0
2026-07-30 09:32:00+05:30,24281.30078125,24287.25,24280.44921875,24282.80078125,0
2026-07-30 09:33:00+05:30,24283.55078125,24284.55078125,24268.75,24269.69921875,0
2026-07-30 09:34:00+05:30,24269.69921875,24277.349609375,24267.55078125,24274.400390625,0
2026-07-30 09:35:00+05:30,24275.0,24278.650390625,24269.05078125,24271.05078125,0
2026-07-30 09:36:00+05:30,24270.30078125,24274.44921875,24260.75,24260.75,0
2026-07-30 09:37:00+05:30,24261.400390625,24262.599609375,24256.25,24257.5,0
2026-07-30 09:38:00+05:30,24258.900390625,24260.30078125,24254.599609375,24258.30078125,0
2026-07-30 09:39:00+05:30,24258.94921875,24267.0,24258.25,24258.55078125,0
2026-07-30 09:40:00+05:30,24258.69921875,24258.80078125,24249.05078125,24250.69921875,0
2026-07-30 09:41:00+05:30,24251.150390625,24253.30078125,24245.80078125,24251.69921875,0
2026-07-30 09:42:00+05:30,24252.400390625,24257.0,24248.5,24251.75,0
2026-07-30 09:43:00+05:30,24253.19921875,24256.05078125,24249.55078125,24254.55078125,0
2026-07-30 09:44:00+05:30,24254.650390625,24261.650390625,24254.0,24256.25,0
2026-07-30 09:45:00+05:30,24257.25,24260.400390625,24250.05078125,24253.19921875,0
2026-07-30 09:46:00+05:30,24253.25,24277.44921875,24253.25,24277.05078125,0
2026-07-30 09:47:00+05:30,24278.400390625,24283.30078125,24270.599609375,24276.19921875,0
2026-07-30 09:48:00+05:30,24277.80078125,24280.349609375,24272.5,24272.5,0
2026-07-30 09:49:00+05:30,24271.900390625,24275.25,24267.099609375,24271.55078125,0
2026-07-30 09:50:00+05:30,24272.69921875,24281.349609375,24272.69921875,24278.900390625,0
2026-07-30 09:51:00+05:30,24280.150390625,24285.55078125,24276.75,24276.75,0
2026-07-30 09:52:00+05:30,24278.19921875,24278.25,24267.900390625,24269.19921875,0
2026-07-30 09:53:00+05:30,24269.25,24270.099609375,24261.69921875,24267.44921875,0
2026-07-30 09:54:00+05:30,24267.19921875,24267.80078125,24260.099609375,24262.0,0
2026-07-30 09:55:00+05:30,24262.80078125,24262.849609375,24258.80078125,24260.5,0
2026-07-30 09:56:00+05:30,24262.30078125,24272.849609375,24260.599609375,24272.849609375,0
2026-07-30 09:57:00+05:30,24272.5,24280.0,24272.150390625,24275.94921875,0
2026-07-30 09:58:00+05:30,24276.400390625,24276.44921875,24272.94921875,24274.599609375,0
2026-07-30 09:59:00+05:30,24275.0,24277.0,24272.099609375,24275.849609375,0
2026-07-30 10:00:00+05:30,24276.75,24276.75,24272.30078125,24272.849609375,0
2026-07-30 10:01:00+05:30,24273.5,24276.55078125,24269.099609375,24270.900390625,0
2026-07-30 10:02:00+05:30,24272.0,24277.94921875,24270.44921875,24271.849609375,0
2026-07-30 10:03:00+05:30,24272.75,24277.599609375,24270.75,24275.25,0
2026-07-30 10:04:00+05:30,24275.44921875,24281.30078125,24274.30078125,24275.69921875,0
2026-07-30 10:05:00+05:30,24275.900390625,24279.150390625,24273.0,24273.19921875,0
2026-07-30 10:06:00+05:30,24274.30078125,24275.80078125,24271.44921875,24273.30078125,0
2026-07-30 10:07:00+05:30,24274.44921875,24275.900390625,24269.400390625,24272.55078125,0
2026-07-30 10:08:00+05:30,24273.75,24275.69921875,24263.94921875,24264.849609375,0
2026-07-30 10:09:00+05:30,24265.900390625,24266.05078125,24260.0,24260.400390625,0
2026-07-30 10:10:00+05:30,24261.900390625,24263.599609375,24257.69921875,24262.150390625,0
2026-07-30 10:11:00+05:30,24262.05078125,24264.80078125,24259.349609375,24262.099609375,0
2026-07-30 10:12:00+05:30,24262.099609375,24263.30078125,24247.5,24247.5,0
2026-07-30 10:13:00+05:30,24247.75,24247.75,24242.900390625,24246.349609375,0
2026-07-30 10:14:00+05:30,24247.44921875,24249.69921875,24241.5,24243.5,0
2026-07-30 10:15:00+05:30,24243.75,24247.900390625,24243.19921875,24247.05078125,0
2026-07-30 10:16:00+05:30,24247.150390625,24252.849609375,24245.44921875,24252.44921875,0
2026-07-30 10:17:00+05:30,24253.5,24261.150390625,24252.150390625,24258.30078125,0
2026-07-30 10:18:00+05:30,24258.75,24259.349609375,24248.05078125,24248.30078125,0
2026-07-30 10:19:00+05:30,24248.55078125,24250.25,24242.599609375,24243.650390625,0
2026-07-30 10:20:00+05:30,24244.44921875,24246.099609375,24239.05078125,24240.099609375,0
2026-07-30 10:21:00+05:30,24241.349609375,24244.0,24236.849609375,24237.05078125,0
2026-07-30 10:22:00+05:30,24239.150390625,24243.849609375,24236.0,24241.94921875,0
2026-07-30 10:23:00+05:30,24242.75,24250.5,24241.650390625,24249.55078125,0
2026-07-30 10:24:00+05:30,24250.19921875,24251.19921875,24247.25,24248.650390625,0
2026-07-30 10:25:00+05:30,24249.849609375,24251.650390625,24237.599609375,24237.75,0
2026-07-30 10:26:00+05:30,24239.25,24239.55078125,24233.650390625,24238.099609375,0
2026-07-30 10:27:00+05:30,24238.94921875,24242.5,24237.25,24239.599609375,0
2026-07-30 10:28:00+05:30,24240.44921875,24240.94921875,24234.0,24234.349609375,0
2026-07-30 10:29:00+05:30,24235.349609375,24235.5,24231.150390625,24232.099609375,0
2026-07-30 10:30:00+05:30,24232.75,24232.900390625,24225.55078125,24228.80078125,0
2026-07-30 10:31:00+05:30,24229.94921875,24234.44921875,24229.44921875,24230.75,0
2026-07-30 10:32:00+05:30,24231.44921875,24231.94921875,24224.849609375,24226.55078125,0
2026-07-30 10:33:00+05:30,24227.55078125,24231.650390625,24225.44921875,24226.400390625,0
2026-07-30 10:34:00+05:30,24226.94921875,24238.19921875,24226.19921875,24237.599609375,0
2026-07-30 10:35:00+05:30,24238.25,24245.55078125,24237.0,24245.55078125,0
2026-07-30 10:36:00+05:30,24246.05078125,24251.650390625,24244.19921875,24245.599609375,0
2026-07-30 10:37:00+05:30,24245.94921875,24245.94921875,24232.849609375,24233.849609375,0
2026-07-30 10:38:00+05:30,24234.80078125,24242.349609375,24232.94921875,24240.80078125,0
2026-07-30 10:39:00+05:30,24241.349609375,24244.94921875,24239.0,24243.599609375,0
2026-07-30 10:40:00+05:30,24243.5,24243.69921875,24239.0,24242.30078125,0
2026-07-30 10:41:00+05:30,24243.0,24243.0,24237.0,24239.94921875,0
2026-07-30 10:42:00+05:30,24240.900390625,24243.69921875,24239.0,24242.900390625,0
2026-07-30 10:43:00+05:30,24243.55078125,24251.94921875,24241.0,24250.900390625,0
2026-07-30 10:44:00+05:30,24251.69921875,24261.349609375,24250.599609375,24259.150390625,0
2026-07-30 10:45:00+05:30,24260.25,24262.69921875,24254.849609375,24256.849609375,0
2026-07-30 10:46:00+05:30,24257.30078125,24261.650390625,24253.349609375,24260.55078125,0
2026-07-30 10:47:00+05:30,24261.25,24262.099609375,24256.599609375,24259.599609375,0
2026-07-30 10:48:00+05:30,24260.150390625,24261.099609375,24257.75,24259.94921875,0
2026-07-30 10:49:00+05:30,24260.349609375,24261.05078125,24256.650390625,24258.44921875,0
2026-07-30 10:50:00+05:30,24259.5,24269.05078125,24258.599609375,24268.30078125,0
2026-07-30 10:51:00+05:30,24268.099609375,24269.599609375,24265.94921875,24268.44921875,0
2026-07-30 10:52:00+05:30,24269.400390625,24270.650390625,24264.05078125,24265.55078125,0
2026-07-30 10:53:00+05:30,24266.19921875,24266.900390625,24260.30078125,24262.150390625,0
2026-07-30 10:54:00+05:30,24263.19921875,24265.05078125,24259.80078125,24259.900390625,0
2026-07-30 10:55:00+05:30,24261.150390625,24264.150390625,24258.900390625,24259.30078125,0
2026-07-30 10:56:00+05:30,24260.5,24261.150390625,24256.75,24257.80078125,0
2026-07-30 10:57:00+05:30,24258.05078125,24259.599609375,24254.19921875,24257.650390625,0
2026-07-30 10:58:00+05:30,24258.150390625,24262.599609375,24254.900390625,24260.05078125,0
2026-07-30 10:59:00+05:30,24259.80078125,24259.80078125,24253.19921875,24256.900390625,0
2026-07-30 11:00:00+05:30,24256.44921875,24256.44921875,24249.55078125,24251.650390625,0
2026-07-30 11:01:00+05:30,24251.650390625,24254.400390625,24248.150390625,24254.19921875,0
2026-07-30 11:02:00+05:30,24254.599609375,24257.30078125,24252.80078125,24255.44921875,0
2026-07-30 11:03:00+05:30,24255.099609375,24262.150390625,24254.099609375,24261.05078125,0
2026-07-30 11:04:00+05:30,24261.0,24265.0,24256.80078125,24261.900390625,0
2026-07-30 11:05:00+05:30,24262.099609375,24263.599609375,24257.150390625,24257.400390625,0
2026-07-30 11:06:00+05:30,24257.69921875,24262.0,24254.0,24256.69921875,0
2026-07-30 11:07:00+05:30,24256.900390625,24257.599609375,24254.400390625,24256.30078125,0
2026-07-30 11:08:00+05:30,24256.099609375,24256.55078125,24250.75,24252.30078125,0
2026-07-30 11:09:00+05:30,24253.94921875,24257.150390625,24249.44921875,24257.099609375,0
2026-07-30 11:10:00+05:30,24256.80078125,24261.599609375,24256.80078125,24259.94921875,0
2026-07-30 11:11:00+05:30,24260.900390625,24268.349609375,24259.44921875,24268.349609375,0
2026-07-30 11:12:00+05:30,24268.25,24270.55078125,24266.05078125,24267.69921875,0
2026-07-30 11:13:00+05:30,24266.55078125,24270.05078125,24261.0,24262.400390625,0
2026-07-30 11:14:00+05:30,24262.5,24267.80078125,24261.150390625,24265.05078125,0
2026-07-30 11:15:00+05:30,24264.900390625,24267.44921875,24262.69921875,24264.80078125,0
2026-07-30 11:16:00+05:30,24264.80078125,24276.44921875,24263.650390625,24274.80078125,0
2026-07-30 11:17:00+05:30,24275.0,24279.94921875,24271.349609375,24276.05078125,0
2026-07-30 11:18:00+05:30,24279.400390625,24282.5,24275.150390625,24277.650390625,0
2026-07-30 11:19:00+05:30,24277.400390625,24279.55078125,24273.150390625,24273.150390625,0
2026-07-30 11:20:00+05:30,24273.0,24278.25,24273.0,24276.900390625,0
2026-07-30 11:21:00+05:30,24277.30078125,24277.30078125,24272.05078125,24273.0,0
2026-07-30 11:22:00+05:30,24273.44921875,24276.150390625,24269.400390625,24269.55078125,0
2026-07-30 11:23:00+05:30,24269.55078125,24271.0,24262.25,24263.650390625,0
2026-07-30 11:24:00+05:30,24263.44921875,24268.44921875,24262.099609375,24267.099609375,0
2026-07-30 11:25:00+05:30,24266.349609375,24270.0,24265.099609375,24267.599609375,0
2026-07-30 11:26:00+05:30,24267.5,24278.30078125,24267.349609375,24277.19921875,0
2026-07-30 11:27:00+05:30,24277.5,24279.400390625,24274.55078125,24275.849609375,0
2026-07-30 11:28:00+05:30,24276.19921875,24276.75,24272.55078125,24275.150390625,0
2026-07-30 11:29:00+05:30,24275.849609375,24275.94921875,24271.349609375,24274.599609375,0
2026-07-30 11:30:00+05:30,24274.19921875,24274.75,24268.650390625,24270.349609375,0
2026-07-30 11:31:00+05:30,24271.05078125,24272.25,24267.150390625,24270.05078125,0
2026-07-30 11:32:00+05:30,24270.349609375,24275.599609375,24269.75,24273.25,0
2026-07-30 11:33:00+05:30,24273.19921875,24277.69921875,24272.30078125,24275.30078125,0
2026-07-30 11:34:00+05:30,24275.05078125,24277.849609375,24274.25,24277.150390625,0
2026-07-30 11:35:00+05:30,24277.400390625,24279.44921875,24276.25,24276.25,0
2026-07-30 11:36:00+05:30,24275.900390625,24277.400390625,24272.30078125,24274.0,0
2026-07-30 11:37:00+05:30,24274.05078125,24276.0,24272.400390625,24272.80078125,0
2026-07-30 11:38:00+05:30,24274.0,24277.349609375,24272.150390625,24272.900390625,0
2026-07-30 11:39:00+05:30,24273.05078125,24275.849609375,24269.599609375,24270.900390625,0
2026-07-30 11:40:00+05:30,24270.05078125,24274.55078125,24268.150390625,24268.69921875,0
2026-07-30 11:41:00+05:30,24267.94921875,24271.44921875,24267.44921875,24269.849609375,0
2026-07-30 11:42:00+05:30,24269.849609375,24271.44921875,24267.75,24271.400390625,0
2026-07-30 11:43:00+05:30,24271.0,24272.94921875,24268.650390625,24268.69921875,0
2026-07-30 11:44:00+05:30,24268.5,24269.55078125,24264.849609375,24265.5,0
2026-07-30 11:45:00+05:30,24265.80078125,24266.69921875,24253.650390625,24254.599609375,0
2026-07-30 11:46:00+05:30,24254.25,24256.80078125,24251.05078125,24256.150390625,0
2026-07-30 11:47:00+05:30,24256.30078125,24259.30078125,24255.150390625,24258.05078125,0
2026-07-30 11:48:00+05:30,24257.349609375,24260.599609375,24256.80078125,24257.900390625,0
2026-07-30 11:49:00+05:30,24257.900390625,24259.05078125,24255.25,24256.30078125,0
2026-07-30 11:50:00+05:30,24256.650390625,24258.44921875,24254.94921875,24257.05078125,0
2026-07-30 11:51:00+05:30,24257.19921875,24260.55078125,24255.849609375,24259.55078125,0
2026-07-30 11:52:00+05:30,24259.30078125,24260.0,24255.55078125,24257.44921875,0
2026-07-30 11:53:00+05:30,24257.5,24259.0,24251.55078125,24253.69921875,0
2026-07-30 11:54:00+05:30,24252.75,24257.900390625,24251.849609375,24255.650390625,0
2026-07-30 11:55:00+05:30,24255.80078125,24264.19921875,24254.400390625,24261.900390625,0
2026-07-30 11:56:00+05:30,24262.150390625,24265.400390625,24259.400390625,24262.69921875,0
2026-07-30 11:57:00+05:30,24262.5,24264.599609375,24257.25,24260.150390625,0
2026-07-30 11:58:00+05:30,24259.75,24261.150390625,24255.69921875,24256.650390625,0
2026-07-30 11:59:00+05:30,24257.0,24264.05078125,24255.44921875,24262.599609375,0
2026-07-30 12:00:00+05:30,24262.599609375,24263.849609375,24257.55078125,24258.25,0
2026-07-30 12:01:00+05:30,24258.19921875,24261.900390625,24256.69921875,24261.05078125,0
2026-07-30 12:02:00+05:30,24261.05078125,24261.44921875,24253.30078125,24255.94921875,0
2026-07-30 12:03:00+05:30,24255.650390625,24261.80078125,24254.19921875,24259.349609375,0
2026-07-30 12:04:00+05:30,24259.44921875,24261.150390625,24257.30078125,24260.599609375,0
2026-07-30 12:05:00+05:30,24261.05078125,24262.150390625,24258.099609375,24259.05078125,0
2026-07-30 12:06:00+05:30,24259.099609375,24260.099609375,24256.349609375,24257.400390625,0
2026-07-30 12:07:00+05:30,24257.5,24259.849609375,24256.099609375,24256.75,0
2026-07-30 12:08:00+05:30,24257.0,24266.400390625,24257.0,24257.599609375,0
2026-07-30 12:09:00+05:30,24257.80078125,24259.25,24252.25,24253.5,0
2026-07-30 12:10:00+05:30,24253.650390625,24254.650390625,24248.94921875,24249.94921875,0
2026-07-30 12:11:00+05:30,24250.19921875,24256.599609375,24248.849609375,24256.19921875,0
2026-07-30 12:12:00+05:30,24256.80078125,24261.30078125,24256.599609375,24259.69921875,0
2026-07-30 12:13:00+05:30,24259.849609375,24260.80078125,24255.650390625,24255.650390625,0
2026-07-30 12:14:00+05:30,24257.05078125,24257.05078125,24253.150390625,24254.099609375,0
2026-07-30 12:15:00+05:30,24253.94921875,24255.44921875,24249.0,24253.69921875,0
2026-07-30 12:16:00+05:30,24255.75,24258.5,24253.05078125,24258.0,0
2026-07-30 12:17:00+05:30,24257.150390625,24259.75,24252.400390625,24255.05078125,0
2026-07-30 12:18:00+05:30,24255.25,24256.75,24249.75,24252.75,0
2026-07-30 12:19:00+05:30,24253.150390625,24260.19921875,24252.94921875,24260.19921875,0
2026-07-30 12:20:00+05:30,24260.150390625,24264.599609375,24258.19921875,24262.44921875,0
2026-07-30 12:21:00+05:30,24261.5,24263.5,24258.19921875,24263.5,0
2026-07-30 12:22:00+05:30,24263.30078125,24267.400390625,24262.5,24262.599609375,0
2026-07-30 12:23:00+05:30,24262.400390625,24264.150390625,24258.900390625,24259.94921875,0
2026-07-30 12:24:00+05:30,24259.75,24263.400390625,24257.19921875,24258.80078125,0
2026-07-30 12:25:00+05:30,24258.80078125,24263.44921875,24257.19921875,24263.400390625,0
2026-07-30 12:26:00+05:30,24263.150390625,24267.44921875,24261.80078125,24261.80078125,0
2026-07-30 12:27:00+05:30,24261.849609375,24263.099609375,24256.099609375,24258.75,0
2026-07-30 12:28:00+05:30,24258.75,24261.30078125,24256.69921875,24258.94921875,0
2026-07-30 12:29:00+05:30,24258.900390625,24265.5,24256.69921875,24264.05078125,0
2026-07-30 12:30:00+05:30,24264.30078125,24268.30078125,24261.94921875,24266.900390625,0
2026-07-30 12:31:00+05:30,24266.80078125,24276.80078125,24264.94921875,24276.400390625,0
2026-07-30 12:32:00+05:30,24276.25,24302.0,24276.25,24302.0,0
2026-07-30 12:33:00+05:30,24303.099609375,24330.400390625,24303.099609375,24330.400390625,0
2026-07-30 12:34:00+05:30,24331.05078125,24331.05078125,24306.44921875,24306.75,0
2026-07-30 12:35:00+05:30,24306.599609375,24319.05078125,24306.599609375,24318.44921875,0
2026-07-30 12:36:00+05:30,24319.80078125,24321.099609375,24316.349609375,24317.44921875,0
2026-07-30 12:37:00+05:30,24317.849609375,24318.80078125,24303.25,24303.599609375,0
2026-07-30 12:38:00+05:30,24303.099609375,24305.80078125,24293.349609375,24295.19921875,0
2026-07-30 12:39:00+05:30,24294.849609375,24304.19921875,24294.099609375,24304.05078125,0
2026-07-30 12:40:00+05:30,24303.650390625,24304.30078125,24298.900390625,24299.900390625,0
2026-07-30 12:41:00+05:30,24300.30078125,24308.650390625,24297.650390625,24308.19921875,0
2026-07-30 12:42:00+05:30,24306.75,24314.5,24306.19921875,24310.05078125,0
2026-07-30 12:43:00+05:30,24310.099609375,24311.25,24305.849609375,24307.69921875,0
2026-07-30 12:44:00+05:30,24306.650390625,24311.0,24303.849609375,24308.349609375,0
2026-07-30 12:45:00+05:30,24308.44921875,24309.55078125,24303.44921875,24304.099609375,0
2026-07-30 12:46:00+05:30,24304.099609375,24305.900390625,24300.599609375,24301.44921875,0
2026-07-30 12:47:00+05:30,24301.69921875,24303.0,24294.599609375,24297.94921875,0
2026-07-30 12:48:00+05:30,24298.150390625,24302.75,24295.0,24301.349609375,0
2026-07-30 12:49:00+05:30,24301.849609375,24303.19921875,24300.0,24301.05078125,0
2026-07-30 12:50:00+05:30,24300.150390625,24304.30078125,24294.650390625,24294.75,0
2026-07-30 12:51:00+05:30,24294.80078125,24298.30078125,24291.650390625,24292.849609375,0
2026-07-30 12:52:00+05:30,24292.94921875,24296.5,24291.55078125,24293.150390625,0
2026-07-30 12:53:00+05:30,24293.25,24294.5,24291.849609375,24293.80078125,0
2026-07-30 12:54:00+05:30,24293.94921875,24298.44921875,24293.05078125,24297.30078125,0
2026-07-30 12:55:00+05:30,24296.69921875,24299.19921875,24292.55078125,24292.650390625,0
2026-07-30 12:56:00+05:30,24292.650390625,24293.900390625,24290.94921875,24291.75,0
2026-07-30 12:57:00+05:30,24292.0,24296.900390625,24290.80078125,24295.75,0
2026-07-30 12:58:00+05:30,24295.55078125,24296.55078125,24291.55078125,24295.19921875,0
2026-07-30 12:59:00+05:30,24296.150390625,24300.55078125,24295.0,24295.69921875,0
2026-07-30 13:00:00+05:30,24295.650390625,24296.25,24279.5,24281.650390625,0
2026-07-30 13:01:00+05:30,24281.94921875,24289.94921875,24280.25,24289.5,0
2026-07-30 13:02:00+05:30,24288.599609375,24290.75,24279.30078125,24285.650390625,0
2026-07-30 13:03:00+05:30,24284.55078125,24290.19921875,24283.849609375,24288.900390625,0
2026-07-30 13:04:00+05:30,24288.599609375,24290.69921875,24280.150390625,24282.650390625,0
2026-07-30 13:05:00+05:30,24282.0,24284.900390625,24276.5,24284.099609375,0
2026-07-30 13:06:00+05:30,24284.05078125,24293.0,24283.44921875,24287.900390625,0
2026-07-30 13:07:00+05:30,24286.400390625,24297.55078125,24286.349609375,24290.599609375,0
2026-07-30 13:08:00+05:30,24290.75,24291.599609375,24281.94921875,24282.05078125,0
2026-07-30 13:09:00+05:30,24282.80078125,24287.400390625,24279.69921875,24281.900390625,0
2026-07-30 13:10:00+05:30,24281.05078125,24283.150390625,24271.44921875,24276.150390625,0
2026-07-30 13:11:00+05:30,24275.80078125,24277.30078125,24264.75,24265.150390625,0
2026-07-30 13:12:00+05:30,24264.94921875,24266.0,24252.599609375,24252.94921875,0
2026-07-30 13:13:00+05:30,24253.0,24263.05078125,24248.849609375,24260.400390625,0
2026-07-30 13:14:00+05:30,24259.849609375,24267.349609375,24259.849609375,24264.0,0
2026-07-30 13:15:00+05:30,24264.05078125,24266.099609375,24259.94921875,24259.94921875,0
2026-07-30 13:16:00+05:30,24259.44921875,24263.150390625,24259.099609375,24259.69921875,0
2026-07-30 13:17:00+05:30,24259.650390625,24264.099609375,24259.650390625,24261.599609375,0
2026-07-30 13:18:00+05:30,24261.30078125,24267.150390625,24260.400390625,24263.44921875,0
2026-07-30 13:19:00+05:30,24262.69921875,24265.099609375,24261.650390625,24264.69921875,0
2026-07-30 13:20:00+05:30,24264.94921875,24267.55078125,24264.94921875,24265.0,0
2026-07-30 13:21:00+05:30,24266.94921875,24277.0,24264.349609375,24275.400390625,0
2026-07-30 13:22:00+05:30,24274.69921875,24276.0,24272.650390625,24273.94921875,0
2026-07-30 13:23:00+05:30,24273.75,24280.099609375,24273.650390625,24280.099609375,0
2026-07-30 13:24:00+05:30,24279.75,24281.94921875,24279.150390625,24279.349609375,0
2026-07-30 13:25:00+05:30,24279.25,24285.55078125,24275.55078125,24280.349609375,0
2026-07-30 13:26:00+05:30,24280.69921875,24282.05078125,24277.900390625,24278.099609375,0
2026-07-30 13:27:00+05:30,24278.599609375,24280.5,24275.19921875,24279.5,0
2026-07-30 13:28:00+05:30,24279.55078125,24280.099609375,24270.25,24270.25,0
2026-07-30 13:29:00+05:30,24271.849609375,24273.099609375,24267.30078125,24269.400390625,0
2026-07-30 13:30:00+05:30,24269.150390625,24275.349609375,24267.69921875,24272.05078125,0
2026-07-30 13:31:00+05:30,24271.19921875,24273.5,24268.349609375,24268.69921875,0
2026-07-30 13:32:00+05:30,24268.650390625,24275.05078125,24266.900390625,24275.0,0
2026-07-30 13:33:00+05:30,24275.44921875,24278.69921875,24274.650390625,24277.30078125,0
2026-07-30 13:34:00+05:30,24276.900390625,24278.650390625,24274.55078125,24276.900390625,0
2026-07-30 13:35:00+05:30,24276.900390625,24282.80078125,24275.75,24280.75,0
2026-07-30 13:36:00+05:30,24280.900390625,24287.25,24276.0,24285.80078125,0
2026-07-30 13:37:00+05:30,24285.94921875,24288.400390625,24283.5,24286.80078125,0
2026-07-30 13:38:00+05:30,24286.44921875,24300.25,24286.44921875,24294.349609375,0
2026-07-30 13:39:00+05:30,24294.0,24294.80078125,24283.900390625,24287.25,0
2026-07-30 13:40:00+05:30,24287.150390625,24297.0,24287.150390625,24293.80078125,0
2026-07-30 13:41:00+05:30,24293.80078125,24298.5,24293.80078125,24295.80078125,0
2026-07-30 13:42:00+05:30,24295.849609375,24298.55078125,24294.55078125,24295.099609375,0
2026-07-30 13:43:00+05:30,24295.150390625,24298.150390625,24292.30078125,24292.349609375,0
2026-07-30 13:44:00+05:30,24292.400390625,24296.69921875,24289.150390625,24289.44921875,0
2026-07-30 13:45:00+05:30,24288.400390625,24289.599609375,24282.349609375,24282.69921875,0
2026-07-30 13:46:00+05:30,24282.75,24285.69921875,24281.650390625,24284.75,0
2026-07-30 13:47:00+05:30,24284.599609375,24288.69921875,24284.0,24287.80078125,0
2026-07-30 13:48:00+05:30,24287.400390625,24289.599609375,24284.44921875,24284.900390625,0
2026-07-30 13:49:00+05:30,24284.55078125,24286.400390625,24279.900390625,24280.05078125,0
2026-07-30 13:50:00+05:30,24280.150390625,24281.19921875,24272.30078125,24274.05078125,0
2026-07-30 13:51:00+05:30,24274.80078125,24282.400390625,24272.849609375,24282.400390625,0
2026-07-30 13:52:00+05:30,24283.55078125,24289.150390625,24282.5,24287.69921875,0
2026-07-30 13:53:00+05:30,24288.599609375,24295.099609375,24288.099609375,24293.94921875,0
2026-07-30 13:54:00+05:30,24294.599609375,24296.44921875,24293.69921875,24295.5,0
2026-07-30 13:55:00+05:30,24295.099609375,24295.80078125,24291.44921875,24295.55078125,0
2026-07-30 13:56:00+05:30,24295.44921875,24299.44921875,24290.80078125,24290.80078125,0
2026-07-30 13:57:00+05:30,24291.05078125,24291.900390625,24284.44921875,24285.849609375,0
2026-07-30 13:58:00+05:30,24285.30078125,24286.099609375,24275.94921875,24277.0,0
2026-07-30 13:59:00+05:30,24276.599609375,24284.650390625,24276.599609375,24283.849609375,0
2026-07-30 14:00:00+05:30,24283.349609375,24287.599609375,24281.30078125,24287.25,0
2026-07-30 14:01:00+05:30,24286.900390625,24287.75,24278.400390625,24279.5,0
2026-07-30 14:02:00+05:30,24279.599609375,24281.900390625,24277.099609375,24281.599609375,0
2026-07-30 14:03:00+05:30,24281.30078125,24283.44921875,24278.25,24282.650390625,0
2026-07-30 14:04:00+05:30,24282.150390625,24283.80078125,24279.5,24281.099609375,0
2026-07-30 14:05:00+05:30,24280.44921875,24282.75,24274.5,24275.55078125,0
2026-07-30 14:06:00+05:30,24275.25,24277.44921875,24272.30078125,24272.900390625,0
2026-07-30 14:07:00+05:30,24272.75,24277.19921875,24272.5,24275.400390625,0
2026-07-30 14:08:00+05:30,24275.349609375,24278.19921875,24272.19921875,24272.44921875,0
2026-07-30 14:09:00+05:30,24272.400390625,24273.150390625,24261.55078125,24263.80078125,0
2026-07-30 14:10:00+05:30,24263.69921875,24267.69921875,24263.25,24265.05078125,0
2026-07-30 14:11:00+05:30,24264.900390625,24266.650390625,24260.900390625,24262.099609375,0
2026-07-30 14:12:00+05:30,24261.80078125,24263.400390625,24258.900390625,24260.650390625,0
2026-07-30 14:13:00+05:30,24261.19921875,24262.75,24257.44921875,24258.25,0
2026-07-30 14:14:00+05:30,24258.400390625,24260.19921875,24255.44921875,24255.69921875,0
2026-07-30 14:15:00+05:30,24255.19921875,24257.099609375,24252.349609375,24253.599609375,0
2026-07-30 14:16:00+05:30,24253.099609375,24253.900390625,24247.69921875,24250.30078125,0
2026-07-30 14:17:00+05:30,24250.599609375,24256.0,24250.349609375,24252.44921875,0
2026-07-30 14:18:00+05:30,24252.599609375,24257.5,24251.599609375,24254.099609375,0
2026-07-30 14:19:00+05:30,24254.05078125,24260.25,24253.0,24257.19921875,0
2026-07-30 14:20:00+05:30,24256.80078125,24257.55078125,24244.150390625,24244.19921875,0
2026-07-30 14:21:00+05:30,24243.5,24247.650390625,24238.650390625,24238.650390625,0
2026-07-30 14:22:00+05:30,24239.650390625,24242.25,24237.25,24239.849609375,0
2026-07-30 14:23:00+05:30,24238.900390625,24246.400390625,24236.55078125,24244.599609375,0
2026-07-30 14:24:00+05:30,24244.0,24246.900390625,24243.400390625,24244.19921875,0
2026-07-30 14:25:00+05:30,24244.599609375,24245.0,24235.099609375,24239.849609375,0
2026-07-30 14:26:00+05:30,24239.0,24242.400390625,24237.05078125,24239.900390625,0
2026-07-30 14:27:00+05:30,24239.400390625,24243.599609375,24236.099609375,24239.599609375,0
2026-07-30 14:28:00+05:30,24238.849609375,24241.5,24236.55078125,24239.05078125,0
2026-07-30 14:29:00+05:30,24239.099609375,24240.5,24228.94921875,24235.0,0
2026-07-30 14:30:00+05:30,24235.30078125,24236.150390625,24227.25,24230.75,0
2026-07-30 14:31:00+05:30,24229.94921875,24241.94921875,24229.75,24240.400390625,0
2026-07-30 14:32:00+05:30,24240.19921875,24249.099609375,24240.19921875,24248.900390625,0
2026-07-30 14:33:00+05:30,24249.25,24257.94921875,24248.94921875,24252.849609375,0
2026-07-30 14:34:00+05:30,24252.44921875,24253.150390625,24244.44921875,24246.599609375,0
2026-07-30 14:35:00+05:30,24245.150390625,24249.05078125,24237.69921875,24248.05078125,0
2026-07-30 14:36:00+05:30,24248.05078125,24257.75,24247.400390625,24254.5,0
2026-07-30 14:37:00+05:30,24253.5,24263.05078125,24253.44921875,24260.19921875,0
2026-07-30 14:38:00+05:30,24260.30078125,24265.05078125,24260.25,24264.400390625,0
2026-07-30 14:39:00+05:30,24265.0,24268.55078125,24263.69921875,24267.55078125,0
2026-07-30 14:40:00+05:30,24267.650390625,24269.599609375,24261.30078125,24261.599609375,0
2026-07-30 14:41:00+05:30,24261.75,24262.349609375,24253.19921875,24253.80078125,0
2026-07-30 14:42:00+05:30,24254.099609375,24256.0,24250.099609375,24251.650390625,0
2026-07-30 14:43:00+05:30,24251.94921875,24255.599609375,24250.19921875,24250.19921875,0
2026-07-30 14:44:00+05:30,24250.400390625,24262.25,24249.900390625,24258.69921875,0
2026-07-30 14:45:00+05:30,24258.849609375,24258.94921875,24251.099609375,24255.75,0
2026-07-30 14:46:00+05:30,24256.05078125,24265.80078125,24253.44921875,24265.150390625,0
2026-07-30 14:47:00+05:30,24265.80078125,24268.400390625,24262.900390625,24268.349609375,0
2026-07-30 14:48:00+05:30,24267.30078125,24276.150390625,24267.30078125,24276.05078125,0
2026-07-30 14:49:00+05:30,24278.150390625,24283.44921875,24276.55078125,24277.599609375,0
2026-07-30 14:50:00+05:30,24276.599609375,24277.599609375,24270.599609375,24275.75,0
2026-07-30 14:51:00+05:30,24276.75,24277.25,24271.400390625,24275.44921875,0
2026-07-30 14:52:00+05:30,24275.099609375,24277.80078125,24272.94921875,24276.0,0
2026-07-30 14:53:00+05:30,24277.150390625,24277.19921875,24268.349609375,24269.5,0
2026-07-30 14:54:00+05:30,24268.69921875,24271.05078125,24266.30078125,24267.94921875,0
2026-07-30 14:55:00+05:30,24267.55078125,24268.0,24264.19921875,24267.25,0
2026-07-30 14:56:00+05:30,24266.55078125,24268.150390625,24264.0,24265.75,0
2026-07-30 14:57:00+05:30,24266.19921875,24276.0,24265.0,24272.30078125,0
2026-07-30 14:58:00+05:30,24271.599609375,24272.900390625,24267.75,24270.349609375,0
2026-07-30 14:59:00+05:30,24270.30078125,24276.150390625,24269.150390625,24272.849609375,0
2026-07-30 15:00:00+05:30,24273.099609375,24283.099609375,24268.75,24271.05078125,0
2026-07-30 15:01:00+05:30,24270.69921875,24290.900390625,24269.19921875,24290.349609375,0
2026-07-30 15:02:00+05:30,24292.05078125,24296.94921875,24290.150390625,24294.650390625,0
2026-07-30 15:03:00+05:30,24295.349609375,24297.80078125,24292.900390625,24297.30078125,0
2026-07-30 15:04:00+05:30,24297.44921875,24302.349609375,24296.5,24299.849609375,0
2026-07-30 15:05:00+05:30,24301.099609375,24319.19921875,24300.75,24313.44921875,0
2026-07-30 15:06:00+05:30,24313.55078125,24314.30078125,24298.80078125,24301.650390625,0
2026-07-30 15:07:00+05:30,24299.94921875,24323.650390625,24296.849609375,24320.650390625,0
2026-07-30 15:08:00+05:30,24320.5,24325.599609375,24316.849609375,24317.55078125,0
2026-07-30 15:09:00+05:30,24316.900390625,24321.55078125,24307.099609375,24319.19921875,0
2026-07-30 15:10:00+05:30,24321.349609375,24329.55078125,24317.30078125,24320.849609375,0
2026-07-30 15:11:00+05:30,24320.55078125,24325.69921875,24320.55078125,24322.0,0
2026-07-30 15:12:00+05:30,24323.44921875,24325.5,24319.75,24322.30078125,0
2026-07-30 15:13:00+05:30,24321.900390625,24323.44921875,24320.25,24322.75,0
2026-07-30 15:14:00+05:30,24322.849609375,24323.5,24316.599609375,24318.25,0
2026-07-30 15:15:00+05:30,24316.900390625,24318.75,24308.44921875,24309.650390625,0
2026-07-30 15:16:00+05:30,24310.5,24316.55078125,24309.69921875,24312.75,0
2026-07-30 15:17:00+05:30,24312.900390625,24316.25,24311.55078125,24315.25,0
2026-07-30 15:18:00+05:30,24315.19921875,24317.650390625,24309.650390625,24309.75,0
2026-07-30 15:19:00+05:30,24309.849609375,24314.75,24307.94921875,24314.75,0
2026-07-30 15:20:00+05:30,24314.94921875,24322.400390625,24313.599609375,24317.05078125,0
2026-07-30 15:21:00+05:30,24319.0,24325.80078125,24312.599609375,24316.44921875,0
2026-07-30 15:22:00+05:30,24316.099609375,24332.5,24309.80078125,24327.599609375,0
2026-07-30 15:23:00+05:30,24328.400390625,24338.30078125,24324.80078125,24336.44921875,0
2026-07-30 15:24:00+05:30,24337.80078125,24340.849609375,24326.55078125,24335.650390625,0
2026-07-30 15:25:00+05:30,24337.05078125,24339.94921875,24331.400390625,24335.69921875,0
2026-07-30 15:26:00+05:30,24336.75,24342.94921875,24335.69921875,24338.849609375,0
2026-07-30 15:27:00+05:30,24341.400390625,24341.400390625,24324.75,24332.150390625,0
2026-07-30 15:28:00+05:30,24330.599609375,24333.19921875,24300.19921875,24308.25,0
2026-07-30 15:29:00+05:30,24306.349609375,24309.349609375,24292.75,24296.599609375,0
2026-07-31 09:15:00+05:30,24359.80078125,24377.55078125,24328.19921875,24361.650390625,0
2026-07-31 09:16:00+05:30,24362.30078125,24364.94921875,24341.19921875,24355.30078125,0
2026-07-31 09:17:00+05:30,24354.599609375,24361.650390625,24347.19921875,24359.400390625,0
2026-07-31 09:18:00+05:30,24358.849609375,24362.599609375,24345.25,24349.0,0
2026-07-31 09:19:00+05:30,24349.150390625,24356.650390625,24347.75,24350.5,0
2026-07-31 09:20:00+05:30,24350.30078125,24355.25,24345.599609375,24347.349609375,0
2026-07-31 09:21:00+05:30,24347.19921875,24349.80078125,24341.05078125,24348.099609375,0
2026-07-31 09:22:00+05:30,24348.150390625,24361.05078125,24348.150390625,24360.900390625,0
2026-07-31 09:23:00+05:30,24360.5,24365.25,24355.849609375,24357.44921875,0
2026-07-31 09:24:00+05:30,24358.55078125,24361.05078125,24352.099609375,24353.150390625,0
2026-07-31 09:25:00+05:30,24353.599609375,24355.30078125,24345.30078125,24347.400390625,0
2026-07-31 09:26:00+05:30,24347.349609375,24351.099609375,24344.80078125,24349.94921875,0
2026-07-31 09:27:00+05:30,24350.0,24352.400390625,24347.150390625,24349.30078125,0
2026-07-31 09:28:00+05:30,24349.099609375,24351.19921875,24342.30078125,24343.30078125,0
2026-07-31 09:29:00+05:30,24343.650390625,24347.650390625,24341.19921875,24345.75,0
2026-07-31 09:30:00+05:30,24344.75,24347.69921875,24331.55078125,24331.75,0
2026-07-31 09:31:00+05:30,24331.19921875,24340.25,24326.75,24329.650390625,0
2026-07-31 09:32:00+05:30,24329.0,24330.30078125,24319.30078125,24321.94921875,0
2026-07-31 09:33:00+05:30,24321.80078125,24322.69921875,24314.80078125,24317.75,0
2026-07-31 09:34:00+05:30,24319.05078125,24320.0,24308.900390625,24312.25,0
2026-07-31 09:35:00+05:30,24312.05078125,24315.80078125,24304.80078125,24305.900390625,0
2026-07-31 09:36:00+05:30,24305.5,24312.5,24302.19921875,24308.05078125,0
2026-07-31 09:37:00+05:30,24307.94921875,24308.75,24299.69921875,24303.349609375,0
2026-07-31 09:38:00+05:30,24302.69921875,24305.599609375,24299.849609375,24303.75,0
2026-07-31 09:39:00+05:30,24303.650390625,24312.69921875,24303.650390625,24310.0,0
2026-07-31 09:40:00+05:30,24310.30078125,24316.69921875,24309.099609375,24315.650390625,0
2026-07-31 09:41:00+05:30,24316.30078125,24328.25,24316.30078125,24326.150390625,0
2026-07-31 09:42:00+05:30,24326.19921875,24332.75,24325.75,24331.75,0
2026-07-31 09:43:00+05:30,24331.94921875,24348.400390625,24330.75,24345.44921875,0
2026-07-31 09:44:00+05:30,24346.650390625,24352.900390625,24342.55078125,24349.30078125,0
2026-07-31 09:45:00+05:30,24348.900390625,24351.650390625,24341.650390625,24343.30078125,0
2026-07-31 09:46:00+05:30,24343.25,24348.55078125,24335.75,24346.599609375,0
2026-07-31 09:47:00+05:30,24347.30078125,24354.69921875,24344.349609375,24353.69921875,0
2026-07-31 09:48:00+05:30,24353.599609375,24359.69921875,24352.69921875,24356.94921875,0
2026-07-31 09:49:00+05:30,24357.80078125,24360.650390625,24350.69921875,24358.650390625,0
2026-07-31 09:50:00+05:30,24358.69921875,24361.44921875,24350.75,24352.5,0
2026-07-31 09:51:00+05:30,24352.650390625,24352.94921875,24341.80078125,24342.900390625,0
2026-07-31 09:52:00+05:30,24342.94921875,24347.05078125,24338.349609375,24346.44921875,0
2026-07-31 09:53:00+05:30,24346.30078125,24351.30078125,24346.30078125,24349.05078125,0
2026-07-31 09:54:00+05:30,24349.05078125,24357.19921875,24347.44921875,24354.80078125,0
2026-07-31 09:55:00+05:30,24354.19921875,24355.400390625,24350.400390625,24354.099609375,0
2026-07-31 09:56:00+05:30,24354.400390625,24358.25,24352.650390625,24357.55078125,0
2026-07-31 09:57:00+05:30,24358.099609375,24362.94921875,24357.349609375,24360.69921875,0
2026-07-31 09:58:00+05:30,24360.599609375,24362.5,24356.25,24357.44921875,0
2026-07-31 09:59:00+05:30,24357.30078125,24360.650390625,24353.849609375,24357.55078125,0
2026-07-31 10:00:00+05:30,24357.599609375,24359.650390625,24351.75,24351.900390625,0
2026-07-31 10:01:00+05:30,24351.900390625,24356.55078125,24351.5,24355.30078125,0
2026-07-31 10:02:00+05:30,24355.05078125,24358.69921875,24354.55078125,24354.55078125,0
2026-07-31 10:03:00+05:30,24354.69921875,24356.44921875,24350.44921875,24351.099609375,0
2026-07-31 10:04:00+05:30,24351.400390625,24353.30078125,24347.75,24351.0,0
2026-07-31 10:05:00+05:30,24350.599609375,24352.0,24343.5,24345.19921875,0
2026-07-31 10:06:00+05:30,24345.599609375,24345.94921875,24342.80078125,24344.650390625,0
2026-07-31 10:07:00+05:30,24344.44921875,24347.5,24336.55078125,24337.349609375,0
2026-07-31 10:08:00+05:30,24336.69921875,24340.150390625,24333.650390625,24339.349609375,0
2026-07-31 10:09:00+05:30,24339.5,24342.69921875,24339.0,24341.599609375,0
2026-07-31 10:10:00+05:30,24341.30078125,24343.30078125,24339.75,24343.30078125,0
2026-07-31 10:11:00+05:30,24342.80078125,24348.19921875,24342.19921875,24346.25,0
2026-07-31 10:12:00+05:30,24346.44921875,24352.69921875,24345.599609375,24349.80078125,0
2026-07-31 10:13:00+05:30,24349.75,24351.150390625,24344.25,24347.05078125,0
2026-07-31 10:14:00+05:30,24346.150390625,24349.94921875,24344.650390625,24346.05078125,0
2026-07-31 10:15:00+05:30,24346.19921875,24346.94921875,24336.5,24337.599609375,0
2026-07-31 10:16:00+05:30,24337.599609375,24338.650390625,24332.900390625,24337.099609375,0
2026-07-31 10:17:00+05:30,24336.849609375,24343.30078125,24334.5,24343.0,0
2026-07-31 10:18:00+05:30,24342.849609375,24345.900390625,24339.849609375,24342.05078125,0
2026-07-31 10:19:00+05:30,24342.150390625,24348.650390625,24340.849609375,24347.75,0
2026-07-31 10:20:00+05:30,24347.400390625,24350.400390625,24345.599609375,24350.0,0
2026-07-31 10:21:00+05:30,24349.75,24353.55078125,24348.94921875,24351.900390625,0
2026-07-31 10:22:00+05:30,24351.400390625,24353.150390625,24346.849609375,24348.0,0
2026-07-31 10:23:00+05:30,24348.0,24353.349609375,24345.80078125,24352.349609375,0
2026-07-31 10:24:00+05:30,24351.75,24355.44921875,24351.75,24353.849609375,0
2026-07-31 10:25:00+05:30,24353.5,24354.75,24351.25,24351.75,0
2026-07-31 10:26:00+05:30,24351.75,24353.25,24346.30078125,24347.849609375,0
2026-07-31 10:27:00+05:30,24347.650390625,24350.80078125,24346.55078125,24350.150390625,0
2026-07-31 10:28:00+05:30,24350.30078125,24355.0,24349.75,24353.900390625,0
2026-07-31 10:29:00+05:30,24352.900390625,24355.349609375,24351.55078125,24352.099609375,0
2026-07-31 10:30:00+05:30,24350.80078125,24354.900390625,24349.5,24350.44921875,0
2026-07-31 10:31:00+05:30,24349.75,24352.75,24347.349609375,24347.44921875,0
2026-07-31 10:32:00+05:30,24347.349609375,24348.55078125,24339.05078125,24339.30078125,0
2026-07-31 10:33:00+05:30,24339.5,24343.599609375,24337.150390625,24341.599609375,0
2026-07-31 10:34:00+05:30,24341.30078125,24342.69921875,24339.05078125,24341.0,0
2026-07-31 10:35:00+05:30,24340.44921875,24343.349609375,24336.150390625,24342.80078125,0
2026-07-31 10:36:00+05:30,24342.400390625,24349.349609375,24340.5,24349.349609375,0
2026-07-31 10:37:00+05:30,24349.05078125,24352.80078125,24348.650390625,24351.5,0
2026-07-31 10:38:00+05:30,24351.0,24359.55078125,24350.75,24356.599609375,0
2026-07-31 10:39:00+05:30,24356.400390625,24361.05078125,24356.150390625,24357.69921875,0
2026-07-31 10:40:00+05:30,24357.400390625,24359.900390625,24354.349609375,24354.599609375,0
2026-07-31 10:41:00+05:30,24354.400390625,24356.900390625,24352.0,24353.849609375,0
2026-07-31 10:42:00+05:30,24353.80078125,24355.599609375,24351.69921875,24354.75,0
2026-07-31 10:43:00+05:30,24354.650390625,24356.099609375,24352.30078125,24354.400390625,0
2026-07-31 10:44:00+05:30,24354.150390625,24355.599609375,24350.599609375,24353.55078125,0
2026-07-31 10:45:00+05:30,24353.0,24357.19921875,24352.05078125,24357.19921875,0
2026-07-31 10:46:00+05:30,24356.69921875,24358.0,24354.650390625,24356.55078125,0
2026-07-31 10:47:00+05:30,24356.55078125,24359.69921875,24356.44921875,24357.0,0
2026-07-31 10:48:00+05:30,24357.099609375,24361.099609375,24357.099609375,24361.05078125,0
2026-07-31 10:49:00+05:30,24361.44921875,24362.349609375,24355.150390625,24356.75,0
2026-07-31 10:50:00+05:30,24355.75,24357.400390625,24348.05078125,24348.05078125,0
2026-07-31 10:51:00+05:30,24347.94921875,24350.75,24346.650390625,24349.349609375,0
2026-07-31 10:52:00+05:30,24349.19921875,24350.599609375,24345.30078125,24348.650390625,0
2026-07-31 10:53:00+05:30,24348.19921875,24350.25,24347.150390625,24348.30078125,0
2026-07-31 10:54:00+05:30,24347.650390625,24353.05078125,24347.650390625,24351.599609375,0
2026-07-31 10:55:00+05:30,24352.650390625,24354.0,24350.849609375,24352.25,0
2026-07-31 10:56:00+05:30,24352.5,24353.30078125,24348.400390625,24350.099609375,0
2026-07-31 10:57:00+05:30,24349.849609375,24352.900390625,24349.150390625,24351.400390625,0
2026-07-31 10:58:00+05:30,24351.75,24355.44921875,24351.19921875,24353.599609375,0
2026-07-31 10:59:00+05:30,24353.05078125,24356.650390625,24352.5,24354.19921875,0
2026-07-31 11:00:00+05:30,24354.099609375,24355.55078125,24352.349609375,24352.849609375,0
2026-07-31 11:01:00+05:30,24352.19921875,24354.349609375,24346.80078125,24349.75,0
2026-07-31 11:02:00+05:30,24349.349609375,24352.19921875,24347.05078125,24351.849609375,0
2026-07-31 11:03:00+05:30,24351.30078125,24353.69921875,24350.25,24351.0,0
2026-07-31 11:04:00+05:30,24350.80078125,24357.30078125,24350.80078125,24354.650390625,0
2026-07-31 11:05:00+05:30,24354.349609375,24355.5,24352.099609375,24354.5,0
2026-07-31 11:06:00+05:30,24353.849609375,24355.19921875,24346.099609375,24347.150390625,0
2026-07-31 11:07:00+05:30,24346.94921875,24349.150390625,24344.05078125,24346.900390625,0
2026-07-31 11:08:00+05:30,24346.80078125,24348.25,24341.05078125,24343.69921875,0
2026-07-31 11:09:00+05:30,24343.69921875,24344.69921875,24335.94921875,24337.69921875,0
2026-07-31 11:10:00+05:30,24337.099609375,24341.30078125,24334.150390625,24341.099609375,0
2026-07-31 11:11:00+05:30,24340.349609375,24346.900390625,24340.349609375,24344.150390625,0
2026-07-31 11:12:00+05:30,24344.099609375,24346.900390625,24343.0,24346.900390625,0
2026-07-31 11:13:00+05:30,24346.650390625,24350.849609375,24346.0,24350.30078125,0
2026-07-31 11:14:00+05:30,24349.150390625,24357.900390625,24349.150390625,24357.75,0
2026-07-31 11:15:00+05:30,24357.75,24365.349609375,24357.75,24362.900390625,0
2026-07-31 11:16:00+05:30,24362.349609375,24364.55078125,24359.05078125,24360.900390625,0
2026-07-31 11:17:00+05:30,24360.349609375,24362.599609375,24355.69921875,24356.25,0
2026-07-31 11:18:00+05:30,24356.0,24362.849609375,24356.0,24360.19921875,0
2026-07-31 11:19:00+05:30,24360.19921875,24364.099609375,24358.849609375,24362.900390625,0
2026-07-31 11:20:00+05:30,24362.0,24366.69921875,24362.0,24366.150390625,0
2026-07-31 11:21:00+05:30,24366.25,24370.55078125,24365.25,24367.5,0
2026-07-31 11:22:00+05:30,24367.30078125,24369.05078125,24365.55078125,24368.5,0
2026-07-31 11:23:00+05:30,24367.94921875,24369.599609375,24365.19921875,24366.150390625,0
2026-07-31 11:24:00+05:30,24366.0,24367.849609375,24362.94921875,24367.75,0
2026-07-31 11:25:00+05:30,24366.44921875,24372.099609375,24366.44921875,24371.0,0
2026-07-31 11:26:00+05:30,24371.400390625,24374.94921875,24368.5,24369.599609375,0
2026-07-31 11:27:00+05:30,24369.44921875,24370.5,24365.19921875,24367.349609375,0
2026-07-31 11:28:00+05:30,24367.650390625,24368.94921875,24363.900390625,24366.05078125,0
2026-07-31 11:29:00+05:30,24365.900390625,24370.099609375,24365.400390625,24365.69921875,0
2026-07-31 11:30:00+05:30,24366.25,24369.05078125,24365.55078125,24367.25,0
2026-07-31 11:31:00+05:30,24367.30078125,24370.0,24361.900390625,24361.900390625,0
2026-07-31 11:32:00+05:30,24363.55078125,24364.30078125,24361.25,24361.650390625,0
2026-07-31 11:33:00+05:30,24362.150390625,24364.099609375,24360.19921875,24363.69921875,0
2026-07-31 11:34:00+05:30,24363.30078125,24365.75,24362.05078125,24363.05078125,0
2026-07-31 11:35:00+05:30,24362.69921875,24369.900390625,24362.69921875,24368.650390625,0
2026-07-31 11:36:00+05:30,24368.55078125,24369.5,24365.55078125,24366.19921875,0
2026-07-31 11:37:00+05:30,24366.400390625,24367.75,24362.05078125,24363.599609375,0
2026-07-31 11:38:00+05:30,24363.44921875,24365.19921875,24360.599609375,24362.599609375,0
2026-07-31 11:39:00+05:30,24362.44921875,24364.150390625,24360.44921875,24360.94921875,0
2026-07-31 11:40:00+05:30,24361.349609375,24362.349609375,24358.94921875,24359.69921875,0
2026-07-31 11:41:00+05:30,24359.94921875,24361.69921875,24357.849609375,24360.05078125,0
2026-07-31 11:42:00+05:30,24359.75,24363.55078125,24359.25,24361.0,0
2026-07-31 11:43:00+05:30,24361.400390625,24362.400390625,24358.349609375,24361.099609375,0
2026-07-31 11:44:00+05:30,24360.900390625,24367.0,24360.900390625,24364.69921875,0
2026-07-31 11:45:00+05:30,24364.599609375,24366.55078125,24361.849609375,24362.599609375,0
2026-07-31 11:46:00+05:30,24362.55078125,24364.5,24360.900390625,24361.44921875,0
2026-07-31 11:47:00+05:30,24360.94921875,24362.30078125,24359.0,24360.05078125,0
2026-07-31 11:48:00+05:30,24360.25,24363.55078125,24359.69921875,24360.599609375,0
2026-07-31 11:49:00+05:30,24360.400390625,24363.150390625,24359.30078125,24362.05078125,0
2026-07-31 11:50:00+05:30,24362.099609375,24367.849609375,24362.0,24366.599609375,0
2026-07-31 11:51:00+05:30,24367.150390625,24369.099609375,24361.55078125,24362.5,0
2026-07-31 11:52:00+05:30,24362.55078125,24364.5,24361.55078125,24363.849609375,0
2026-07-31 11:53:00+05:30,24363.75,24365.5,24359.599609375,24360.19921875,0
2026-07-31 11:54:00+05:30,24360.099609375,24362.44921875,24358.349609375,24361.599609375,0
2026-07-31 11:55:00+05:30,24362.75,24366.099609375,24361.099609375,24363.55078125,0
2026-07-31 11:56:00+05:30,24364.0,24366.099609375,24362.30078125,24364.94921875,0
2026-07-31 11:57:00+05:30,24365.69921875,24367.80078125,24362.75,24364.599609375,0
2026-07-31 11:58:00+05:30,24365.25,24368.44921875,24365.25,24366.599609375,0
2026-07-31 11:59:00+05:30,24367.0,24368.099609375,24363.5,24364.44921875,0
2026-07-31 12:00:00+05:30,24364.849609375,24367.400390625,24363.849609375,24365.30078125,0
2026-07-31 12:01:00+05:30,24365.44921875,24366.849609375,24361.400390625,24361.55078125,0
2026-07-31 12:02:00+05:30,24361.75,24367.44921875,24361.75,24365.849609375,0
2026-07-31 12:03:00+05:30,24365.650390625,24368.55078125,24365.150390625,24366.5,0
2026-07-31 12:04:00+05:30,24366.599609375,24368.30078125,24361.349609375,24362.30078125,0
2026-07-31 12:05:00+05:30,24362.25,24365.349609375,24360.94921875,24364.5,0
2026-07-31 12:06:00+05:30,24364.44921875,24369.44921875,24362.94921875,24368.400390625,0
2026-07-31 12:07:00+05:30,24368.75,24373.349609375,24367.849609375,24372.900390625,0
2026-07-31 12:08:00+05:30,24372.80078125,24374.30078125,24370.0,24370.099609375,0
2026-07-31 12:09:00+05:30,24369.150390625,24371.900390625,24368.650390625,24371.900390625,0
2026-07-31 12:10:00+05:30,24371.900390625,24373.80078125,24369.849609375,24370.75,0
2026-07-31 12:11:00+05:30,24370.900390625,24372.69921875,24365.900390625,24365.900390625,0
2026-07-31 12:12:00+05:30,24365.900390625,24372.349609375,24365.80078125,24370.69921875,0
2026-07-31 12:13:00+05:30,24370.900390625,24375.599609375,24370.900390625,24374.150390625,0
2026-07-31 12:14:00+05:30,24374.349609375,24382.5,24373.19921875,24382.099609375,0
2026-07-31 12:15:00+05:30,24381.55078125,24384.349609375,24378.05078125,24382.44921875,0
2026-07-31 12:16:00+05:30,24382.55078125,24384.05078125,24377.55078125,24378.94921875,0
2026-07-31 12:17:00+05:30,24379.19921875,24382.75,24378.650390625,24379.30078125,0
2026-07-31 12:18:00+05:30,24379.19921875,24380.55078125,24375.05078125,24377.349609375,0
2026-07-31 12:19:00+05:30,24377.400390625,24378.55078125,24374.30078125,24374.69921875,0
2026-07-31 12:20:00+05:30,24374.650390625,24378.69921875,24374.55078125,24374.94921875,0
2026-07-31 12:21:00+05:30,24375.19921875,24377.849609375,24374.400390625,24376.19921875,0
2026-07-31 12:22:00+05:30,24375.94921875,24378.80078125,24375.19921875,24377.099609375,0
2026-07-31 12:23:00+05:30,24376.69921875,24379.0,24375.55078125,24376.80078125,0
2026-07-31 12:24:00+05:30,24376.30078125,24380.150390625,24375.0,24378.44921875,0
2026-07-31 12:25:00+05:30,24378.650390625,24383.349609375,24378.0,24382.30078125,0
2026-07-31 12:26:00+05:30,24382.849609375,24383.69921875,24380.69921875,24382.349609375,0
2026-07-31 12:27:00+05:30,24382.349609375,24388.599609375,24381.650390625,24386.900390625,0
2026-07-31 12:28:00+05:30,24387.05078125,24391.94921875,24386.599609375,24391.30078125,0
2026-07-31 12:29:00+05:30,24391.30078125,24392.900390625,24385.55078125,24386.30078125,0
2026-07-31 12:30:00+05:30,24385.69921875,24387.80078125,24381.849609375,24383.30078125,0
2026-07-31 12:31:00+05:30,24382.849609375,24384.0,24378.650390625,24380.400390625,0
2026-07-31 12:32:00+05:30,24380.349609375,24384.25,24379.599609375,24383.05078125,0
2026-07-31 12:33:00+05:30,24382.900390625,24387.75,24382.80078125,24387.44921875,0
2026-07-31 12:34:00+05:30,24387.099609375,24392.80078125,24386.849609375,24392.599609375,0
2026-07-31 12:35:00+05:30,24392.849609375,24397.5,24391.80078125,24395.69921875,0
2026-07-31 12:36:00+05:30,24395.650390625,24396.5,24391.0,24393.150390625,0
2026-07-31 12:37:00+05:30,24393.349609375,24395.650390625,24389.80078125,24391.349609375,0
2026-07-31 12:38:00+05:30,24391.94921875,24395.099609375,24391.349609375,24394.349609375,0
2026-07-31 12:39:00+05:30,24394.150390625,24396.75,24392.849609375,24396.150390625,0
2026-07-31 12:40:00+05:30,24396.75,24401.099609375,24396.75,24398.599609375,0
2026-07-31 12:41:00+05:30,24398.80078125,24400.75,24397.05078125,24398.80078125,0
2026-07-31 12:42:00+05:30,24398.849609375,24401.0,24396.94921875,24397.75,0
2026-07-31 12:43:00+05:30,24397.650390625,24399.44921875,24394.5,24397.75,0
2026-07-31 12:44:00+05:30,24398.650390625,24404.44921875,24398.25,24401.75,0
2026-07-31 12:45:00+05:30,24402.0,24408.19921875,24400.05078125,24406.44921875,0
2026-07-31 12:46:00+05:30,24406.849609375,24408.55078125,24404.599609375,24406.94921875,0
2026-07-31 12:47:00+05:30,24407.44921875,24409.30078125,24401.849609375,24404.849609375,0
2026-07-31 12:48:00+05:30,24404.849609375,24410.75,24404.849609375,24409.900390625,0
2026-07-31 12:49:00+05:30,24410.599609375,24413.94921875,24409.150390625,24413.099609375,0
2026-07-31 12:50:00+05:30,24412.55078125,24414.80078125,24406.349609375,24406.44921875,0
2026-07-31 12:51:00+05:30,24406.849609375,24408.5,24403.5,24405.30078125,0
2026-07-31 12:52:00+05:30,24404.900390625,24407.55078125,24403.0,24404.099609375,0
2026-07-31 12:53:00+05:30,24404.25,24406.650390625,24402.849609375,24406.44921875,0
2026-07-31 12:54:00+05:30,24406.44921875,24412.25,24405.44921875,24408.75,0
2026-07-31 12:55:00+05:30,24408.900390625,24413.94921875,24407.900390625,24413.44921875,0
2026-07-31 12:56:00+05:30,24413.400390625,24417.099609375,24412.44921875,24415.5,0
2026-07-31 12:57:00+05:30,24415.44921875,24424.55078125,24415.44921875,24422.19921875,0
2026-07-31 12:58:00+05:30,24422.05078125,24423.25,24418.400390625,24418.599609375,0
2026-07-31 12:59:00+05:30,24419.150390625,24420.69921875,24411.44921875,24413.75,0
2026-07-31 13:00:00+05:30,24412.94921875,24417.349609375,24412.94921875,24414.099609375,0
2026-07-31 13:01:00+05:30,24414.599609375,24417.150390625,24408.05078125,24408.900390625,0
2026-07-31 13:02:00+05:30,24409.19921875,24411.849609375,24407.55078125,24409.099609375,0
2026-07-31 13:03:00+05:30,24408.650390625,24414.94921875,24408.599609375,24414.5,0
2026-07-31 13:04:00+05:30,24414.599609375,24416.400390625,24412.80078125,24414.44921875,0
2026-07-31 13:05:00+05:30,24414.75,24418.19921875,24414.44921875,24417.75,0
2026-07-31 13:06:00+05:30,24417.400390625,24420.25,24416.25,24418.30078125,0
2026-07-31 13:07:00+05:30,24418.05078125,24422.400390625,24415.5,24422.05078125,0
2026-07-31 13:08:00+05:30,24422.349609375,24427.849609375,24419.400390625,24425.75,0
2026-07-31 13:09:00+05:30,24425.55078125,24426.80078125,24418.849609375,24418.849609375,0
2026-07-31 13:10:00+05:30,24419.150390625,24421.44921875,24416.05078125,24418.69921875,0
2026-07-31 13:11:00+05:30,24418.650390625,24420.44921875,24413.25,24413.849609375,0
2026-07-31 13:12:00+05:30,24414.099609375,24417.099609375,24412.849609375,24415.349609375,0
2026-07-31 13:13:00+05:30,24415.150390625,24417.849609375,24412.150390625,24416.05078125,0
2026-07-31 13:14:00+05:30,24416.0,24417.849609375,24413.19921875,24414.80078125,0
2026-07-31 13:15:00+05:30,24414.30078125,24416.400390625,24412.69921875,24413.5,0
2026-07-31 13:16:00+05:30,24413.55078125,24418.55078125,24413.55078125,24415.900390625,0
2026-07-31 13:17:00+05:30,24416.349609375,24420.0,24415.05078125,24417.5,0
2026-07-31 13:18:00+05:30,24418.0,24419.0,24416.150390625,24418.55078125,0
2026-07-31 13:19:00+05:30,24418.19921875,24421.75,24416.900390625,24420.599609375,0
2026-07-31 13:20:00+05:30,24420.69921875,24423.150390625,24418.05078125,24418.05078125,0
2026-07-31 13:21:00+05:30,24416.69921875,24420.0,24415.55078125,24417.349609375,0
2026-07-31 13:22:00+05:30,24417.44921875,24422.0,24416.849609375,24422.0,0
2026-07-31 13:23:00+05:30,24422.05078125,24423.75,24420.19921875,24420.19921875,0
2026-07-31 13:24:00+05:30,24420.099609375,24426.19921875,24420.05078125,24423.599609375,0
2026-07-31 13:25:00+05:30,24423.150390625,24429.400390625,24423.099609375,24427.0,0
2026-07-31 13:26:00+05:30,24426.900390625,24428.599609375,24424.849609375,24425.44921875,0
2026-07-31 13:27:00+05:30,24425.05078125,24427.0,24420.75,24420.75,0
2026-07-31 13:28:00+05:30,24421.0,24422.150390625,24414.349609375,24417.0,0
2026-07-31 13:29:00+05:30,24417.30078125,24420.75,24416.400390625,24417.849609375,0
2026-07-31 13:30:00+05:30,24417.900390625,24419.80078125,24414.25,24415.25,0
2026-07-31 13:31:00+05:30,24415.099609375,24416.849609375,24410.099609375,24410.400390625,0
2026-07-31 13:32:00+05:30,24410.19921875,24411.44921875,24405.0,24405.0,0
2026-07-31 13:33:00+05:30,24405.349609375,24408.900390625,24403.400390625,24404.599609375,0
2026-07-31 13:34:00+05:30,24404.900390625,24406.900390625,24396.05078125,24398.80078125,0
2026-07-31 13:35:00+05:30,24399.19921875,24404.25,24397.900390625,24399.849609375,0
2026-07-31 13:36:00+05:30,24399.80078125,24407.5,24399.75,24406.349609375,0
2026-07-31 13:37:00+05:30,24406.349609375,24409.099609375,24403.099609375,24408.099609375,0
2026-07-31 13:38:00+05:30,24408.099609375,24411.30078125,24406.099609375,24406.349609375,0
2026-07-31 13:39:00+05:30,24405.69921875,24407.099609375,24399.69921875,24400.150390625,0
2026-07-31 13:40:00+05:30,24400.400390625,24402.599609375,24394.5,24394.5,0
2026-07-31 13:41:00+05:30,24394.400390625,24396.94921875,24391.44921875,24393.599609375,0
2026-07-31 13:42:00+05:30,24393.69921875,24397.900390625,24393.44921875,24396.349609375,0
2026-07-31 13:43:00+05:30,24396.0,24398.849609375,24395.30078125,24397.80078125,0
2026-07-31 13:44:00+05:30,24398.5,24399.25,24394.599609375,24395.19921875,0
2026-07-31 13:45:00+05:30,24395.75,24397.650390625,24392.099609375,24392.94921875,0
2026-07-31 13:46:00+05:30,24392.849609375,24395.150390625,24390.19921875,24393.80078125,0
2026-07-31 13:47:00+05:30,24393.849609375,24398.150390625,24393.849609375,24396.69921875,0
2026-07-31 13:48:00+05:30,24396.69921875,24401.0,24395.44921875,24399.150390625,0
2026-07-31 13:49:00+05:30,24399.0,24403.05078125,24397.849609375,24400.150390625,0
2026-07-31 13:50:00+05:30,24399.69921875,24402.30078125,24397.5,24399.94921875,0
2026-07-31 13:51:00+05:30,24401.80078125,24403.75,24398.94921875,24403.349609375,0
2026-07-31 13:52:00+05:30,24404.19921875,24405.19921875,24401.44921875,24403.650390625,0
2026-07-31 13:53:00+05:30,24404.69921875,24406.44921875,24403.099609375,24404.849609375,0
2026-07-31 13:54:00+05:30,24405.19921875,24406.05078125,24401.599609375,24403.900390625,0
2026-07-31 13:55:00+05:30,24404.94921875,24408.94921875,24402.75,24408.05078125,0
2026-07-31 13:56:00+05:30,24408.75,24410.80078125,24407.150390625,24408.349609375,0
2026-07-31 13:57:00+05:30,24409.599609375,24411.05078125,24405.75,24407.44921875,0
2026-07-31 13:58:00+05:30,24408.94921875,24410.25,24407.05078125,24409.80078125,0
2026-07-31 13:59:00+05:30,24410.30078125,24413.099609375,24409.44921875,24412.19921875,0
2026-07-31 14:00:00+05:30,24413.05078125,24413.75,24410.0,24411.650390625,0
2026-07-31 14:01:00+05:30,24412.150390625,24412.900390625,24402.80078125,24403.05078125,0
2026-07-31 14:02:00+05:30,24404.05078125,24405.0,24399.55078125,24400.349609375,0
2026-07-31 14:03:00+05:30,24402.05078125,24402.849609375,24397.55078125,24397.900390625,0
2026-07-31 14:04:00+05:30,24399.650390625,24400.150390625,24394.05078125,24394.75,0
2026-07-31 14:05:00+05:30,24395.75,24396.650390625,24387.599609375,24388.349609375,0
2026-07-31 14:06:00+05:30,24389.05078125,24390.75,24386.0,24390.05078125,0
2026-07-31 14:07:00+05:30,24391.0,24394.349609375,24389.900390625,24393.849609375,0
2026-07-31 14:08:00+05:30,24395.25,24397.80078125,24393.44921875,24395.19921875,0
2026-07-31 14:09:00+05:30,24397.0,24397.05078125,24391.150390625,24391.150390625,0
2026-07-31 14:10:00+05:30,24392.19921875,24394.400390625,24389.849609375,24393.099609375,0
2026-07-31 14:11:00+05:30,24393.69921875,24397.30078125,24391.400390625,24396.900390625,0
2026-07-31 14:12:00+05:30,24397.400390625,24404.5,24397.30078125,24404.30078125,0
2026-07-31 14:13:00+05:30,24405.05078125,24406.349609375,24403.25,24405.19921875,0
2026-07-31 14:14:00+05:30,24406.19921875,24406.400390625,24401.0,24402.650390625,0
2026-07-31 14:15:00+05:30,24403.5,24404.05078125,24400.19921875,24402.5,0
2026-07-31 14:16:00+05:30,24403.05078125,24404.19921875,24401.25,24403.599609375,0
2026-07-31 14:17:00+05:30,24403.94921875,24404.80078125,24395.94921875,24397.5,0
2026-07-31 14:18:00+05:30,24398.75,24399.400390625,24393.349609375,24393.349609375,0
2026-07-31 14:19:00+05:30,24394.400390625,24396.25,24391.150390625,24395.44921875,0
2026-07-31 14:20:00+05:30,24395.69921875,24396.05078125,24392.349609375,24394.80078125,0
2026-07-31 14:21:00+05:30,24395.80078125,24396.55078125,24391.19921875,24391.400390625,0
2026-07-31 14:22:00+05:30,24392.349609375,24394.599609375,24390.150390625,24390.80078125,0
2026-07-31 14:23:00+05:30,24391.25,24396.80078125,24390.349609375,24396.30078125,0
2026-07-31 14:24:00+05:30,24396.94921875,24399.900390625,24394.25,24398.900390625,0
2026-07-31 14:25:00+05:30,24399.5,24401.849609375,24397.05078125,24401.650390625,0
2026-07-31 14:26:00+05:30,24402.30078125,24405.900390625,24400.5,24405.099609375,0
2026-07-31 14:27:00+05:30,24406.25,24407.05078125,24400.25,24402.55078125,0
2026-07-31 14:28:00+05:30,24403.69921875,24405.849609375,24402.349609375,24403.900390625,0
2026-07-31 14:29:00+05:30,24404.099609375,24405.099609375,24391.599609375,24394.30078125,0
2026-07-31 14:30:00+05:30,24395.80078125,24401.900390625,24394.650390625,24396.150390625,0
2026-07-31 14:31:00+05:30,24397.0,24400.30078125,24391.75,24391.75,0
2026-07-31 14:32:00+05:30,24392.349609375,24393.349609375,24377.55078125,24377.94921875,0
2026-07-31 14:33:00+05:30,24378.75,24383.55078125,24374.44921875,24378.30078125,0
2026-07-31 14:34:00+05:30,24378.900390625,24380.44921875,24373.69921875,24375.099609375,0
2026-07-31 14:35:00+05:30,24375.150390625,24376.30078125,24368.55078125,24369.400390625,0
2026-07-31 14:36:00+05:30,24370.19921875,24373.19921875,24368.0,24372.94921875,0
2026-07-31 14:37:00+05:30,24373.69921875,24377.44921875,24370.849609375,24376.349609375,0
2026-07-31 14:38:00+05:30,24377.099609375,24382.30078125,24375.80078125,24377.30078125,0
2026-07-31 14:39:00+05:30,24378.849609375,24379.75,24373.400390625,24373.400390625,0
2026-07-31 14:40:00+05:30,24375.0,24375.55078125,24366.25,24366.25,0
2026-07-31 14:41:00+05:30,24366.94921875,24370.25,24364.25,24368.5,0
2026-07-31 14:42:00+05:30,24369.55078125,24370.150390625,24362.349609375,24362.400390625,0
2026-07-31 14:43:00+05:30,24363.849609375,24365.349609375,24357.80078125,24358.900390625,0
2026-07-31 14:44:00+05:30,24359.69921875,24363.30078125,24357.099609375,24361.849609375,0
2026-07-31 14:45:00+05:30,24361.650390625,24366.599609375,24361.349609375,24364.80078125,0
2026-07-31 14:46:00+05:30,24365.25,24367.150390625,24364.099609375,24365.0,0
2026-07-31 14:47:00+05:30,24366.05078125,24367.5,24362.349609375,24362.849609375,0
2026-07-31 14:48:00+05:30,24363.19921875,24372.05078125,24362.0,24371.05078125,0
2026-07-31 14:49:00+05:30,24371.69921875,24372.650390625,24369.0,24370.30078125,0
2026-07-31 14:50:00+05:30,24370.900390625,24373.0,24368.69921875,24372.75,0
2026-07-31 14:51:00+05:30,24373.75,24375.05078125,24366.05078125,24367.69921875,0
2026-07-31 14:52:00+05:30,24368.599609375,24369.69921875,24366.75,24367.5,0
2026-07-31 14:53:00+05:30,24368.44921875,24369.849609375,24365.94921875,24367.849609375,0
2026-07-31 14:54:00+05:30,24367.69921875,24370.30078125,24366.599609375,24369.650390625,0
2026-07-31 14:55:00+05:30,24370.75,24370.900390625,24365.55078125,24366.30078125,0
2026-07-31 14:56:00+05:30,24367.650390625,24368.19921875,24364.19921875,24364.849609375,0
2026-07-31 14:57:00+05:30,24366.19921875,24368.099609375,24361.69921875,24362.55078125,0
2026-07-31 14:58:00+05:30,24363.099609375,24363.650390625,24356.25,24357.650390625,0
2026-07-31 14:59:00+05:30,24358.19921875,24361.19921875,24355.05078125,24360.55078125,0
2026-07-31 15:00:00+05:30,24361.19921875,24372.400390625,24361.19921875,24371.849609375,0
2026-07-31 15:01:00+05:30,24372.25,24379.25,24372.25,24377.5,0
2026-07-31 15:02:00+05:30,24378.05078125,24378.650390625,24374.69921875,24376.25,0
2026-07-31 15:03:00+05:30,24376.900390625,24384.400390625,24376.69921875,24383.80078125,0
2026-07-31 15:04:00+05:30,24384.0,24385.849609375,24380.25,24384.19921875,0
2026-07-31 15:05:00+05:30,24385.44921875,24387.650390625,24382.650390625,24383.849609375,0
2026-07-31 15:06:00+05:30,24384.19921875,24385.099609375,24381.94921875,24384.25,0
2026-07-31 15:07:00+05:30,24384.94921875,24393.75,24384.599609375,24392.44921875,0
2026-07-31 15:08:00+05:30,24393.099609375,24397.75,24392.150390625,24395.099609375,0
2026-07-31 15:09:00+05:30,24395.80078125,24399.0,24394.5,24398.349609375,0
2026-07-31 15:10:00+05:30,24399.0,24399.150390625,24393.849609375,24394.94921875,0
2026-07-31 15:11:00+05:30,24396.05078125,24397.650390625,24394.400390625,24396.900390625,0
2026-07-31 15:12:00+05:30,24396.69921875,24398.0,24389.55078125,24389.94921875,0
2026-07-31 15:13:00+05:30,24391.44921875,24395.150390625,24388.75,24393.44921875,0
2026-07-31 15:14:00+05:30,24394.80078125,24396.19921875,24389.69921875,24390.19921875,0
2026-07-31 15:15:00+05:30,24391.30078125,24392.400390625,24388.099609375,24388.900390625,0
2026-07-31 15:16:00+05:30,24388.900390625,24390.19921875,24384.30078125,24384.69921875,0
2026-07-31 15:17:00+05:30,24385.099609375,24387.099609375,24381.75,24382.900390625,0
2026-07-31 15:18:00+05:30,24384.099609375,24387.30078125,24384.0,24384.75,0
2026-07-31 15:19:00+05:30,24385.400390625,24385.94921875,24377.30078125,24377.900390625,0
2026-07-31 15:20:00+05:30,24377.44921875,24379.69921875,24376.5,24378.19921875,0
2026-07-31 15:21:00+05:30,24378.599609375,24381.150390625,24377.05078125,24378.80078125,0
2026-07-31 15:22:00+05:30,24378.30078125,24381.349609375,24376.75,24377.55078125,0
2026-07-31 15:23:00+05:30,24377.0,24378.55078125,24373.0,24375.349609375,0
2026-07-31 15:24:00+05:30,24376.349609375,24382.0,24375.5,24379.849609375,0
2026-07-31 15:25:00+05:30,24380.55078125,24382.349609375,24377.30078125,24378.0,0
2026-07-31 15:26:00+05:30,24379.650390625,24380.25,24372.55078125,24374.30078125,0
2026-07-31 15:27:00+05:30,24373.80078125,24376.599609375,24372.94921875,24374.599609375,0
2026-07-31 15:28:00+05:30,24374.900390625,24375.849609375,24361.30078125,24363.19921875,0
2026-07-31 15:29:00+05:30,24364.5,24368.44921875,24359.650390625,24366.69921875,0
2026-08-03 09:15:00+05:30,24568.0,24568.0,24518.0,24553.80078125,0
2026-08-03 09:16:00+05:30,24553.5,24567.5,24549.30078125,24564.650390625,0
2026-08-03 09:17:00+05:30,24563.19921875,24566.69921875,24542.150390625,24545.5,0
2026-08-03 09:18:00+05:30,24546.5,24549.69921875,24538.650390625,24540.650390625,0
2026-08-03 09:19:00+05:30,24541.599609375,24541.599609375,24524.900390625,24530.099609375,0
2026-08-03 09:20:00+05:30,24530.150390625,24539.5,24526.25,24528.599609375,0
2026-08-03 09:21:00+05:30,24528.94921875,24530.849609375,24522.400390625,24529.150390625,0
2026-08-03 09:22:00+05:30,24528.0,24529.55078125,24516.80078125,24521.099609375,0
2026-08-03 09:23:00+05:30,24520.599609375,24525.849609375,24515.5,24523.099609375,0
2026-08-03 09:24:00+05:30,24522.75,24528.05078125,24518.349609375,24527.05078125,0
2026-08-03 09:25:00+05:30,24526.69921875,24533.650390625,24523.349609375,24531.80078125,0
2026-08-03 09:26:00+05:30,24532.44921875,24536.900390625,24530.19921875,24533.19921875,0
2026-08-03 09:27:00+05:30,24534.05078125,24542.599609375,24533.30078125,24539.30078125,0
2026-08-03 09:28:00+05:30,24539.05078125,24544.44921875,24537.75,24541.900390625,0
2026-08-03 09:29:00+05:30,24541.75,24551.94921875,24540.650390625,24550.19921875,0
2026-08-03 09:30:00+05:30,24550.25,24558.400390625,24548.19921875,24557.94921875,0
2026-08-03 09:31:00+05:30,24557.80078125,24557.94921875,24544.099609375,24545.05078125,0
2026-08-03 09:32:00+05:30,24545.099609375,24550.30078125,24544.349609375,24547.849609375,0
2026-08-03 09:33:00+05:30,24548.099609375,24551.44921875,24541.80078125,24543.80078125,0
2026-08-03 09:34:00+05:30,24544.25,24554.099609375,24542.80078125,24553.44921875,0
2026-08-03 09:35:00+05:30,24553.19921875,24556.099609375,24549.05078125,24552.400390625,0
2026-08-03 09:36:00+05:30,24552.400390625,24557.0,24547.349609375,24552.599609375,0
2026-08-03 09:37:00+05:30,24552.650390625,24555.0,24543.75,24545.150390625,0
2026-08-03 09:38:00+05:30,24545.05078125,24551.400390625,24545.05078125,24549.599609375,0
2026-08-03 09:39:00+05:30,24550.0,24556.900390625,24549.19921875,24554.400390625,0
2026-08-03 09:40:00+05:30,24553.25,24557.75,24551.849609375,24555.599609375,0
2026-08-03 09:41:00+05:30,24555.650390625,24559.849609375,24554.05078125,24558.650390625,0
2026-08-03 09:42:00+05:30,24558.69921875,24560.44921875,24555.150390625,24556.150390625,0
2026-08-03 09:43:00+05:30,24556.55078125,24557.349609375,24550.349609375,24551.849609375,0
2026-08-03 09:44:00+05:30,24552.5,24558.150390625,24550.849609375,24558.05078125,0
2026-08-03 09:45:00+05:30,24558.44921875,24558.849609375,24551.349609375,24552.44921875,0
2026-08-03 09:46:00+05:30,24552.5,24557.19921875,24550.0,24551.099609375,0
2026-08-03 09:47:00+05:30,24551.30078125,24553.599609375,24546.05078125,24549.19921875,0
2026-08-03 09:48:00+05:30,24548.80078125,24551.099609375,24546.099609375,24549.599609375,0
2026-08-03 09:49:00+05:30,24549.099609375,24552.69921875,24546.849609375,24548.25,0
2026-08-03 09:50:00+05:30,24548.099609375,24552.05078125,24545.75,24550.25,0
2026-08-03 09:51:00+05:30,24550.19921875,24556.349609375,24548.55078125,24553.900390625,0
2026-08-03 09:52:00+05:30,24553.650390625,24555.0,24550.94921875,24552.599609375,0
2026-08-03 09:53:00+05:30,24552.94921875,24556.30078125,24551.5,24551.849609375,0
2026-08-03 09:54:00+05:30,24551.69921875,24560.900390625,24550.75,24559.599609375,0
2026-08-03 09:55:00+05:30,24558.75,24564.400390625,24558.150390625,24564.349609375,0
2026-08-03 09:56:00+05:30,24564.599609375,24568.0,24561.94921875,24565.849609375,0
2026-08-03 09:57:00+05:30,24565.80078125,24569.349609375,24563.25,24566.55078125,0
2026-08-03 09:58:00+05:30,24566.44921875,24570.849609375,24563.69921875,24568.69921875,0
2026-08-03 09:59:00+05:30,24568.44921875,24571.599609375,24560.94921875,24564.69921875,0
2026-08-03 10:00:00+05:30,24564.099609375,24570.900390625,24563.05078125,24570.349609375,0
2026-08-03 10:01:00+05:30,24569.599609375,24574.599609375,24566.75,24568.849609375,0
2026-08-03 10:02:00+05:30,24568.25,24568.80078125,24562.099609375,24562.19921875,0
2026-08-03 10:03:00+05:30,24562.5,24563.80078125,24559.400390625,24562.650390625,0
2026-08-03 10:04:00+05:30,24562.650390625,24569.150390625,24559.05078125,24568.400390625,0
2026-08-03 10:05:00+05:30,24569.0,24571.5,24567.30078125,24570.650390625,0
2026-08-03 10:06:00+05:30,24570.30078125,24572.900390625,24563.94921875,24564.75,0
2026-08-03 10:07:00+05:30,24564.5,24565.05078125,24561.0,24563.0,0
2026-08-03 10:08:00+05:30,24565.44921875,24566.30078125,24561.05078125,24562.099609375,0
2026-08-03 10:09:00+05:30,24562.150390625,24568.5,24560.30078125,24567.19921875,0
2026-08-03 10:10:00+05:30,24567.150390625,24568.650390625,24563.849609375,24566.0,0
2026-08-03 10:11:00+05:30,24565.75,24569.55078125,24564.19921875,24569.0,0
2026-08-03 10:12:00+05:30,24569.05078125,24573.25,24567.099609375,24569.75,0
2026-08-03 10:13:00+05:30,24570.19921875,24578.650390625,24568.75,24578.25,0
2026-08-03 10:14:00+05:30,24577.25,24581.69921875,24576.900390625,24579.19921875,0
2026-08-03 10:15:00+05:30,24579.0,24583.75,24578.25,24580.099609375,0
2026-08-03 10:16:00+05:30,24580.25,24582.650390625,24578.55078125,24580.349609375,0
2026-08-03 10:17:00+05:30,24580.25,24588.150390625,24577.75,24587.05078125,0
2026-08-03 10:18:00+05:30,24586.69921875,24592.44921875,24583.349609375,24589.349609375,0
2026-08-03 10:19:00+05:30,24590.05078125,24591.650390625,24586.650390625,24588.150390625,0
2026-08-03 10:20:00+05:30,24588.150390625,24589.400390625,24583.349609375,24584.5,0
2026-08-03 10:21:00+05:30,24583.599609375,24585.900390625,24577.849609375,24578.599609375,0
2026-08-03 10:22:00+05:30,24578.55078125,24579.849609375,24574.849609375,24575.55078125,0
2026-08-03 10:23:00+05:30,24576.150390625,24577.900390625,24572.80078125,24573.5,0
2026-08-03 10:24:00+05:30,24574.0,24579.099609375,24573.55078125,24578.19921875,0
2026-08-03 10:25:00+05:30,24578.400390625,24580.849609375,24575.94921875,24580.0,0
2026-08-03 10:26:00+05:30,24579.599609375,24583.150390625,24577.44921875,24582.94921875,0
2026-08-03 10:27:00+05:30,24583.349609375,24586.849609375,24582.349609375,24583.44921875,0
2026-08-03 10:28:00+05:30,24583.19921875,24586.150390625,24580.94921875,24584.19921875,0
2026-08-03 10:29:00+05:30,24584.150390625,24585.900390625,24579.05078125,24580.80078125,0
2026-08-03 10:30:00+05:30,24580.150390625,24584.69921875,24579.650390625,24583.650390625,0
2026-08-03 10:31:00+05:30,24583.5,24584.75,24576.650390625,24579.599609375,0
2026-08-03 10:32:00+05:30,24578.5,24579.80078125,24572.05078125,24573.150390625,0
2026-08-03 10:33:00+05:30,24572.900390625,24574.19921875,24570.0,24571.900390625,0
2026-08-03 10:34:00+05:30,24571.80078125,24573.75,24564.400390625,24570.349609375,0
2026-08-03 10:35:00+05:30,24570.94921875,24572.099609375,24562.69921875,24563.94921875,0
2026-08-03 10:36:00+05:30,24564.05078125,24570.30078125,24564.05078125,24569.75,0
2026-08-03 10:37:00+05:30,24569.599609375,24578.55078125,24569.05078125,24577.30078125,0
2026-08-03 10:38:00+05:30,24576.69921875,24582.650390625,24573.599609375,24582.650390625,0
2026-08-03 10:39:00+05:30,24582.400390625,24585.44921875,24577.849609375,24584.19921875,0
2026-08-03 10:40:00+05:30,24583.94921875,24585.69921875,24578.30078125,24578.55078125,0
2026-08-03 10:41:00+05:30,24578.599609375,24582.349609375,24576.5,24581.400390625,0
2026-08-03 10:42:00+05:30,24580.44921875,24583.5,24579.55078125,24580.80078125,0
2026-08-03 10:43:00+05:30,24580.80078125,24583.25,24575.599609375,24581.19921875,0
2026-08-03 10:44:00+05:30,24581.69921875,24585.5,24580.900390625,24583.650390625,0
2026-08-03 10:45:00+05:30,24583.75,24585.30078125,24581.30078125,24583.849609375,0
2026-08-03 10:46:00+05:30,24583.5,24586.0,24579.44921875,24583.849609375,0
2026-08-03 10:47:00+05:30,24583.75,24585.05078125,24581.099609375,24583.30078125,0
2026-08-03 10:48:00+05:30,24583.69921875,24586.44921875,24582.400390625,24586.19921875,0
2026-08-03 10:49:00+05:30,24585.650390625,24589.44921875,24581.69921875,24588.849609375,0
2026-08-03 10:50:00+05:30,24587.650390625,24592.30078125,24587.25,24590.80078125,0
2026-08-03 10:51:00+05:30,24591.0,24592.400390625,24587.25,24589.19921875,0
2026-08-03 10:52:00+05:30,24589.44921875,24591.650390625,24585.05078125,24590.349609375,0
2026-08-03 10:53:00+05:30,24590.25,24592.30078125,24587.400390625,24589.5,0
2026-08-03 10:54:00+05:30,24589.900390625,24591.599609375,24587.55078125,24589.900390625,0
2026-08-03 10:55:00+05:30,24589.849609375,24595.44921875,24588.05078125,24592.650390625,0
2026-08-03 10:56:00+05:30,24592.25,24595.30078125,24590.0,24591.05078125,0
2026-08-03 10:57:00+05:30,24590.94921875,24592.599609375,24584.94921875,24587.400390625,0
2026-08-03 10:58:00+05:30,24587.349609375,24589.80078125,24581.80078125,24588.150390625,0
2026-08-03 10:59:00+05:30,24587.94921875,24590.25,24584.19921875,24586.44921875,0
2026-08-03 11:00:00+05:30,24586.900390625,24597.55078125,24585.650390625,24595.849609375,0
2026-08-03 11:01:00+05:30,24596.30078125,24601.099609375,24593.150390625,24597.0,0
2026-08-03 11:02:00+05:30,24596.44921875,24599.5,24591.599609375,24597.05078125,0
2026-08-03 11:03:00+05:30,24597.849609375,24601.75,24596.19921875,24597.099609375,0
2026-08-03 11:04:00+05:30,24596.599609375,24598.900390625,24595.400390625,24598.150390625,0
2026-08-03 11:05:00+05:30,24597.55078125,24599.80078125,24595.150390625,24599.099609375,0
2026-08-03 11:06:00+05:30,24598.69921875,24601.25,24595.650390625,24598.150390625,0
2026-08-03 11:07:00+05:30,24598.44921875,24602.400390625,24597.400390625,24600.349609375,0
2026-08-03 11:08:00+05:30,24599.599609375,24602.099609375,24597.44921875,24599.19921875,0
2026-08-03 11:09:00+05:30,24598.349609375,24600.80078125,24590.44921875,24593.650390625,0
2026-08-03 11:10:00+05:30,24593.94921875,24596.599609375,24591.349609375,24595.55078125,0
2026-08-03 11:11:00+05:30,24595.650390625,24597.349609375,24592.05078125,24593.650390625,0
2026-08-03 11:12:00+05:30,24593.44921875,24594.349609375,24586.05078125,24588.55078125,0
2026-08-03 11:13:00+05:30,24588.30078125,24590.099609375,24584.900390625,24588.849609375,0
2026-08-03 11:14:00+05:30,24587.650390625,24590.650390625,24587.5,24589.44921875,0
2026-08-03 11:15:00+05:30,24588.94921875,24593.849609375,24586.05078125,24588.900390625,0
2026-08-03 11:16:00+05:30,24589.0,24593.75,24586.44921875,24593.0,0
2026-08-03 11:17:00+05:30,24592.55078125,24598.94921875,24591.900390625,24596.69921875,0
2026-08-03 11:18:00+05:30,24597.099609375,24600.44921875,24593.44921875,24593.69921875,0
2026-08-03 11:19:00+05:30,24593.80078125,24596.0,24591.5,24591.599609375,0
2026-08-03 11:20:00+05:30,24591.44921875,24595.0,24590.80078125,24593.55078125,0
2026-08-03 11:21:00+05:30,24593.69921875,24596.349609375,24589.5,24594.05078125,0
2026-08-03 11:22:00+05:30,24593.55078125,24596.150390625,24590.400390625,24595.25,0
2026-08-03 11:23:00+05:30,24595.25,24600.349609375,24594.349609375,24598.94921875,0
2026-08-03 11:24:00+05:30,24599.05078125,24600.94921875,24595.55078125,24598.150390625,0
2026-08-03 11:25:00+05:30,24598.0,24599.19921875,24593.75,24595.55078125,0
2026-08-03 11:26:00+05:30,24595.150390625,24597.099609375,24590.80078125,24590.80078125,0
2026-08-03 11:27:00+05:30,24591.349609375,24593.44921875,24588.75,24591.400390625,0
2026-08-03 11:28:00+05:30,24591.69921875,24595.19921875,24589.900390625,24592.80078125,0
2026-08-03 11:29:00+05:30,24593.099609375,24596.349609375,24591.75,24591.75,0
2026-08-03 11:30:00+05:30,24591.849609375,24594.19921875,24586.150390625,24586.25,0
2026-08-03 11:31:00+05:30,24586.650390625,24588.650390625,24581.5,24583.25,0
2026-08-03 11:32:00+05:30,24583.5,24586.0,24579.80078125,24583.25,0
2026-08-03 11:33:00+05:30,24583.349609375,24585.099609375,24581.150390625,24584.75,0
2026-08-03 11:34:00+05:30,24584.150390625,24587.099609375,24582.75,24585.44921875,0
2026-08-03 11:35:00+05:30,24584.849609375,24588.25,24583.05078125,24587.0,0
2026-08-03 11:36:00+05:30,24586.5,24588.75,24584.55078125,24585.5,0
2026-08-03 11:37:00+05:30,24585.150390625,24588.900390625,24584.150390625,24586.0,0
2026-08-03 11:38:00+05:30,24586.400390625,24592.150390625,24583.75,24590.94921875,0
2026-08-03 11:39:00+05:30,24591.0,24595.69921875,24590.25,24593.849609375,0
2026-08-03 11:40:00+05:30,24593.80078125,24596.44921875,24590.650390625,24595.0,0
2026-08-03 11:41:00+05:30,24595.44921875,24600.30078125,24594.25,24598.30078125,0
2026-08-03 11:42:00+05:30,24598.55078125,24600.30078125,24594.05078125,24596.849609375,0
2026-08-03 11:43:00+05:30,24597.0,24599.94921875,24593.94921875,24596.0,0
2026-08-03 11:44:00+05:30,24596.25,24596.69921875,24592.099609375,24592.30078125,0
2026-08-03 11:45:00+05:30,24592.5,24593.099609375,24587.69921875,24588.900390625,0
2026-08-03 11:46:00+05:30,24589.25,24591.0,24587.099609375,24588.0,0
2026-08-03 11:47:00+05:30,24587.849609375,24591.75,24586.75,24587.30078125,0
2026-08-03 11:48:00+05:30,24587.30078125,24590.0,24584.80078125,24588.69921875,0
2026-08-03 11:49:00+05:30,24588.400390625,24597.849609375,24588.0,24597.849609375,0
2026-08-03 11:50:00+05:30,24597.75,24604.0,24597.75,24603.150390625,0
2026-08-03 11:51:00+05:30,24603.25,24605.5,24596.349609375,24598.150390625,0
2026-08-03 11:52:00+05:30,24599.150390625,24600.099609375,24596.0,24599.05078125,0
2026-08-03 11:53:00+05:30,24598.849609375,24600.75,24595.69921875,24598.25,0
2026-08-03 11:54:00+05:30,24598.44921875,24603.099609375,24597.44921875,24601.599609375,0
2026-08-03 11:55:00+05:30,24602.25,24603.30078125,24593.5,24594.599609375,0
2026-08-03 11:56:00+05:30,24594.099609375,24597.349609375,24592.30078125,24593.05078125,0
2026-08-03 11:57:00+05:30,24593.150390625,24596.75,24591.349609375,24595.400390625,0
2026-08-03 11:58:00+05:30,24595.44921875,24596.44921875,24591.69921875,24592.19921875,0
2026-08-03 11:59:00+05:30,24592.30078125,24595.349609375,24590.55078125,24592.0,0
2026-08-03 12:00:00+05:30,24591.55078125,24594.900390625,24590.25,24591.599609375,0
2026-08-03 12:01:00+05:30,24590.900390625,24593.25,24588.19921875,24590.5,0
2026-08-03 12:02:00+05:30,24590.0,24591.5,24586.349609375,24587.849609375,0
2026-08-03 12:03:00+05:30,24586.55078125,24591.900390625,24585.94921875,24588.150390625,0
2026-08-03 12:04:00+05:30,24586.599609375,24591.0,24585.69921875,24588.25,0
2026-08-03 12:05:00+05:30,24588.0,24592.94921875,24587.650390625,24590.25,0
2026-08-03 12:06:00+05:30,24590.44921875,24594.150390625,24589.099609375,24592.30078125,0
2026-08-03 12:07:00+05:30,24590.849609375,24594.150390625,24588.349609375,24593.55078125,0
2026-08-03 12:08:00+05:30,24593.19921875,24595.650390625,24590.599609375,24591.44921875,0
2026-08-03 12:09:00+05:30,24591.75,24598.69921875,24590.80078125,24597.0,0
2026-08-03 12:10:00+05:30,24596.80078125,24599.94921875,24593.75,24598.650390625,0
2026-08-03 12:11:00+05:30,24599.05078125,24599.650390625,24592.0,24593.0,0
2026-08-03 12:12:00+05:30,24593.150390625,24600.5,24591.650390625,24597.0,0
2026-08-03 12:13:00+05:30,24596.80078125,24601.650390625,24595.25,24599.0,0
2026-08-03 12:14:00+05:30,24598.900390625,24602.599609375,24596.099609375,24601.30078125,0
2026-08-03 12:15:00+05:30,24601.30078125,24605.44921875,24599.25,24603.849609375,0
2026-08-03 12:16:00+05:30,24603.69921875,24608.05078125,24602.099609375,24605.44921875,0
2026-08-03 12:17:00+05:30,24606.0,24608.75,24601.849609375,24605.349609375,0
2026-08-03 12:18:00+05:30,24605.349609375,24607.75,24600.5,24605.55078125,0
2026-08-03 12:19:00+05:30,24605.75,24608.150390625,24603.69921875,24606.400390625,0
2026-08-03 12:20:00+05:30,24605.30078125,24607.19921875,24600.94921875,24602.900390625,0
2026-08-03 12:21:00+05:30,24602.0,24602.849609375,24598.099609375,24599.44921875,0
2026-08-03 12:22:00+05:30,24599.25,24604.849609375,24598.05078125,24603.75,0
2026-08-03 12:23:00+05:30,24603.5,24606.400390625,24599.05078125,24603.30078125,0
2026-08-03 12:24:00+05:30,24603.5,24606.80078125,24601.099609375,24605.599609375,0
2026-08-03 12:25:00+05:30,24605.75,24609.0,24605.0,24607.400390625,0
2026-08-03 12:26:00+05:30,24607.099609375,24609.44921875,24603.5,24604.55078125,0
2026-08-03 12:27:00+05:30,24603.25,24608.099609375,24603.25,24607.25,0
2026-08-03 12:28:00+05:30,24607.099609375,24608.05078125,24602.25,24605.400390625,0
2026-08-03 12:29:00+05:30,24605.150390625,24607.25,24602.30078125,24604.05078125,0
2026-08-03 12:30:00+05:30,24604.44921875,24606.55078125,24600.099609375,24604.69921875,0
2026-08-03 12:31:00+05:30,24604.80078125,24606.25,24602.30078125,24603.349609375,0
2026-08-03 12:32:00+05:30,24602.94921875,24604.94921875,24598.349609375,24598.94921875,0
2026-08-03 12:33:00+05:30,24598.94921875,24599.099609375,24592.150390625,24593.69921875,0
2026-08-03 12:34:00+05:30,24593.650390625,24596.69921875,24591.150390625,24593.75,0
2026-08-03 12:35:00+05:30,24593.69921875,24595.44921875,24589.69921875,24590.650390625,0
2026-08-03 12:36:00+05:30,24590.349609375,24592.44921875,24588.099609375,24590.25,0
2026-08-03 12:37:00+05:30,24590.400390625,24591.55078125,24587.75,24589.349609375,0
2026-08-03 12:38:00+05:30,24591.25,24592.30078125,24584.400390625,24586.30078125,0
2026-08-03 12:39:00+05:30,24587.80078125,24589.349609375,24585.05078125,24587.099609375,0
2026-08-03 12:40:00+05:30,24588.400390625,24594.55078125,24585.849609375,24591.849609375,0
2026-08-03 12:41:00+05:30,24593.400390625,24596.80078125,24591.80078125,24594.05078125,0
2026-08-03 12:42:00+05:30,24596.5,24596.5,24590.44921875,24591.30078125,0
2026-08-03 12:43:00+05:30,24593.25,24595.349609375,24589.30078125,24593.19921875,0
2026-08-03 12:44:00+05:30,24594.94921875,24596.25,24592.25,24593.0,0
2026-08-03 12:45:00+05:30,24594.650390625,24601.349609375,24593.599609375,24598.0,0
2026-08-03 12:46:00+05:30,24600.599609375,24602.05078125,24596.94921875,24600.05078125,0
2026-08-03 12:47:00+05:30,24602.150390625,24602.150390625,24574.400390625,24574.900390625,0
2026-08-03 12:48:00+05:30,24577.30078125,24580.0,24570.150390625,24573.5,0
2026-08-03 12:49:00+05:30,24576.30078125,24582.30078125,24572.94921875,24582.099609375,0
2026-08-03 12:50:00+05:30,24584.349609375,24586.650390625,24578.25,24580.05078125,0
2026-08-03 12:51:00+05:30,24582.44921875,24588.44921875,24580.5,24585.55078125,0
2026-08-03 12:52:00+05:30,24588.30078125,24588.80078125,24583.25,24586.25,0
2026-08-03 12:53:00+05:30,24587.900390625,24591.849609375,24586.150390625,24588.94921875,0
2026-08-03 12:54:00+05:30,24590.69921875,24590.94921875,24586.94921875,24588.69921875,0
2026-08-03 12:55:00+05:30,24591.150390625,24591.150390625,24585.80078125,24586.5,0
2026-08-03 12:56:00+05:30,24588.650390625,24588.650390625,24582.5,24587.19921875,0
2026-08-03 12:57:00+05:30,24587.5,24588.650390625,24583.75,24586.400390625,0
2026-08-03 12:58:00+05:30,24588.05078125,24588.05078125,24581.650390625,24583.599609375,0
2026-08-03 12:59:00+05:30,24584.349609375,24586.5,24580.150390625,24584.650390625,0
2026-08-03 13:00:00+05:30,24584.19921875,24585.94921875,24579.650390625,24580.599609375,0
2026-08-03 13:01:00+05:30,24580.80078125,24581.30078125,24576.900390625,24578.349609375,0
2026-08-03 13:02:00+05:30,24578.5,24582.400390625,24577.599609375,24579.150390625,0
2026-08-03 13:03:00+05:30,24579.400390625,24581.05078125,24577.599609375,24578.0,0
2026-08-03 13:04:00+05:30,24578.400390625,24579.94921875,24575.75,24578.19921875,0
2026-08-03 13:05:00+05:30,24578.150390625,24581.599609375,24578.150390625,24580.5,0
2026-08-03 13:06:00+05:30,24580.400390625,24581.5,24576.150390625,24577.19921875,0
2026-08-03 13:07:00+05:30,24577.80078125,24580.0,24576.099609375,24579.0,0
2026-08-03 13:08:00+05:30,24578.400390625,24582.44921875,24577.400390625,24580.849609375,0
2026-08-03 13:09:00+05:30,24581.25,24583.94921875,24579.80078125,24582.900390625,0
2026-08-03 13:10:00+05:30,24583.5,24584.55078125,24580.0,24583.099609375,0
2026-08-03 13:11:00+05:30,24583.5,24585.69921875,24579.80078125,24580.099609375,0
2026-08-03 13:12:00+05:30,24580.75,24580.849609375,24575.900390625,24578.75,0
2026-08-03 13:13:00+05:30,24578.75,24580.150390625,24576.900390625,24578.400390625,0
2026-08-03 13:14:00+05:30,24578.150390625,24580.650390625,24576.80078125,24577.69921875,0
2026-08-03 13:15:00+05:30,24578.19921875,24580.150390625,24576.05078125,24578.94921875,0
2026-08-03 13:16:00+05:30,24579.80078125,24585.44921875,24579.30078125,24583.44921875,0
2026-08-03 13:17:00+05:30,24583.900390625,24585.849609375,24581.19921875,24584.849609375,0
2026-08-03 13:18:00+05:30,24583.19921875,24586.25,24582.05078125,24584.80078125,0
2026-08-03 13:19:00+05:30,24584.75,24588.05078125,24584.0,24587.05078125,0
2026-08-03 13:20:00+05:30,24587.30078125,24587.94921875,24583.19921875,24583.75,0
2026-08-03 13:21:00+05:30,24583.69921875,24585.150390625,24580.69921875,24582.099609375,0
2026-08-03 13:22:00+05:30,24582.0,24585.150390625,24580.599609375,24583.69921875,0
2026-08-03 13:23:00+05:30,24583.599609375,24585.849609375,24581.80078125,24584.05078125,0
2026-08-03 13:24:00+05:30,24583.900390625,24586.349609375,24581.5,24584.0,0
2026-08-03 13:25:00+05:30,24584.30078125,24588.05078125,24583.05078125,24587.099609375,0
2026-08-03 13:26:00+05:30,24587.44921875,24590.30078125,24586.80078125,24588.44921875,0
2026-08-03 13:27:00+05:30,24587.900390625,24590.75,24586.5,24587.75,0
2026-08-03 13:28:00+05:30,24587.400390625,24591.75,24586.349609375,24588.30078125,0
2026-08-03 13:29:00+05:30,24588.0,24592.05078125,24587.5,24589.69921875,0
2026-08-03 13:30:00+05:30,24589.25,24591.400390625,24587.0,24587.94921875,0
2026-08-03 13:31:00+05:30,24587.849609375,24589.25,24585.849609375,24586.599609375,0
2026-08-03 13:32:00+05:30,24586.44921875,24593.30078125,24586.150390625,24591.55078125,0
2026-08-03 13:33:00+05:30,24590.55078125,24594.19921875,24588.599609375,24591.55078125,0
2026-08-03 13:34:00+05:30,24591.400390625,24598.44921875,24587.69921875,24597.80078125,0
2026-08-03 13:35:00+05:30,24597.349609375,24601.75,24594.150390625,24598.400390625,0
2026-08-03 13:36:00+05:30,24598.599609375,24606.05078125,24598.55078125,24598.55078125,0
2026-08-03 13:37:00+05:30,24599.19921875,24601.349609375,24593.349609375,24595.19921875,0
2026-08-03 13:38:00+05:30,24594.849609375,24596.25,24592.0,24594.69921875,0
2026-08-03 13:39:00+05:30,24594.0,24596.44921875,24592.30078125,24592.30078125,0
2026-08-03 13:40:00+05:30,24592.0,24593.94921875,24581.55078125,24581.75,0
2026-08-03 13:41:00+05:30,24582.69921875,24595.75,24581.19921875,24592.900390625,0
2026-08-03 13:42:00+05:30,24592.80078125,24597.80078125,24592.099609375,24596.150390625,0
2026-08-03 13:43:00+05:30,24596.69921875,24596.69921875,24592.75,24596.599609375,0
2026-08-03 13:44:00+05:30,24596.75,24601.0,24596.0,24596.099609375,0
2026-08-03 13:45:00+05:30,24595.19921875,24601.150390625,24592.19921875,24599.94921875,0
2026-08-03 13:46:00+05:30,24600.150390625,24600.150390625,24592.650390625,24594.150390625,0
2026-08-03 13:47:00+05:30,24593.25,24595.900390625,24591.349609375,24593.849609375,0
2026-08-03 13:48:00+05:30,24593.0,24595.900390625,24591.55078125,24594.599609375,0
2026-08-03 13:49:00+05:30,24593.650390625,24595.849609375,24591.849609375,24592.69921875,0
2026-08-03 13:50:00+05:30,24592.099609375,24595.849609375,24589.69921875,24590.25,0
2026-08-03 13:51:00+05:30,24589.30078125,24593.900390625,24588.650390625,24591.599609375,0
2026-08-03 13:52:00+05:30,24591.400390625,24592.0,24583.599609375,24586.900390625,0
2026-08-03 13:53:00+05:30,24586.5,24589.099609375,24583.099609375,24587.0,0
2026-08-03 13:54:00+05:30,24587.099609375,24588.599609375,24584.5,24586.75,0
2026-08-03 13:55:00+05:30,24585.900390625,24586.5,24581.69921875,24584.150390625,0
2026-08-03 13:56:00+05:30,24583.650390625,24590.30078125,24583.650390625,24588.099609375,0
2026-08-03 13:57:00+05:30,24590.25,24592.650390625,24587.900390625,24589.94921875,0
2026-08-03 13:58:00+05:30,24589.94921875,24591.849609375,24586.55078125,24587.400390625,0
2026-08-03 13:59:00+05:30,24587.0,24590.099609375,24585.94921875,24586.80078125,0
2026-08-03 14:00:00+05:30,24586.69921875,24590.80078125,24585.400390625,24588.44921875,0
2026-08-03 14:01:00+05:30,24588.55078125,24589.80078125,24586.44921875,24588.5,0
2026-08-03 14:02:00+05:30,24588.19921875,24591.05078125,24587.349609375,24588.099609375,0
2026-08-03 14:03:00+05:30,24587.94921875,24588.55078125,24583.5,24587.099609375,0
2026-08-03 14:04:00+05:30,24587.150390625,24589.75,24585.150390625,24589.44921875,0
2026-08-03 14:05:00+05:30,24590.05078125,24592.349609375,24588.849609375,24589.44921875,0
2026-08-03 14:06:00+05:30,24590.94921875,24592.349609375,24588.80078125,24591.849609375,0
2026-08-03 14:07:00+05:30,24593.150390625,24593.19921875,24589.25,24590.099609375,0
2026-08-03 14:08:00+05:30,24590.80078125,24592.44921875,24588.05078125,24589.349609375,0
2026-08-03 14:09:00+05:30,24588.94921875,24589.849609375,24585.099609375,24588.400390625,0
2026-08-03 14:10:00+05:30,24588.75,24589.30078125,24583.94921875,24587.099609375,0
2026-08-03 14:11:00+05:30,24587.25,24589.44921875,24585.150390625,24587.849609375,0
2026-08-03 14:12:00+05:30,24588.849609375,24593.650390625,24587.400390625,24592.099609375,0
2026-08-03 14:13:00+05:30,24593.19921875,24595.05078125,24588.55078125,24592.25,0
2026-08-03 14:14:00+05:30,24593.099609375,24594.55078125,24590.30078125,24593.5,0
2026-08-03 14:15:00+05:30,24594.5,24595.05078125,24588.75,24590.55078125,0
2026-08-03 14:16:00+05:30,24591.650390625,24592.69921875,24586.599609375,24590.0,0
2026-08-03 14:17:00+05:30,24590.55078125,24592.900390625,24586.94921875,24587.94921875,0
2026-08-03 14:18:00+05:30,24588.849609375,24589.5,24578.44921875,24579.650390625,0
2026-08-03 14:19:00+05:30,24579.55078125,24585.150390625,24577.69921875,24583.849609375,0
2026-08-03 14:20:00+05:30,24584.19921875,24590.150390625,24582.69921875,24588.69921875,0
2026-08-03 14:21:00+05:30,24589.80078125,24591.55078125,24586.5,24587.150390625,0
2026-08-03 14:22:00+05:30,24588.900390625,24590.150390625,24585.650390625,24588.69921875,0
2026-08-03 14:23:00+05:30,24588.94921875,24590.75,24581.650390625,24583.19921875,0
2026-08-03 14:24:00+05:30,24583.75,24585.5,24580.650390625,24584.650390625,0
2026-08-03 14:25:00+05:30,24585.099609375,24589.150390625,24584.05078125,24585.25,0
2026-08-03 14:26:00+05:30,24586.150390625,24591.0,24585.05078125,24589.0,0
2026-08-03 14:27:00+05:30,24590.150390625,24591.5,24588.099609375,24589.75,0
2026-08-03 14:28:00+05:30,24589.80078125,24591.349609375,24587.55078125,24590.349609375,0
2026-08-03 14:29:00+05:30,24591.099609375,24592.30078125,24587.900390625,24589.849609375,0
2026-08-03 14:30:00+05:30,24589.44921875,24592.099609375,24587.099609375,24588.30078125,0
2026-08-03 14:31:00+05:30,24588.19921875,24592.69921875,24587.75,24589.80078125,0
2026-08-03 14:32:00+05:30,24589.650390625,24592.75,24587.80078125,24591.349609375,0
2026-08-03 14:33:00+05:30,24591.599609375,24592.05078125,24588.5,24589.30078125,0
2026-08-03 14:34:00+05:30,24589.05078125,24593.650390625,24588.650390625,24590.94921875,0
2026-08-03 14:35:00+05:30,24591.44921875,24594.80078125,24590.25,24592.150390625,0
2026-08-03 14:36:00+05:30,24592.05078125,24595.69921875,24585.400390625,24591.44921875,0
2026-08-03 14:37:00+05:30,24591.400390625,24601.150390625,24590.900390625,24596.44921875,0
2026-08-03 14:38:00+05:30,24595.849609375,24598.55078125,24594.30078125,24594.94921875,0
2026-08-03 14:39:00+05:30,24596.75,24599.349609375,24594.349609375,24597.599609375,0
2026-08-03 14:40:00+05:30,24597.400390625,24601.94921875,24596.900390625,24599.849609375,0
2026-08-03 14:41:00+05:30,24599.30078125,24602.0,24594.80078125,24594.80078125,0
2026-08-03 14:42:00+05:30,24594.900390625,24598.849609375,24594.55078125,24596.900390625,0
2026-08-03 14:43:00+05:30,24596.650390625,24599.25,24594.349609375,24596.0,0
2026-08-03 14:44:00+05:30,24595.94921875,24600.5,24594.69921875,24597.55078125,0
2026-08-03 14:45:00+05:30,24598.349609375,24600.150390625,24595.25,24598.150390625,0
2026-08-03 14:46:00+05:30,24598.30078125,24601.5,24597.400390625,24599.05078125,0
2026-08-03 14:47:00+05:30,24599.44921875,24600.69921875,24596.349609375,24597.55078125,0
2026-08-03 14:48:00+05:30,24598.150390625,24600.19921875,24596.349609375,24596.900390625,0
2026-08-03 14:49:00+05:30,24596.94921875,24601.150390625,24593.44921875,24598.55078125,0
2026-08-03 14:50:00+05:30,24598.19921875,24601.80078125,24595.25,24597.30078125,0
2026-08-03 14:51:00+05:30,24597.19921875,24602.75,24597.19921875,24599.849609375,0
2026-08-03 14:52:00+05:30,24600.099609375,24602.30078125,24593.650390625,24594.94921875,0
2026-08-03 14:53:00+05:30,24594.75,24596.44921875,24592.55078125,24593.5,0
2026-08-03 14:54:00+05:30,24593.5,24594.80078125,24588.849609375,24592.69921875,0
2026-08-03 14:55:00+05:30,24592.19921875,24599.19921875,24590.55078125,24597.349609375,0
2026-08-03 14:56:00+05:30,24597.349609375,24598.849609375,24594.599609375,24595.5,0
2026-08-03 14:57:00+05:30,24596.55078125,24598.25,24595.0,24595.44921875,0
2026-08-03 14:58:00+05:30,24596.0,24598.599609375,24593.75,24595.599609375,0
2026-08-03 14:59:00+05:30,24597.150390625,24597.650390625,24592.75,24595.0,0
2026-08-03 15:00:00+05:30,24594.849609375,24596.55078125,24591.849609375,24593.55078125,0
2026-08-03 15:01:00+05:30,24593.94921875,24596.349609375,24590.25,24591.400390625,0
2026-08-03 15:02:00+05:30,24593.400390625,24595.05078125,24588.150390625,24593.099609375,0
2026-08-03 15:03:00+05:30,24593.25,24594.25,24587.19921875,24590.25,0
2026-08-03 15:04:00+05:30,24589.19921875,24591.0,24583.25,24583.900390625,0
2026-08-03 15:05:00+05:30,24584.19921875,24584.94921875,24570.69921875,24572.150390625,0
2026-08-03 15:06:00+05:30,24571.30078125,24577.69921875,24567.849609375,24577.30078125,0
2026-08-03 15:07:00+05:30,24576.5,24578.650390625,24569.849609375,24570.75,0
2026-08-03 15:08:00+05:30,24569.69921875,24571.80078125,24564.05078125,24566.349609375,0
2026-08-03 15:09:00+05:30,24566.400390625,24572.30078125,24554.94921875,24571.05078125,0
2026-08-03 15:10:00+05:30,24568.80078125,24575.099609375,24562.900390625,24565.75,0
2026-08-03 15:11:00+05:30,24562.599609375,24577.30078125,24554.19921875,24575.599609375,0
2026-08-03 15:12:00+05:30,24574.44921875,24580.69921875,24567.55078125,24578.05078125,0
2026-08-03 15:13:00+05:30,24578.400390625,24583.80078125,24575.30078125,24575.30078125,0
2026-08-03 15:14:00+05:30,24577.349609375,24584.05078125,24569.0,24573.55078125,0
2026-08-03 15:15:00+05:30,24573.349609375,24573.349609375,24573.349609375,24573.349609375,0
2026-08-03 15:16:00+05:30,24573.349609375,24573.349609375,24573.349609375,24573.349609375,0
2026-08-03 15:17:00+05:30,24573.349609375,24573.349609375,24573.349609375,24573.349609375,0
2026-08-03 15:18:00+05:30,24573.349609375,24573.349609375,24573.349609375,24573.349609375,0
2026-08-03 15:19:00+05:30,24573.349609375,24573.349609375,24573.349609375,24573.349609375,0
2026-08-03 15:20:00+05:30,24573.349609375,24573.349609375,24573.349609375,24573.349609375,0
2026-08-03 15:21:00+05:30,24573.349609375,24573.349609375,24573.349609375,24573.349609375,0
2026-08-03 15:22:00+05:30,24573.349609375,24573.349609375,24573.349609375,24573.349609375,0
2026-08-03 15:23:00+05:30,24573.349609375,24573.349609375,24573.349609375,24573.349609375,0
2026-08-03 15:24:00+05:30,24573.349609375,24573.349609375,24573.349609375,24573.349609375,0
2026-08-03 15:25:00+05:30,24573.349609375,24573.349609375,24573.349609375,24573.349609375,0
2026-08-03 15:26:00+05:30,24573.349609375,24573.349609375,24573.349609375,24573.349609375,0
2026-08-03 15:27:00+05:30,24573.349609375,24573.349609375,24573.349609375,24573.349609375,0
2026-08-03 15:28:00+05:30,24573.349609375,24573.349609375,24573.349609375,24573.349609375,0
2026-08-03 15:29:00+05:30,24573.349609375,24774.30078125,24573.349609375,24774.30078125,0
2026-08-04 09:15:00+05:30,24666.650390625,24666.650390625,24600.19921875,24602.44921875,0
2026-08-04 09:16:00+05:30,24605.099609375,24605.55078125,24591.30078125,24600.94921875,0
2026-08-04 09:17:00+05:30,24603.400390625,24608.19921875,24595.150390625,24595.150390625,0
2026-08-04 09:18:00+05:30,24597.150390625,24611.099609375,24594.150390625,24601.75,0
2026-08-04 09:19:00+05:30,24602.900390625,24605.099609375,24598.69921875,24599.80078125,0
2026-08-04 09:20:00+05:30,24604.900390625,24615.099609375,24600.400390625,24615.05078125,0
2026-08-04 09:21:00+05:30,24616.849609375,24617.099609375,24609.69921875,24612.349609375,0
2026-08-04 09:22:00+05:30,24614.19921875,24624.5,24610.75,24621.94921875,0
2026-08-04 09:23:00+05:30,24623.900390625,24626.44921875,24619.05078125,24621.650390625,0
2026-08-04 09:24:00+05:30,24622.400390625,24622.400390625,24615.599609375,24615.849609375,0
2026-08-04 09:25:00+05:30,24618.44921875,24618.44921875,24606.55078125,24607.5,0
2026-08-04 09:26:00+05:30,24609.349609375,24609.349609375,24600.80078125,24601.5,0
2026-08-04 09:27:00+05:30,24603.900390625,24604.900390625,24598.19921875,24598.650390625,0
2026-08-04 09:28:00+05:30,24601.75,24601.75,24595.599609375,24597.5,0
2026-08-04 09:29:00+05:30,24599.19921875,24602.400390625,24596.44921875,24597.599609375,0
2026-08-04 09:30:00+05:30,24598.5,24601.400390625,24597.0,24599.55078125,0
2026-08-04 09:31:00+05:30,24601.75,24606.400390625,24599.25,24599.94921875,0
2026-08-04 09:32:00+05:30,24600.650390625,24602.25,24593.25,24593.94921875,0
2026-08-04 09:33:00+05:30,24595.69921875,24597.400390625,24590.099609375,24596.30078125,0
2026-08-04 09:34:00+05:30,24597.75,24597.75,24589.80078125,24590.650390625,0
2026-08-04 09:35:00+05:30,24591.650390625,24595.05078125,24589.80078125,24593.150390625,0
2026-08-04 09:36:00+05:30,24593.599609375,24599.599609375,24590.599609375,24597.75,0
2026-08-04 09:37:00+05:30,24599.30078125,24600.349609375,24596.900390625,24598.900390625,0
2026-08-04 09:38:00+05:30,24599.349609375,24604.5,24597.150390625,24602.650390625,0
2026-08-04 09:39:00+05:30,24603.25,24606.19921875,24601.599609375,24604.650390625,0
2026-08-04 09:40:00+05:30,24606.0,24614.099609375,24604.599609375,24610.75,0
2026-08-04 09:41:00+05:30,24612.55078125,24613.05078125,24607.25,24612.75,0
2026-08-04 09:42:00+05:30,24613.099609375,24614.94921875,24611.0,24613.900390625,0
2026-08-04 09:43:00+05:30,24615.099609375,24626.400390625,24613.5,24622.900390625,0
2026-08-04 09:44:00+05:30,24624.69921875,24629.55078125,24621.650390625,24623.599609375,0
2026-08-04 09:45:00+05:30,24623.69921875,24627.25,24622.650390625,24622.94921875,0
2026-08-04 09:46:00+05:30,24626.30078125,24626.80078125,24621.849609375,24625.900390625,0
2026-08-04 09:47:00+05:30,24628.44921875,24632.349609375,24626.900390625,24630.69921875,0
2026-08-04 09:48:00+05:30,24632.0,24635.94921875,24630.19921875,24634.55078125,0
2026-08-04 09:49:00+05:30,24635.25,24635.400390625,24629.44921875,24635.150390625,0
2026-08-04 09:50:00+05:30,24635.80078125,24637.80078125,24632.69921875,24634.19921875,0
2026-08-04 09:51:00+05:30,24634.69921875,24647.19921875,24633.0,24646.5,0
2026-08-04 09:52:00+05:30,24646.75,24647.650390625,24636.400390625,24636.75,0
2026-08-04 09:53:00+05:30,24638.099609375,24638.150390625,24633.650390625,24634.900390625,0
2026-08-04 09:54:00+05:30,24636.94921875,24636.94921875,24631.30078125,24634.150390625,0
2026-08-04 09:55:00+05:30,24634.80078125,24638.80078125,24633.400390625,24638.05078125,0
2026-08-04 09:56:00+05:30,24638.05078125,24639.400390625,24634.69921875,24634.69921875,0
2026-08-04 09:57:00+05:30,24636.94921875,24636.94921875,24631.099609375,24631.5,0
2026-08-04 09:58:00+05:30,24632.099609375,24635.349609375,24628.75,24634.75,0
2026-08-04 09:59:00+05:30,24635.94921875,24636.849609375,24630.0,24631.55078125,0
2026-08-04 10:00:00+05:30,24633.80078125,24634.75,24629.69921875,24629.69921875,0
2026-08-04 10:01:00+05:30,24631.5,24633.099609375,24628.650390625,24630.05078125,0
2026-08-04 10:02:00+05:30,24631.55078125,24632.69921875,24628.849609375,24630.400390625,0
2026-08-04 10:03:00+05:30,24631.30078125,24631.80078125,24626.599609375,24627.5,0
2026-08-04 10:04:00+05:30,24628.69921875,24630.349609375,24625.349609375,24626.400390625,0
2026-08-04 10:05:00+05:30,24628.150390625,24629.349609375,24623.599609375,24627.69921875,0
2026-08-04 10:06:00+05:30,24629.400390625,24630.650390625,24626.69921875,24627.75,0
2026-08-04 10:07:00+05:30,24629.400390625,24629.400390625,24622.19921875,24623.349609375,0
2026-08-04 10:08:00+05:30,24625.55078125,24625.55078125,24617.75,24618.150390625,0
2026-08-04 10:09:00+05:30,24619.55078125,24619.94921875,24610.30078125,24611.400390625,0
2026-08-04 10:10:00+05:30,24613.94921875,24615.19921875,24610.80078125,24613.69921875,0
2026-08-04 10:11:00+05:30,24614.849609375,24615.349609375,24607.75,24609.19921875,0
2026-08-04 10:12:00+05:30,24611.599609375,24612.69921875,24607.44921875,24611.650390625,0
2026-08-04 10:13:00+05:30,24613.650390625,24616.69921875,24610.80078125,24616.599609375,0
2026-08-04 10:14:00+05:30,24618.55078125,24619.0,24615.400390625,24615.5,0
2026-08-04 10:15:00+05:30,24617.599609375,24617.599609375,24610.150390625,24612.099609375,0
2026-08-04 10:16:00+05:30,24613.69921875,24615.69921875,24610.44921875,24613.69921875,0
2026-08-04 10:17:00+05:30,24614.849609375,24619.75,24613.19921875,24619.0,0
2026-08-04 10:18:00+05:30,24620.400390625,24620.400390625,24616.44921875,24619.19921875,0
2026-08-04 10:19:00+05:30,24620.75,24620.75,24615.80078125,24616.19921875,0
2026-08-04 10:20:00+05:30,24617.55078125,24618.150390625,24609.44921875,24610.650390625,0
2026-08-04 10:21:00+05:30,24612.650390625,24612.650390625,24603.44921875,24605.0,0
2026-08-04 10:22:00+05:30,24606.650390625,24606.650390625,24600.25,24601.30078125,0
2026-08-04 10:23:00+05:30,24603.650390625,24603.650390625,24594.44921875,24594.69921875,0
2026-08-04 10:24:00+05:30,24597.80078125,24599.80078125,24593.55078125,24593.80078125,0
2026-08-04 10:25:00+05:30,24596.400390625,24596.400390625,24590.349609375,24593.19921875,0
2026-08-04 10:26:00+05:30,24596.0,24596.0,24589.099609375,24590.19921875,0
2026-08-04 10:27:00+05:30,24592.0,24594.94921875,24588.400390625,24592.599609375,0
2026-08-04 10:28:00+05:30,24594.900390625,24595.55078125,24591.44921875,24595.150390625,0
2026-08-04 10:29:00+05:30,24597.44921875,24598.099609375,24592.5,24592.80078125,0
2026-08-04 10:30:00+05:30,24594.150390625,24594.94921875,24588.44921875,24590.05078125,0
2026-08-04 10:31:00+05:30,24592.5,24592.5,24582.349609375,24585.349609375,0
2026-08-04 10:32:00+05:30,24587.849609375,24587.849609375,24582.44921875,24583.44921875,0
2026-08-04 10:33:00+05:30,24586.75,24586.75,24581.0,24583.650390625,0
2026-08-04 10:34:00+05:30,24584.400390625,24588.30078125,24582.349609375,24582.900390625,0
2026-08-04 10:35:00+05:30,24584.94921875,24584.94921875,24580.30078125,24582.05078125,0
2026-08-04 10:36:00+05:30,24583.05078125,24583.05078125,24579.099609375,24579.900390625,0
2026-08-04 10:37:00+05:30,24581.55078125,24582.900390625,24578.650390625,24581.900390625,0
2026-08-04 10:38:00+05:30,24583.849609375,24583.849609375,24579.75,24581.900390625,0
2026-08-04 10:39:00+05:30,24583.94921875,24586.25,24580.900390625,24581.94921875,0
2026-08-04 10:40:00+05:30,24584.0,24585.150390625,24580.099609375,24585.150390625,0
2026-08-04 10:41:00+05:30,24585.69921875,24587.599609375,24582.150390625,24586.349609375,0
2026-08-04 10:42:00+05:30,24588.55078125,24588.55078125,24583.599609375,24584.94921875,0
2026-08-04 10:43:00+05:30,24587.25,24587.25,24582.69921875,24583.150390625,0
2026-08-04 10:44:00+05:30,24586.05078125,24586.05078125,24581.25,24582.0,0
2026-08-04 10:45:00+05:30,24583.94921875,24583.94921875,24580.69921875,24581.69921875,0
2026-08-04 10:46:00+05:30,24584.150390625,24585.400390625,24579.94921875,24580.05078125,0
2026-08-04 10:47:00+05:30,24582.099609375,24582.099609375,24578.69921875,24580.900390625,0
2026-08-04 10:48:00+05:30,24582.0,24583.75,24579.650390625,24582.44921875,0
2026-08-04 10:49:00+05:30,24584.55078125,24585.55078125,24581.099609375,24583.5,0
2026-08-04 10:50:00+05:30,24586.349609375,24586.650390625,24582.75,24586.05078125,0
2026-08-04 10:51:00+05:30,24587.69921875,24587.69921875,24582.349609375,24585.94921875,0
2026-08-04 10:52:00+05:30,24587.94921875,24587.94921875,24583.25,24583.599609375,0
2026-08-04 10:53:00+05:30,24587.150390625,24588.900390625,24583.94921875,24585.19921875,0
2026-08-04 10:54:00+05:30,24587.69921875,24587.69921875,24580.94921875,24581.80078125,0
2026-08-04 10:55:00+05:30,24584.55078125,24584.55078125,24580.650390625,24582.099609375,0
2026-08-04 10:56:00+05:30,24583.80078125,24585.25,24570.44921875,24570.44921875,0
2026-08-04 10:57:00+05:30,24572.599609375,24574.650390625,24569.849609375,24571.150390625,0
2026-08-04 10:58:00+05:30,24574.150390625,24574.5,24569.05078125,24573.75,0
2026-08-04 10:59:00+05:30,24575.19921875,24579.0,24574.05078125,24575.400390625,0
2026-08-04 11:00:00+05:30,24577.94921875,24585.19921875,24576.150390625,24584.30078125,0
2026-08-04 11:01:00+05:30,24586.650390625,24590.5,24585.05078125,24590.25,0
2026-08-04 11:02:00+05:30,24592.05078125,24592.05078125,24586.650390625,24587.05078125,0
2026-08-04 11:03:00+05:30,24589.599609375,24589.599609375,24585.25,24585.900390625,0
2026-08-04 11:04:00+05:30,24587.55078125,24590.44921875,24584.94921875,24589.19921875,0
2026-08-04 11:05:00+05:30,24590.650390625,24590.650390625,24586.400390625,24588.650390625,0
2026-08-04 11:06:00+05:30,24590.80078125,24590.80078125,24584.0,24586.099609375,0
2026-08-04 11:07:00+05:30,24587.650390625,24592.650390625,24585.599609375,24591.94921875,0
2026-08-04 11:08:00+05:30,24592.599609375,24593.69921875,24590.25,24591.150390625,0
2026-08-04 11:09:00+05:30,24592.80078125,24592.80078125,24587.400390625,24587.900390625,0
2026-08-04 11:10:00+05:30,24590.099609375,24590.099609375,24585.94921875,24589.150390625,0
2026-08-04 11:11:00+05:30,24591.75,24591.75,24586.44921875,24587.900390625,0
2026-08-04 11:12:00+05:30,24589.75,24589.75,24585.75,24588.0,0
2026-08-04 11:13:00+05:30,24589.5,24592.44921875,24588.30078125,24588.69921875,0
2026-08-04 11:14:00+05:30,24591.099609375,24592.5,24588.05078125,24590.900390625,0
2026-08-04 11:15:00+05:30,24591.849609375,24591.849609375,24588.69921875,24590.900390625,0
2026-08-04 11:16:00+05:30,24591.69921875,24595.0,24588.849609375,24594.19921875,0
2026-08-04 11:17:00+05:30,24596.400390625,24596.44921875,24592.94921875,24595.05078125,0
2026-08-04 11:18:00+05:30,24596.5,24598.80078125,24594.69921875,24595.849609375,0
2026-08-04 11:19:00+05:30,24597.75,24597.75,24592.849609375,24593.349609375,0
2026-08-04 11:20:00+05:30,24595.44921875,24595.44921875,24588.30078125,24592.05078125,0
2026-08-04 11:21:00+05:30,24594.05078125,24594.05078125,24589.55078125,24592.099609375,0
2026-08-04 11:22:00+05:30,24594.099609375,24594.099609375,24590.0,24591.900390625,0
2026-08-04 11:23:00+05:30,24594.0,24594.69921875,24588.19921875,24588.80078125,0
2026-08-04 11:24:00+05:30,24589.94921875,24589.94921875,24585.5,24585.900390625,0
2026-08-04 11:25:00+05:30,24587.94921875,24588.80078125,24584.5,24586.5,0
2026-08-04 11:26:00+05:30,24589.150390625,24589.150390625,24585.599609375,24587.80078125,0
2026-08-04 11:27:00+05:30,24588.400390625,24588.44921875,24582.849609375,24583.0,0
2026-08-04 11:28:00+05:30,24585.44921875,24585.44921875,24575.599609375,24575.650390625,0
2026-08-04 11:29:00+05:30,24578.150390625,24579.44921875,24576.599609375,24577.05078125,0
2026-08-04 11:30:00+05:30,24578.19921875,24579.0,24575.69921875,24578.150390625,0
2026-08-04 11:31:00+05:30,24579.55078125,24579.55078125,24571.900390625,24571.900390625,0
2026-08-04 11:32:00+05:30,24574.400390625,24575.94921875,24571.19921875,24572.650390625,0
2026-08-04 11:33:00+05:30,24575.099609375,24575.5,24570.25,24571.150390625,0
2026-08-04 11:34:00+05:30,24572.599609375,24573.19921875,24568.5,24568.80078125,0
2026-08-04 11:35:00+05:30,24571.55078125,24571.650390625,24566.900390625,24568.900390625,0
2026-08-04 11:36:00+05:30,24570.849609375,24570.849609375,24564.25,24565.099609375,0
2026-08-04 11:37:00+05:30,24567.25,24567.44921875,24563.44921875,24564.0,0
2026-08-04 11:38:00+05:30,24565.55078125,24565.55078125,24560.150390625,24561.69921875,0
2026-08-04 11:39:00+05:30,24564.0,24572.55078125,24561.69921875,24571.05078125,0
2026-08-04 11:40:00+05:30,24571.400390625,24571.849609375,24554.19921875,24555.69921875,0
2026-08-04 11:41:00+05:30,24558.099609375,24561.900390625,24554.400390625,24557.650390625,0
2026-08-04 11:42:00+05:30,24559.599609375,24559.69921875,24555.44921875,24555.44921875,0
2026-08-04 11:43:00+05:30,24557.19921875,24560.75,24555.30078125,24558.400390625,0
2026-08-04 11:44:00+05:30,24561.0,24561.0,24553.900390625,24555.44921875,0
2026-08-04 11:45:00+05:30,24557.5,24557.5,24551.25,24552.44921875,0
2026-08-04 11:46:00+05:30,24554.349609375,24554.349609375,24550.150390625,24550.650390625,0
2026-08-04 11:47:00+05:30,24551.599609375,24552.80078125,24545.849609375,24551.44921875,0
2026-08-04 11:48:00+05:30,24552.30078125,24554.05078125,24534.75,24535.30078125,0
2026-08-04 11:49:00+05:30,24539.69921875,24539.69921875,24530.650390625,24532.80078125,0
2026-08-04 11:50:00+05:30,24534.75,24536.19921875,24530.599609375,24533.150390625,0
2026-08-04 11:51:00+05:30,24534.69921875,24536.69921875,24532.25,24535.55078125,0
2026-08-04 11:52:00+05:30,24538.400390625,24538.400390625,24529.650390625,24530.80078125,0
2026-08-04 11:53:00+05:30,24532.5,24540.400390625,24531.150390625,24535.44921875,0
2026-08-04 11:54:00+05:30,24538.44921875,24539.849609375,24531.599609375,24532.75,0
2026-08-04 11:55:00+05:30,24534.30078125,24535.80078125,24531.75,24532.5,0
2026-08-04 11:56:00+05:30,24533.0,24534.099609375,24530.099609375,24531.5,0
2026-08-04 11:57:00+05:30,24532.94921875,24532.94921875,24526.30078125,24528.94921875,0
2026-08-04 11:58:00+05:30,24530.349609375,24531.599609375,24527.0,24527.099609375,0
2026-08-04 11:59:00+05:30,24528.25,24528.25,24522.05078125,24524.150390625,0
2026-08-04 12:00:00+05:30,24524.75,24524.75,24505.55078125,24506.400390625,0
2026-08-04 12:01:00+05:30,24508.69921875,24515.599609375,24505.94921875,24514.44921875,0
2026-08-04 12:02:00+05:30,24516.75,24521.150390625,24514.05078125,24519.650390625,0
2026-08-04 12:03:00+05:30,24522.94921875,24528.349609375,24520.05078125,24526.349609375,0
2026-08-04 12:04:00+05:30,24528.55078125,24529.099609375,24521.900390625,24521.900390625,0
2026-08-04 12:05:00+05:30,24522.599609375,24524.05078125,24519.150390625,24521.849609375,0
2026-08-04 12:06:00+05:30,24524.0,24524.0,24519.80078125,24521.0,0
2026-08-04 12:07:00+05:30,24522.099609375,24522.099609375,24511.44921875,24511.650390625,0
2026-08-04 12:08:00+05:30,24513.5,24513.650390625,24504.05078125,24505.75,0
2026-08-04 12:09:00+05:30,24507.55078125,24512.400390625,24505.5,24506.349609375,0
2026-08-04 12:10:00+05:30,24507.900390625,24507.900390625,24501.099609375,24501.44921875,0
2026-08-04 12:11:00+05:30,24502.5,24502.650390625,24496.94921875,24497.650390625,0
2026-08-04 12:12:00+05:30,24500.05078125,24506.25,24498.650390625,24505.30078125,0
2026-08-04 12:13:00+05:30,24507.900390625,24510.55078125,24505.900390625,24509.25,0
2026-08-04 12:14:00+05:30,24510.80078125,24511.5,24508.69921875,24511.30078125,0
2026-08-04 12:15:00+05:30,24513.400390625,24513.400390625,24505.400390625,24509.80078125,0
2026-08-04 12:16:00+05:30,24512.30078125,24514.150390625,24509.150390625,24512.75,0
2026-08-04 12:17:00+05:30,24515.19921875,24516.5,24512.599609375,24513.44921875,0
2026-08-04 12:18:00+05:30,24515.599609375,24517.05078125,24512.849609375,24514.150390625,0
2026-08-04 12:19:00+05:30,24516.150390625,24523.599609375,24514.05078125,24519.75,0
2026-08-04 12:20:00+05:30,24521.69921875,24524.349609375,24519.099609375,24521.05078125,0
2026-08-04 12:21:00+05:30,24521.80078125,24521.80078125,24515.55078125,24515.900390625,0
2026-08-04 12:22:00+05:30,24518.0,24518.94921875,24513.599609375,24514.5,0
2026-08-04 12:23:00+05:30,24516.44921875,24521.30078125,24514.69921875,24520.19921875,0
2026-08-04 12:24:00+05:30,24522.900390625,24522.900390625,24517.05078125,24519.349609375,0
2026-08-04 12:25:00+05:30,24521.349609375,24521.44921875,24518.05078125,24519.19921875,0
2026-08-04 12:26:00+05:30,24521.05078125,24521.25,24516.25,24518.05078125,0
2026-08-04 12:27:00+05:30,24518.900390625,24518.900390625,24511.94921875,24513.0,0
2026-08-04 12:28:00+05:30,24514.30078125,24517.400390625,24512.849609375,24514.69921875,0
2026-08-04 12:29:00+05:30,24516.05078125,24518.349609375,24514.44921875,24515.69921875,0
2026-08-04 12:30:00+05:30,24517.650390625,24519.650390625,24516.25,24517.75,0
2026-08-04 12:31:00+05:30,24518.849609375,24518.849609375,24515.44921875,24517.099609375,0
2026-08-04 12:32:00+05:30,24519.25,24519.25,24514.25,24516.150390625,0
2026-08-04 12:33:00+05:30,24517.599609375,24517.599609375,24509.349609375,24510.349609375,0
2026-08-04 12:34:00+05:30,24511.5,24511.5,24506.69921875,24507.55078125,0
2026-08-04 12:35:00+05:30,24509.099609375,24509.099609375,24500.30078125,24500.69921875,0
2026-08-04 12:36:00+05:30,24502.400390625,24502.400390625,24498.05078125,24499.80078125,0
2026-08-04 12:37:00+05:30,24500.94921875,24500.94921875,24493.400390625,24493.400390625,0
2026-08-04 12:38:00+05:30,24495.30078125,24495.55078125,24491.599609375,24495.150390625,0
2026-08-04 12:39:00+05:30,24496.650390625,24504.150390625,24494.44921875,24503.25,0
2026-08-04 12:40:00+05:30,24504.900390625,24506.150390625,24500.55078125,24500.900390625,0
2026-08-04 12:41:00+05:30,24502.44921875,24502.44921875,24493.75,24494.349609375,0
2026-08-04 12:42:00+05:30,24495.5,24495.5,24489.55078125,24489.80078125,0
2026-08-04 12:43:00+05:30,24490.94921875,24492.19921875,24488.150390625,24489.0,0
2026-08-04 12:44:00+05:30,24490.599609375,24493.80078125,24489.099609375,24493.349609375,0
2026-08-04 12:45:00+05:30,24495.0,24502.900390625,24493.94921875,24501.30078125,0
2026-08-04 12:46:00+05:30,24503.69921875,24503.69921875,24500.19921875,24502.19921875,0
2026-08-04 12:47:00+05:30,24503.55078125,24505.80078125,24501.94921875,24504.44921875,0
2026-08-04 12:48:00+05:30,24506.650390625,24506.650390625,24498.75,24499.05078125,0
2026-08-04 12:49:00+05:30,24500.849609375,24503.80078125,24497.19921875,24503.30078125,0
2026-08-04 12:50:00+05:30,24504.650390625,24507.94921875,24501.69921875,24506.849609375,0
2026-08-04 12:51:00+05:30,24507.849609375,24509.150390625,24504.75,24507.150390625,0
2026-08-04 12:52:00+05:30,24509.80078125,24509.80078125,24500.30078125,24501.44921875,0
2026-08-04 12:53:00+05:30,24504.30078125,24505.0,24501.099609375,24501.5,0
2026-08-04 12:54:00+05:30,24503.5,24503.5,24499.099609375,24500.05078125,0
2026-08-04 12:55:00+05:30,24500.650390625,24500.650390625,24490.599609375,24491.75,0
2026-08-04 12:56:00+05:30,24494.19921875,24494.19921875,24489.349609375,24491.900390625,0
2026-08-04 12:57:00+05:30,24493.55078125,24495.94921875,24491.30078125,24495.599609375,0
2026-08-04 12:58:00+05:30,24496.94921875,24496.94921875,24490.80078125,24491.30078125,0
2026-08-04 12:59:00+05:30,24493.55078125,24495.650390625,24490.650390625,24491.75,0
2026-08-04 13:00:00+05:30,24493.400390625,24495.80078125,24488.75,24495.0,0
2026-08-04 13:01:00+05:30,24497.349609375,24500.849609375,24495.599609375,24499.55078125,0
2026-08-04 13:02:00+05:30,24500.650390625,24500.650390625,24492.099609375,24492.30078125,0
2026-08-04 13:03:00+05:30,24494.19921875,24497.349609375,24492.099609375,24494.650390625,0
2026-08-04 13:04:00+05:30,24496.650390625,24496.650390625,24491.849609375,24493.650390625,0
2026-08-04 13:05:00+05:30,24494.650390625,24495.80078125,24491.75,24491.900390625,0
2026-08-04 13:06:00+05:30,24493.94921875,24493.94921875,24488.650390625,24491.25,0
2026-08-04 13:07:00+05:30,24493.25,24493.349609375,24489.400390625,24491.44921875,0
2026-08-04 13:08:00+05:30,24492.599609375,24493.5,24490.0,24490.349609375,0
2026-08-04 13:09:00+05:30,24493.05078125,24493.05078125,24483.25,24483.69921875,0
2026-08-04 13:10:00+05:30,24486.650390625,24489.099609375,24484.650390625,24487.25,0
2026-08-04 13:11:00+05:30,24489.650390625,24489.75,24485.55078125,24485.69921875,0
2026-08-04 13:12:00+05:30,24487.55078125,24487.55078125,24483.400390625,24485.099609375,0
2026-08-04 13:13:00+05:30,24486.94921875,24488.400390625,24482.94921875,24483.599609375,0
2026-08-04 13:14:00+05:30,24485.05078125,24485.05078125,24477.349609375,24479.599609375,0
2026-08-04 13:15:00+05:30,24481.69921875,24481.69921875,24474.099609375,24477.94921875,0
2026-08-04 13:16:00+05:30,24479.400390625,24480.55078125,24475.69921875,24480.5,0
2026-08-04 13:17:00+05:30,24483.0,24487.0,24479.150390625,24482.30078125,0
2026-08-04 13:18:00+05:30,24483.400390625,24487.94921875,24480.5,24485.05078125,0
2026-08-04 13:19:00+05:30,24486.599609375,24486.599609375,24480.05078125,24482.05078125,0
2026-08-04 13:20:00+05:30,24484.05078125,24484.05078125,24479.44921875,24480.650390625,0
2026-08-04 13:21:00+05:30,24482.05078125,24482.05078125,24475.19921875,24475.80078125,0
2026-08-04 13:22:00+05:30,24477.650390625,24480.150390625,24475.150390625,24478.75,0
2026-08-04 13:23:00+05:30,24481.05078125,24492.0,24479.150390625,24491.349609375,0
2026-08-04 13:24:00+05:30,24492.0,24493.44921875,24490.099609375,24491.80078125,0
2026-08-04 13:25:00+05:30,24492.75,24492.75,24489.05078125,24490.099609375,0
2026-08-04 13:26:00+05:30,24491.55078125,24491.55078125,24485.75,24488.099609375,0
2026-08-04 13:27:00+05:30,24489.650390625,24491.05078125,24487.55078125,24488.25,0
2026-08-04 13:28:00+05:30,24490.05078125,24490.05078125,24475.650390625,24475.80078125,0
2026-08-04 13:29:00+05:30,24478.0,24478.0,24469.349609375,24471.19921875,0
2026-08-04 13:30:00+05:30,24473.5,24474.0,24469.05078125,24470.75,0
2026-08-04 13:31:00+05:30,24472.400390625,24472.400390625,24466.849609375,24468.650390625,0
2026-08-04 13:32:00+05:30,24469.94921875,24470.0,24462.19921875,24462.69921875,0
2026-08-04 13:33:00+05:30,24464.599609375,24464.599609375,24458.19921875,24464.05078125,0
2026-08-04 13:34:00+05:30,24465.94921875,24468.900390625,24462.69921875,24463.69921875,0
2026-08-04 13:35:00+05:30,24464.69921875,24465.0,24458.55078125,24458.849609375,0
2026-08-04 13:36:00+05:30,24460.80078125,24460.80078125,24455.94921875,24459.900390625,0
2026-08-04 13:37:00+05:30,24461.849609375,24464.05078125,24457.69921875,24463.44921875,0
2026-08-04 13:38:00+05:30,24464.099609375,24464.25,24460.849609375,24464.25,0
2026-08-04 13:39:00+05:30,24465.150390625,24470.849609375,24463.55078125,24468.19921875,0
2026-08-04 13:40:00+05:30,24468.75,24470.900390625,24466.650390625,24469.099609375,0
2026-08-04 13:41:00+05:30,24470.849609375,24471.0,24468.5,24469.75,0
2026-08-04 13:42:00+05:30,24470.599609375,24470.599609375,24462.25,24463.900390625,0
2026-08-04 13:43:00+05:30,24466.099609375,24466.099609375,24460.19921875,24461.19921875,0
2026-08-04 13:44:00+05:30,24463.30078125,24463.30078125,24453.80078125,24453.80078125,0
2026-08-04 13:45:00+05:30,24454.80078125,24458.19921875,24453.150390625,24456.099609375,0
2026-08-04 13:46:00+05:30,24457.5,24457.5,24452.099609375,24454.19921875,0
2026-08-04 13:47:00+05:30,24455.400390625,24457.80078125,24451.94921875,24457.099609375,0
2026-08-04 13:48:00+05:30,24459.19921875,24466.80078125,24456.94921875,24465.94921875,0
2026-08-04 13:49:00+05:30,24467.44921875,24467.44921875,24462.05078125,24465.44921875,0
2026-08-04 13:50:00+05:30,24466.75,24468.25,24464.30078125,24466.94921875,0
2026-08-04 13:51:00+05:30,24468.44921875,24468.44921875,24462.44921875,24465.05078125,0
2026-08-04 13:52:00+05:30,24467.099609375,24467.25,24462.5,24463.75,0
2026-08-04 13:53:00+05:30,24464.55078125,24464.55078125,24449.900390625,24450.099609375,0
2026-08-04 13:54:00+05:30,24450.55078125,24450.55078125,24440.94921875,24446.69921875,0
2026-08-04 13:55:00+05:30,24446.400390625,24448.400390625,24444.900390625,24446.80078125,0
2026-08-04 13:56:00+05:30,24447.69921875,24448.400390625,24439.75,24439.75,0
2026-08-04 13:57:00+05:30,24440.44921875,24440.69921875,24429.150390625,24429.55078125,0
2026-08-04 13:58:00+05:30,24430.19921875,24442.75,24428.19921875,24441.75,0
2026-08-04 13:59:00+05:30,24443.44921875,24449.599609375,24440.849609375,24448.900390625,0
2026-08-04 14:00:00+05:30,24450.599609375,24450.599609375,24436.150390625,24444.94921875,0
2026-08-04 14:01:00+05:30,24448.05078125,24448.05078125,24442.75,24444.80078125,0
2026-08-04 14:02:00+05:30,24446.349609375,24446.349609375,24440.900390625,24442.099609375,0
2026-08-04 14:03:00+05:30,24444.19921875,24444.19921875,24439.94921875,24442.69921875,0
2026-08-04 14:04:00+05:30,24443.25,24446.099609375,24440.44921875,24445.400390625,0
2026-08-04 14:05:00+05:30,24447.80078125,24450.30078125,24444.30078125,24447.650390625,0
2026-08-04 14:06:00+05:30,24449.650390625,24454.19921875,24447.19921875,24452.44921875,0
2026-08-04 14:07:00+05:30,24453.900390625,24457.900390625,24451.650390625,24456.05078125,0
2026-08-04 14:08:00+05:30,24458.75,24458.75,24451.05078125,24451.30078125,0
2026-08-04 14:09:00+05:30,24453.80078125,24454.19921875,24449.55078125,24450.19921875,0
2026-08-04 14:10:00+05:30,24452.5,24455.44921875,24450.099609375,24452.400390625,0
2026-08-04 14:11:00+05:30,24454.44921875,24460.44921875,24450.19921875,24459.400390625,0
2026-08-04 14:12:00+05:30,24462.25,24462.25,24457.19921875,24458.75,0
2026-08-04 14:13:00+05:30,24461.099609375,24461.099609375,24455.19921875,24457.650390625,0
2026-08-04 14:14:00+05:30,24459.30078125,24463.30078125,24457.150390625,24462.349609375,0
2026-08-04 14:15:00+05:30,24463.80078125,24464.94921875,24460.849609375,24461.400390625,0
2026-08-04 14:16:00+05:30,24463.30078125,24465.19921875,24460.44921875,24463.25,0
2026-08-04 14:17:00+05:30,24464.599609375,24470.30078125,24463.400390625,24469.75,0
2026-08-04 14:18:00+05:30,24470.94921875,24473.849609375,24464.55078125,24473.849609375,0
2026-08-04 14:19:00+05:30,24475.0,24487.349609375,24473.44921875,24486.0,0
2026-08-04 14:20:00+05:30,24487.30078125,24492.44921875,24486.650390625,24492.150390625,0
2026-08-04 14:21:00+05:30,24493.44921875,24494.30078125,24472.650390625,24476.19921875,0
2026-08-04 14:22:00+05:30,24478.650390625,24479.400390625,24475.0,24477.599609375,0
2026-08-04 14:23:00+05:30,24479.80078125,24482.05078125,24463.80078125,24466.19921875,0
2026-08-04 14:24:00+05:30,24469.900390625,24475.94921875,24467.650390625,24473.400390625,0
2026-08-04 14:25:00+05:30,24476.0,24480.75,24473.650390625,24477.849609375,0
2026-08-04 14:26:00+05:30,24480.30078125,24482.849609375,24476.25,24478.150390625,0
2026-08-04 14:27:00+05:30,24480.80078125,24482.099609375,24475.900390625,24479.5,0
2026-08-04 14:28:00+05:30,24479.849609375,24481.599609375,24471.0,24472.19921875,0
2026-08-04 14:29:00+05:30,24473.650390625,24473.650390625,24461.099609375,24470.5,0
2026-08-04 14:30:00+05:30,24470.099609375,24481.5,24465.849609375,24479.30078125,0
2026-08-04 14:31:00+05:30,24480.44921875,24490.30078125,24478.19921875,24481.0,0
2026-08-04 14:32:00+05:30,24480.69921875,24486.19921875,24469.650390625,24469.650390625,0
2026-08-04 14:33:00+05:30,24470.900390625,24471.25,24458.900390625,24458.900390625,0
2026-08-04 14:34:00+05:30,24462.5,24465.150390625,24456.30078125,24463.150390625,0
2026-08-04 14:35:00+05:30,24464.849609375,24469.5,24462.650390625,24466.650390625,0
2026-08-04 14:36:00+05:30,24467.349609375,24467.900390625,24456.849609375,24460.599609375,0
2026-08-04 14:37:00+05:30,24461.80078125,24465.19921875,24459.099609375,24463.75,0
2026-08-04 14:38:00+05:30,24464.650390625,24470.650390625,24463.349609375,24469.150390625,0
2026-08-04 14:39:00+05:30,24469.19921875,24471.5,24462.30078125,24463.30078125,0
2026-08-04 14:40:00+05:30,24463.849609375,24467.55078125,24462.19921875,24463.25,0
2026-08-04 14:41:00+05:30,24464.150390625,24467.150390625,24462.0,24464.349609375,0
2026-08-04 14:42:00+05:30,24464.900390625,24466.5,24459.150390625,24462.69921875,0
2026-08-04 14:43:00+05:30,24461.75,24463.80078125,24458.05078125,24459.5,0
2026-08-04 14:44:00+05:30,24461.0,24464.0,24456.650390625,24456.650390625,0
2026-08-04 14:45:00+05:30,24459.400390625,24472.05078125,24455.94921875,24471.80078125,0
2026-08-04 14:46:00+05:30,24469.80078125,24471.900390625,24465.849609375,24467.099609375,0
2026-08-04 14:47:00+05:30,24466.849609375,24469.150390625,24465.0,24467.400390625,0
2026-08-04 14:48:00+05:30,24468.05078125,24468.69921875,24464.25,24465.30078125,0
2026-08-04 14:49:00+05:30,24466.599609375,24471.650390625,24465.80078125,24469.19921875,0
2026-08-04 14:50:00+05:30,24469.650390625,24473.599609375,24466.900390625,24467.5,0
2026-08-04 14:51:00+05:30,24470.599609375,24471.849609375,24465.900390625,24467.94921875,0
2026-08-04 14:52:00+05:30,24469.55078125,24473.5,24468.099609375,24470.900390625,0
2026-08-04 14:53:00+05:30,24472.099609375,24474.849609375,24470.30078125,24473.69921875,0
2026-08-04 14:54:00+05:30,24474.150390625,24476.30078125,24472.5,24474.80078125,0
2026-08-04 14:55:00+05:30,24475.69921875,24480.30078125,24473.75,24473.94921875,0
2026-08-04 14:56:00+05:30,24475.55078125,24479.900390625,24473.099609375,24479.650390625,0
2026-08-04 14:57:00+05:30,24480.25,24481.44921875,24468.599609375,24469.69921875,0
2026-08-04 14:58:00+05:30,24472.30078125,24472.30078125,24465.599609375,24467.650390625,0
2026-08-04 14:59:00+05:30,24469.099609375,24471.30078125,24465.599609375,24465.849609375,0
2026-08-04 15:00:00+05:30,24469.099609375,24474.30078125,24463.900390625,24463.900390625,0
2026-08-04 15:01:00+05:30,24464.80078125,24465.75,24453.44921875,24454.900390625,0
2026-08-04 15:02:00+05:30,24456.94921875,24459.650390625,24454.099609375,24455.19921875,0
2026-08-04 15:03:00+05:30,24455.150390625,24456.69921875,24452.05078125,24453.599609375,0
2026-08-04 15:04:00+05:30,24455.0,24457.099609375,24449.75,24450.349609375,0
2026-08-04 15:05:00+05:30,24450.349609375,24452.0,24445.0,24448.849609375,0
2026-08-04 15:06:00+05:30,24449.650390625,24452.5,24446.150390625,24451.900390625,0
2026-08-04 15:07:00+05:30,24452.80078125,24458.30078125,24451.80078125,24454.0,0
2026-08-04 15:08:00+05:30,24454.69921875,24457.150390625,24451.80078125,24452.150390625,0
2026-08-04 15:09:00+05:30,24455.650390625,24457.349609375,24447.5,24452.30078125,0
2026-08-04 15:10:00+05:30,24454.0,24456.69921875,24443.599609375,24449.900390625,0
2026-08-04 15:11:00+05:30,24448.849609375,24458.75,24446.80078125,24454.05078125,0
2026-08-04 15:12:00+05:30,24453.75,24455.19921875,24446.69921875,24449.55078125,0
2026-08-04 15:13:00+05:30,24448.80078125,24453.55078125,24446.650390625,24453.55078125,0
2026-08-04 15:14:00+05:30,24453.69921875,24466.150390625,24451.099609375,24462.94921875,0
2026-08-04 15:15:00+05:30,24463.44921875,24463.44921875,24463.44921875,24463.44921875,0
2026-08-04 15:16:00+05:30,24463.44921875,24463.44921875,24463.44921875,24463.44921875,0
2026-08-04 15:17:00+05:30,24463.44921875,24463.44921875,24463.44921875,24463.44921875,0
2026-08-04 15:18:00+05:30,24463.44921875,24463.44921875,24463.44921875,24463.44921875,0
2026-08-04 15:19:00+05:30,24463.44921875,24463.44921875,24463.44921875,24463.44921875,0
2026-08-04 15:20:00+05:30,24463.44921875,24463.44921875,24463.44921875,24463.44921875,0
2026-08-04 15:21:00+05:30,24463.44921875,24463.44921875,24463.44921875,24463.44921875,0
2026-08-04 15:22:00+05:30,24463.44921875,24463.44921875,24463.44921875,24463.44921875,0
2026-08-04 15:23:00+05:30,24463.44921875,24463.44921875,24463.44921875,24463.44921875,0
2026-08-04 15:24:00+05:30,24463.44921875,24463.44921875,24463.44921875,24463.44921875,0
2026-08-04 15:25:00+05:30,24463.44921875,24463.44921875,24463.44921875,24463.44921875,0
2026-08-04 15:26:00+05:30,24463.44921875,24463.44921875,24463.44921875,24463.44921875,0
2026-08-04 15:27:00+05:30,24463.44921875,24463.44921875,24463.44921875,24463.44921875,0
2026-08-04 15:28:00+05:30,24463.44921875,24614.900390625,24463.44921875,24614.900390625,0
2026-08-04 15:29:00+05:30,24614.900390625,24614.900390625,24614.900390625,24614.900390625,0
2026-08-05 09:15:00+05:30,24669.19921875,24669.19921875,24619.05078125,24646.150390625,0
2026-08-05 09:16:00+05:30,24646.150390625,24653.900390625,24634.69921875,24648.19921875,0
2026-08-05 09:17:00+05:30,24648.150390625,24652.900390625,24641.94921875,24643.150390625,0
2026-08-05 09:18:00+05:30,24643.400390625,24650.44921875,24637.80078125,24644.25,0
2026-08-05 09:19:00+05:30,24643.25,24645.05078125,24633.650390625,24635.19921875,0
2026-08-05 09:20:00+05:30,24636.19921875,24640.94921875,24634.849609375,24636.849609375,0
2026-08-05 09:21:00+05:30,24635.849609375,24642.150390625,24633.400390625,24638.69921875,0
2026-08-05 09:22:00+05:30,24638.25,24641.599609375,24625.69921875,24626.5,0
2026-08-05 09:23:00+05:30,24626.099609375,24628.400390625,24622.05078125,24623.30078125,0
2026-08-05 09:24:00+05:30,24622.599609375,24628.30078125,24621.05078125,24625.30078125,0
2026-08-05 09:25:00+05:30,24626.099609375,24628.19921875,24619.25,24621.849609375,0
2026-08-05 09:26:00+05:30,24621.80078125,24621.80078125,24611.44921875,24611.69921875,0
2026-08-05 09:27:00+05:30,24612.150390625,24621.599609375,24611.55078125,24614.0,0
2026-08-05 09:28:00+05:30,24614.349609375,24619.400390625,24613.150390625,24618.19921875,0
2026-08-05 09:29:00+05:30,24618.400390625,24625.099609375,24617.0,24621.44921875,0
2026-08-05 09:30:00+05:30,24621.400390625,24622.44921875,24606.44921875,24606.650390625,0
2026-08-05 09:31:00+05:30,24606.75,24614.30078125,24605.599609375,24612.0,0
2026-08-05 09:32:00+05:30,24612.75,24621.599609375,24612.75,24621.599609375,0
2026-08-05 09:33:00+05:30,24621.44921875,24624.05078125,24616.400390625,24619.44921875,0
2026-08-05 09:34:00+05:30,24620.150390625,24622.150390625,24610.5,24611.05078125,0
2026-08-05 09:35:00+05:30,24610.650390625,24614.19921875,24609.05078125,24611.0,0
2026-08-05 09:36:00+05:30,24610.75,24615.55078125,24607.94921875,24609.099609375,0
2026-08-05 09:37:00+05:30,24608.44921875,24611.55078125,24604.94921875,24608.80078125,0
2026-08-05 09:38:00+05:30,24608.75,24613.75,24605.599609375,24612.94921875,0
2026-08-05 09:39:00+05:30,24612.44921875,24622.599609375,24612.44921875,24622.05078125,0
2026-08-05 09:40:00+05:30,24622.25,24627.400390625,24620.44921875,24627.400390625,0
2026-08-05 09:41:00+05:30,24627.19921875,24634.80078125,24626.099609375,24634.150390625,0
2026-08-05 09:42:00+05:30,24633.94921875,24635.94921875,24626.349609375,24627.44921875,0
2026-08-05 09:43:00+05:30,24627.400390625,24633.19921875,24626.900390625,24627.94921875,0
2026-08-05 09:44:00+05:30,24627.650390625,24632.05078125,24627.25,24627.94921875,0
2026-08-05 09:45:00+05:30,24628.05078125,24629.849609375,24624.55078125,24626.19921875,0
2026-08-05 09:46:00+05:30,24626.30078125,24627.650390625,24621.599609375,24624.900390625,0
2026-08-05 09:47:00+05:30,24623.55078125,24628.80078125,24622.55078125,24624.25,0
2026-08-05 09:48:00+05:30,24624.44921875,24628.44921875,24621.900390625,24626.55078125,0
2026-08-05 09:49:00+05:30,24626.650390625,24631.69921875,24625.80078125,24628.349609375,0
2026-08-05 09:50:00+05:30,24629.5,24630.5,24621.0,24622.0,0
2026-08-05 09:51:00+05:30,24621.44921875,24622.5,24608.05078125,24608.44921875,0
2026-08-05 09:52:00+05:30,24607.94921875,24608.69921875,24599.25,24602.94921875,0
2026-08-05 09:53:00+05:30,24602.650390625,24605.19921875,24597.55078125,24600.349609375,0
2026-08-05 09:54:00+05:30,24599.30078125,24601.44921875,24591.19921875,24591.19921875,0
2026-08-05 09:55:00+05:30,24592.099609375,24594.30078125,24582.849609375,24584.19921875,0
2026-08-05 09:56:00+05:30,24584.0,24587.599609375,24582.19921875,24582.5,0
2026-08-05 09:57:00+05:30,24583.30078125,24588.94921875,24581.69921875,24587.099609375,0
2026-08-05 09:58:00+05:30,24587.400390625,24590.5,24587.05078125,24588.650390625,0
2026-08-05 09:59:00+05:30,24589.900390625,24595.30078125,24587.75,24594.05078125,0
2026-08-05 10:00:00+05:30,24594.25,24601.05078125,24594.25,24600.650390625,0
2026-08-05 10:01:00+05:30,24601.75,24604.94921875,24599.5,24603.25,0
2026-08-05 10:02:00+05:30,24603.55078125,24610.80078125,24598.849609375,24610.30078125,0
2026-08-05 10:03:00+05:30,24610.19921875,24620.599609375,24610.19921875,24615.94921875,0
2026-08-05 10:04:00+05:30,24616.400390625,24619.400390625,24611.25,24612.0,0
2026-08-05 10:05:00+05:30,24612.150390625,24614.75,24603.849609375,24604.44921875,0
2026-08-05 10:06:00+05:30,24604.599609375,24605.94921875,24591.30078125,24593.05078125,0
2026-08-05 10:07:00+05:30,24593.349609375,24593.5,24588.44921875,24592.19921875,0
2026-08-05 10:08:00+05:30,24592.30078125,24606.599609375,24592.0,24605.80078125,0
2026-08-05 10:09:00+05:30,24606.0,24609.650390625,24605.0,24605.900390625,0
2026-08-05 10:10:00+05:30,24605.599609375,24614.400390625,24605.349609375,24610.44921875,0
2026-08-05 10:11:00+05:30,24610.650390625,24618.55078125,24609.0,24613.0,0
2026-08-05 10:12:00+05:30,24613.25,24615.80078125,24611.69921875,24612.650390625,0
2026-08-05 10:13:00+05:30,24612.849609375,24622.400390625,24612.849609375,24621.349609375,0
2026-08-05 10:14:00+05:30,24621.30078125,24623.19921875,24619.30078125,24620.900390625,0
2026-08-05 10:15:00+05:30,24621.25,24621.75,24608.400390625,24608.55078125,0
2026-08-05 10:16:00+05:30,24608.05078125,24609.44921875,24605.80078125,24606.44921875,0
2026-08-05 10:17:00+05:30,24605.599609375,24606.25,24601.69921875,24605.0,0
2026-08-05 10:18:00+05:30,24605.0,24607.55078125,24602.05078125,24607.25,0
2026-08-05 10:19:00+05:30,24606.650390625,24612.849609375,24606.650390625,24611.80078125,0
2026-08-05 10:20:00+05:30,24610.80078125,24615.650390625,24609.30078125,24614.400390625,0
2026-08-05 10:21:00+05:30,24614.900390625,24616.650390625,24604.94921875,24605.80078125,0
2026-08-05 10:22:00+05:30,24605.5,24614.30078125,24604.69921875,24612.80078125,0
2026-08-05 10:23:00+05:30,24613.80078125,24618.900390625,24611.5,24617.0,0
2026-08-05 10:24:00+05:30,24617.19921875,24617.849609375,24613.599609375,24615.900390625,0
2026-08-05 10:25:00+05:30,24616.0,24616.80078125,24609.849609375,24612.150390625,0
2026-08-05 10:26:00+05:30,24611.69921875,24612.69921875,24594.44921875,24594.44921875,0
2026-08-05 10:27:00+05:30,24594.25,24596.30078125,24589.30078125,24589.5,0
2026-08-05 10:28:00+05:30,24589.599609375,24591.94921875,24580.69921875,24581.75,0
2026-08-05 10:29:00+05:30,24582.05078125,24585.44921875,24580.69921875,24582.400390625,0
2026-08-05 10:30:00+05:30,24582.150390625,24583.099609375,24572.099609375,24573.599609375,0
2026-08-05 10:31:00+05:30,24574.55078125,24575.25,24562.400390625,24564.0,0
2026-08-05 10:32:00+05:30,24563.69921875,24575.44921875,24563.05078125,24575.44921875,0
2026-08-05 10:33:00+05:30,24575.19921875,24581.150390625,24574.75,24580.150390625,0
2026-08-05 10:34:00+05:30,24579.900390625,24582.94921875,24577.75,24580.05078125,0
2026-08-05 10:35:00+05:30,24580.150390625,24582.5,24577.69921875,24580.25,0
2026-08-05 10:36:00+05:30,24580.55078125,24591.19921875,24579.44921875,24585.80078125,0
2026-08-05 10:37:00+05:30,24587.349609375,24587.349609375,24576.94921875,24577.5,0
2026-08-05 10:38:00+05:30,24577.5,24578.650390625,24575.099609375,24578.5,0
2026-08-05 10:39:00+05:30,24579.25,24582.849609375,24576.80078125,24581.650390625,0
2026-08-05 10:40:00+05:30,24581.5,24587.44921875,24578.849609375,24586.80078125,0
2026-08-05 10:41:00+05:30,24586.80078125,24594.05078125,24585.80078125,24593.150390625,0
2026-08-05 10:42:00+05:30,24593.349609375,24602.400390625,24592.5,24599.099609375,0
2026-08-05 10:43:00+05:30,24599.099609375,24605.05078125,24597.25,24601.849609375,0
2026-08-05 10:44:00+05:30,24601.25,24602.19921875,24594.400390625,24594.400390625,0
2026-08-05 10:45:00+05:30,24594.400390625,24602.349609375,24593.900390625,24599.19921875,0
2026-08-05 10:46:00+05:30,24600.0,24602.94921875,24598.25,24602.5,0
2026-08-05 10:47:00+05:30,24602.400390625,24603.400390625,24597.650390625,24602.75,0
2026-08-05 10:48:00+05:30,24602.75,24608.30078125,24602.75,24605.150390625,0
2026-08-05 10:49:00+05:30,24604.80078125,24610.400390625,24601.900390625,24609.400390625,0
2026-08-05 10:50:00+05:30,24609.5,24617.44921875,24609.5,24614.25,0
2026-08-05 10:51:00+05:30,24614.400390625,24615.75,24605.400390625,24605.400390625,0
2026-08-05 10:52:00+05:30,24605.80078125,24610.94921875,24604.30078125,24609.650390625,0
2026-08-05 10:53:00+05:30,24609.349609375,24612.44921875,24608.30078125,24612.25,0
2026-08-05 10:54:00+05:30,24612.5,24619.55078125,24610.5,24617.19921875,0
2026-08-05 10:55:00+05:30,24616.19921875,24631.25,24615.400390625,24630.349609375,0
2026-08-05 10:56:00+05:30,24630.69921875,24635.0,24629.349609375,24630.150390625,0
2026-08-05 10:57:00+05:30,24630.400390625,24636.44921875,24629.75,24635.69921875,0
2026-08-05 10:58:00+05:30,24636.44921875,24641.75,24635.80078125,24640.55078125,0
2026-08-05 10:59:00+05:30,24640.099609375,24644.75,24637.25,24643.05078125,0
2026-08-05 11:00:00+05:30,24643.5,24654.30078125,24643.5,24652.150390625,0
2026-08-05 11:01:00+05:30,24651.80078125,24657.150390625,24648.150390625,24648.150390625,0
2026-08-05 11:02:00+05:30,24647.599609375,24649.80078125,24646.349609375,24648.599609375,0
2026-08-05 11:03:00+05:30,24649.25,24654.0,24648.5,24652.5,0
2026-08-05 11:04:00+05:30,24652.75,24653.30078125,24647.650390625,24648.30078125,0
2026-08-05 11:05:00+05:30,24647.94921875,24658.900390625,24647.94921875,24656.75,0
2026-08-05 11:06:00+05:30,24656.599609375,24662.599609375,24656.599609375,24657.099609375,0
2026-08-05 11:07:00+05:30,24659.0,24661.44921875,24644.599609375,24644.599609375,0
2026-08-05 11:08:00+05:30,24645.849609375,24645.849609375,24632.25,24633.150390625,0
2026-08-05 11:09:00+05:30,24632.75,24636.0,24625.650390625,24626.19921875,0
2026-08-05 11:10:00+05:30,24626.19921875,24627.25,24617.900390625,24618.25,0
2026-08-05 11:11:00+05:30,24619.150390625,24624.75,24618.5,24623.5,0
2026-08-05 11:12:00+05:30,24624.69921875,24630.900390625,24622.0,24629.69921875,0
2026-08-05 11:13:00+05:30,24629.650390625,24640.650390625,24629.650390625,24636.80078125,0
2026-08-05 11:14:00+05:30,24636.599609375,24639.55078125,24630.19921875,24631.400390625,0
2026-08-05 11:15:00+05:30,24631.44921875,24637.5,24630.94921875,24635.05078125,0
2026-08-05 11:16:00+05:30,24635.150390625,24637.650390625,24632.44921875,24634.55078125,0
2026-08-05 11:17:00+05:30,24634.849609375,24635.44921875,24629.0,24631.099609375,0
2026-08-05 11:18:00+05:30,24630.5,24633.44921875,24625.650390625,24627.099609375,0
2026-08-05 11:19:00+05:30,24627.19921875,24629.150390625,24622.05078125,24623.05078125,0
2026-08-05 11:20:00+05:30,24622.400390625,24623.900390625,24620.80078125,24622.30078125,0
2026-08-05 11:21:00+05:30,24622.349609375,24624.69921875,24617.69921875,24623.0,0
2026-08-05 11:22:00+05:30,24623.25,24629.150390625,24622.599609375,24626.349609375,0
2026-08-05 11:23:00+05:30,24626.55078125,24627.19921875,24620.599609375,24621.80078125,0
2026-08-05 11:24:00+05:30,24621.349609375,24621.75,24616.099609375,24619.599609375,0
2026-08-05 11:25:00+05:30,24619.55078125,24621.150390625,24614.19921875,24617.05078125,0
2026-08-05 11:26:00+05:30,24617.0,24617.94921875,24613.099609375,24613.099609375,0
2026-08-05 11:27:00+05:30,24613.19921875,24615.25,24611.849609375,24614.25,0
2026-08-05 11:28:00+05:30,24614.30078125,24614.400390625,24609.80078125,24612.05078125,0
2026-08-05 11:29:00+05:30,24612.0,24613.0,24608.0,24611.25,0
2026-08-05 11:30:00+05:30,24610.94921875,24612.25,24605.5,24609.44921875,0
2026-08-05 11:31:00+05:30,24610.0,24611.05078125,24602.75,24606.69921875,0
2026-08-05 11:32:00+05:30,24606.849609375,24607.849609375,24603.150390625,24605.05078125,0
2026-08-05 11:33:00+05:30,24604.75,24606.69921875,24597.05078125,24599.5,0
2026-08-05 11:34:00+05:30,24599.349609375,24600.25,24589.25,24590.099609375,0
2026-08-05 11:35:00+05:30,24590.19921875,24591.80078125,24586.5,24588.05078125,0
2026-08-05 11:36:00+05:30,24588.55078125,24594.30078125,24587.55078125,24591.099609375,0
2026-08-05 11:37:00+05:30,24590.69921875,24593.099609375,24588.349609375,24592.0,0
2026-08-05 11:38:00+05:30,24591.900390625,24595.0,24589.400390625,24594.650390625,0
2026-08-05 11:39:00+05:30,24594.400390625,24599.30078125,24592.099609375,24598.19921875,0
2026-08-05 11:40:00+05:30,24598.19921875,24600.30078125,24595.69921875,24598.900390625,0
2026-08-05 11:41:00+05:30,24598.650390625,24598.650390625,24589.849609375,24593.400390625,0
2026-08-05 11:42:00+05:30,24592.900390625,24596.099609375,24591.75,24594.55078125,0
2026-08-05 11:43:00+05:30,24594.80078125,24596.900390625,24593.55078125,24596.650390625,0
2026-08-05 11:44:00+05:30,24596.5,24601.099609375,24593.19921875,24594.400390625,0
2026-08-05 11:45:00+05:30,24594.400390625,24595.75,24589.900390625,24593.849609375,0
2026-08-05 11:46:00+05:30,24593.400390625,24595.19921875,24587.44921875,24590.0,0
2026-08-05 11:47:00+05:30,24589.099609375,24591.900390625,24587.849609375,24588.349609375,0
2026-08-05 11:48:00+05:30,24589.099609375,24592.650390625,24586.30078125,24587.55078125,0
2026-08-05 11:49:00+05:30,24586.94921875,24589.400390625,24583.05078125,24584.25,0
2026-08-05 11:50:00+05:30,24583.650390625,24584.94921875,24576.349609375,24577.44921875,0
2026-08-05 11:51:00+05:30,24577.150390625,24579.0,24571.19921875,24571.55078125,0
2026-08-05 11:52:00+05:30,24571.69921875,24578.5,24569.400390625,24575.80078125,0
2026-08-05 11:53:00+05:30,24577.0,24580.650390625,24575.599609375,24576.099609375,0
2026-08-05 11:54:00+05:30,24576.30078125,24577.150390625,24573.69921875,24574.30078125,0
2026-08-05 11:55:00+05:30,24573.69921875,24575.849609375,24569.05078125,24571.25,0
2026-08-05 11:56:00+05:30,24570.849609375,24575.25,24569.44921875,24571.55078125,0
2026-08-05 11:57:00+05:30,24570.650390625,24571.05078125,24563.599609375,24564.599609375,0
2026-08-05 11:58:00+05:30,24563.5,24567.94921875,24561.75,24566.25,0
2026-08-05 11:59:00+05:30,24565.349609375,24571.0,24565.05078125,24570.94921875,0
2026-08-05 12:00:00+05:30,24570.05078125,24572.30078125,24568.599609375,24570.44921875,0
2026-08-05 12:01:00+05:30,24570.900390625,24574.599609375,24570.150390625,24573.599609375,0
2026-08-05 12:02:00+05:30,24573.44921875,24577.94921875,24571.5,24576.94921875,0
2026-08-05 12:03:00+05:30,24575.150390625,24579.05078125,24575.150390625,24577.05078125,0
2026-08-05 12:04:00+05:30,24577.0,24578.25,24573.44921875,24575.599609375,0
2026-08-05 12:05:00+05:30,24575.849609375,24577.69921875,24573.150390625,24573.44921875,0
2026-08-05 12:06:00+05:30,24573.19921875,24575.650390625,24571.900390625,24573.349609375,0
2026-08-05 12:07:00+05:30,24573.349609375,24577.5,24572.55078125,24575.099609375,0
2026-08-05 12:08:00+05:30,24575.400390625,24576.849609375,24573.900390625,24574.80078125,0
2026-08-05 12:09:00+05:30,24574.0,24578.599609375,24573.599609375,24576.5,0
2026-08-05 12:10:00+05:30,24576.400390625,24577.5,24572.69921875,24572.94921875,0
2026-08-05 12:11:00+05:30,24573.80078125,24573.80078125,24565.05078125,24565.55078125,0
2026-08-05 12:12:00+05:30,24565.80078125,24575.25,24564.75,24573.69921875,0
2026-08-05 12:13:00+05:30,24575.0,24575.650390625,24571.599609375,24574.44921875,0
2026-08-05 12:14:00+05:30,24574.55078125,24576.69921875,24571.19921875,24573.599609375,0
2026-08-05 12:15:00+05:30,24572.849609375,24577.349609375,24572.75,24575.19921875,0
2026-08-05 12:16:00+05:30,24574.849609375,24576.349609375,24571.19921875,24575.349609375,0
2026-08-05 12:17:00+05:30,24574.75,24579.44921875,24572.44921875,24578.19921875,0
2026-08-05 12:18:00+05:30,24580.0,24580.349609375,24575.599609375,24577.75,0
2026-08-05 12:19:00+05:30,24576.55078125,24577.349609375,24566.30078125,24566.849609375,0
2026-08-05 12:20:00+05:30,24566.5,24570.69921875,24565.80078125,24568.650390625,0
2026-08-05 12:21:00+05:30,24569.05078125,24574.0,24568.650390625,24572.849609375,0
2026-08-05 12:22:00+05:30,24572.94921875,24575.25,24566.150390625,24566.44921875,0
2026-08-05 12:23:00+05:30,24566.400390625,24568.94921875,24560.94921875,24564.900390625,0
2026-08-05 12:24:00+05:30,24564.900390625,24576.80078125,24564.900390625,24571.94921875,0
2026-08-05 12:25:00+05:30,24571.900390625,24574.05078125,24568.75,24573.650390625,0
2026-08-05 12:26:00+05:30,24573.30078125,24576.150390625,24569.150390625,24571.099609375,0
2026-08-05 12:27:00+05:30,24570.05078125,24571.400390625,24564.099609375,24566.25,0
2026-08-05 12:28:00+05:30,24565.400390625,24569.94921875,24565.400390625,24569.94921875,0
2026-08-05 12:29:00+05:30,24569.400390625,24570.55078125,24565.69921875,24566.900390625,0
2026-08-05 12:30:00+05:30,24566.900390625,24568.30078125,24560.55078125,24561.349609375,0
2026-08-05 12:31:00+05:30,24561.44921875,24561.900390625,24552.05078125,24552.400390625,0
2026-08-05 12:32:00+05:30,24552.650390625,24554.69921875,24544.5,24550.650390625,0
2026-08-05 12:33:00+05:30,24550.30078125,24554.5,24547.150390625,24549.400390625,0
2026-08-05 12:34:00+05:30,24549.25,24551.349609375,24542.05078125,24543.849609375,0
2026-08-05 12:35:00+05:30,24543.94921875,24545.30078125,24535.650390625,24537.900390625,0
2026-08-05 12:36:00+05:30,24538.0,24539.5,24534.05078125,24535.5,0
2026-08-05 12:37:00+05:30,24535.0,24536.349609375,24531.5,24532.849609375,0
2026-08-05 12:38:00+05:30,24532.849609375,24535.5,24530.099609375,24533.099609375,0
2026-08-05 12:39:00+05:30,24532.900390625,24540.349609375,24532.900390625,24540.05078125,0
2026-08-05 12:40:00+05:30,24540.0,24544.599609375,24537.94921875,24541.05078125,0
2026-08-05 12:41:00+05:30,24541.05078125,24545.650390625,24537.650390625,24537.849609375,0
2026-08-05 12:42:00+05:30,24537.599609375,24539.19921875,24530.349609375,24531.099609375,0
2026-08-05 12:43:00+05:30,24530.599609375,24532.75,24525.94921875,24528.0,0
2026-08-05 12:44:00+05:30,24528.099609375,24533.0,24526.80078125,24532.05078125,0
2026-08-05 12:45:00+05:30,24531.849609375,24535.099609375,24530.75,24532.150390625,0
2026-08-05 12:46:00+05:30,24532.05078125,24533.80078125,24528.400390625,24530.30078125,0
2026-08-05 12:47:00+05:30,24530.150390625,24532.400390625,24529.44921875,24529.55078125,0
2026-08-05 12:48:00+05:30,24529.80078125,24531.5,24527.099609375,24527.099609375,0
2026-08-05 12:49:00+05:30,24527.150390625,24528.150390625,24520.69921875,24523.69921875,0
2026-08-05 12:50:00+05:30,24523.849609375,24525.55078125,24519.349609375,24519.80078125,0
2026-08-05 12:51:00+05:30,24519.5,24520.900390625,24517.650390625,24518.69921875,0
2026-08-05 12:52:00+05:30,24519.30078125,24524.19921875,24517.94921875,24522.94921875,0
2026-08-05 12:53:00+05:30,24523.349609375,24525.05078125,24521.19921875,24523.099609375,0
2026-08-05 12:54:00+05:30,24523.30078125,24526.099609375,24521.150390625,24522.650390625,0
2026-08-05 12:55:00+05:30,24523.05078125,24527.19921875,24521.05078125,24526.75,0
2026-08-05 12:56:00+05:30,24527.05078125,24528.5,24522.05078125,24522.400390625,0
2026-08-05 12:57:00+05:30,24522.19921875,24524.0,24520.099609375,24522.25,0
2026-08-05 12:58:00+05:30,24522.19921875,24523.849609375,24519.80078125,24521.25,0
2026-08-05 12:59:00+05:30,24521.25,24522.19921875,24515.650390625,24516.099609375,0
2026-08-05 13:00:00+05:30,24516.349609375,24518.099609375,24513.69921875,24514.44921875,0
2026-08-05 13:01:00+05:30,24514.599609375,24518.349609375,24513.80078125,24516.150390625,0
2026-08-05 13:02:00+05:30,24517.900390625,24521.80078125,24516.44921875,24521.25,0
2026-08-05 13:03:00+05:30,24521.150390625,24530.25,24521.150390625,24528.5,0
2026-08-05 13:04:00+05:30,24528.44921875,24534.599609375,24528.19921875,24530.80078125,0
2026-08-05 13:05:00+05:30,24530.900390625,24532.30078125,24511.349609375,24512.05078125,0
2026-08-05 13:06:00+05:30,24512.30078125,24516.19921875,24508.44921875,24515.69921875,0
2026-08-05 13:07:00+05:30,24516.099609375,24521.44921875,24514.0,24521.099609375,0
2026-08-05 13:08:00+05:30,24520.55078125,24529.400390625,24520.55078125,24528.69921875,0
2026-08-05 13:09:00+05:30,24529.0,24536.900390625,24529.0,24536.19921875,0
2026-08-05 13:10:00+05:30,24536.650390625,24540.099609375,24535.19921875,24537.19921875,0
2026-08-05 13:11:00+05:30,24537.349609375,24538.5,24526.5,24527.099609375,0
2026-08-05 13:12:00+05:30,24526.599609375,24528.80078125,24522.94921875,24523.599609375,0
2026-08-05 13:13:00+05:30,24523.69921875,24524.55078125,24519.25,24522.349609375,0
2026-08-05 13:14:00+05:30,24522.150390625,24535.69921875,24520.150390625,24535.05078125,0
2026-08-05 13:15:00+05:30,24534.94921875,24541.30078125,24530.55078125,24541.25,0
2026-08-05 13:16:00+05:30,24539.75,24545.150390625,24533.30078125,24544.25,0
2026-08-05 13:17:00+05:30,24543.599609375,24546.849609375,24541.94921875,24543.599609375,0
2026-08-05 13:18:00+05:30,24543.099609375,24546.30078125,24541.19921875,24543.69921875,0
2026-08-05 13:19:00+05:30,24543.5,24548.5,24541.75,24547.25,0
2026-08-05 13:20:00+05:30,24547.30078125,24549.400390625,24546.25,24546.44921875,0
2026-08-05 13:21:00+05:30,24546.75,24548.349609375,24537.55078125,24540.94921875,0
2026-08-05 13:22:00+05:30,24541.05078125,24554.30078125,24540.30078125,24552.599609375,0
2026-08-05 13:23:00+05:30,24554.0,24559.30078125,24537.650390625,24538.05078125,0
2026-08-05 13:24:00+05:30,24536.650390625,24539.099609375,24522.94921875,24526.0,0
2026-08-05 13:25:00+05:30,24524.44921875,24528.349609375,24515.75,24518.099609375,0
2026-08-05 13:26:00+05:30,24520.599609375,24531.19921875,24517.75,24527.25,0
2026-08-05 13:27:00+05:30,24527.25,24532.05078125,24525.55078125,24529.55078125,0
2026-08-05 13:28:00+05:30,24529.05078125,24530.55078125,24525.44921875,24526.349609375,0
2026-08-05 13:29:00+05:30,24525.900390625,24529.349609375,24524.150390625,24528.69921875,0
2026-08-05 13:30:00+05:30,24528.55078125,24533.69921875,24526.150390625,24533.30078125,0
2026-08-05 13:31:00+05:30,24532.25,24534.55078125,24528.55078125,24530.150390625,0
2026-08-05 13:32:00+05:30,24530.150390625,24531.5,24525.75,24529.80078125,0
2026-08-05 13:33:00+05:30,24530.150390625,24535.099609375,24529.599609375,24532.19921875,0
2026-08-05 13:34:00+05:30,24531.400390625,24533.69921875,24515.599609375,24520.05078125,0
2026-08-05 13:35:00+05:30,24519.05078125,24526.5,24518.099609375,24524.94921875,0
2026-08-05 13:36:00+05:30,24524.849609375,24528.099609375,24524.30078125,24525.599609375,0
2026-08-05 13:37:00+05:30,24525.30078125,24528.05078125,24523.099609375,24523.099609375,0
2026-08-05 13:38:00+05:30,24522.44921875,24523.650390625,24516.900390625,24519.349609375,0
2026-08-05 13:39:00+05:30,24519.150390625,24521.0,24517.30078125,24520.5,0
2026-08-05 13:40:00+05:30,24520.099609375,24521.44921875,24517.69921875,24517.849609375,0
2026-08-05 13:41:00+05:30,24517.44921875,24520.69921875,24516.599609375,24519.849609375,0
2026-08-05 13:42:00+05:30,24520.099609375,24521.05078125,24513.400390625,24513.900390625,0
2026-08-05 13:43:00+05:30,24514.400390625,24515.099609375,24501.80078125,24505.75,0
2026-08-05 13:44:00+05:30,24504.0,24509.400390625,24498.69921875,24503.150390625,0
2026-08-05 13:45:00+05:30,24502.94921875,24512.650390625,24502.099609375,24509.349609375,0
2026-08-05 13:46:00+05:30,24506.849609375,24521.900390625,24503.0,24519.400390625,0
2026-08-05 13:47:00+05:30,24516.599609375,24521.150390625,24516.150390625,24520.75,0
2026-08-05 13:48:00+05:30,24520.05078125,24522.44921875,24515.599609375,24520.75,0
2026-08-05 13:49:00+05:30,24520.69921875,24528.0,24520.05078125,24527.599609375,0
2026-08-05 13:50:00+05:30,24527.44921875,24532.5,24520.30078125,24523.5,0
2026-08-05 13:51:00+05:30,24523.30078125,24523.849609375,24512.400390625,24514.5,0
2026-08-05 13:52:00+05:30,24513.650390625,24522.599609375,24507.80078125,24519.900390625,0
2026-08-05 13:53:00+05:30,24519.0,24521.25,24508.69921875,24514.900390625,0
2026-08-05 13:54:00+05:30,24514.55078125,24518.19921875,24511.94921875,24517.25,0
2026-08-05 13:55:00+05:30,24517.05078125,24517.44921875,24507.599609375,24507.599609375,0
2026-08-05 13:56:00+05:30,24507.400390625,24515.30078125,24506.5,24511.900390625,0
2026-08-05 13:57:00+05:30,24511.30078125,24515.349609375,24509.400390625,24512.099609375,0
2026-08-05 13:58:00+05:30,24511.849609375,24517.05078125,24510.30078125,24515.94921875,0
2026-08-05 13:59:00+05:30,24515.5,24516.94921875,24512.900390625,24514.55078125,0
2026-08-05 14:00:00+05:30,24514.44921875,24517.849609375,24513.44921875,24516.150390625,0
2026-08-05 14:01:00+05:30,24516.0,24518.75,24513.599609375,24517.599609375,0
2026-08-05 14:02:00+05:30,24517.5,24522.80078125,24515.55078125,24520.400390625,0
2026-08-05 14:03:00+05:30,24520.19921875,24526.5,24518.849609375,24522.599609375,0
2026-08-05 14:04:00+05:30,24522.80078125,24526.849609375,24520.94921875,24524.80078125,0
2026-08-05 14:05:00+05:30,24524.5,24528.25,24522.25,24527.94921875,0
2026-08-05 14:06:00+05:30,24527.349609375,24530.849609375,24525.349609375,24530.349609375,0
2026-08-05 14:07:00+05:30,24530.349609375,24533.55078125,24529.30078125,24532.400390625,0
2026-08-05 14:08:00+05:30,24532.44921875,24534.30078125,24526.25,24526.650390625,0
2026-08-05 14:09:00+05:30,24526.5,24528.75,24522.75,24523.44921875,0
2026-08-05 14:10:00+05:30,24523.69921875,24531.150390625,24522.69921875,24529.349609375,0
2026-08-05 14:11:00+05:30,24531.44921875,24532.25,24517.650390625,24524.900390625,0
2026-08-05 14:12:00+05:30,24524.80078125,24529.599609375,24523.55078125,24524.05078125,0
2026-08-05 14:13:00+05:30,24524.25,24524.650390625,24515.25,24516.150390625,0
2026-08-05 14:14:00+05:30,24516.05078125,24518.150390625,24512.599609375,24513.650390625,0
2026-08-05 14:15:00+05:30,24513.25,24515.80078125,24511.19921875,24514.5,0
2026-08-05 14:16:00+05:30,24514.30078125,24514.80078125,24508.0,24509.0,0
2026-08-05 14:17:00+05:30,24509.099609375,24510.150390625,24499.349609375,24499.5,0
2026-08-05 14:18:00+05:30,24502.19921875,24502.44921875,24498.25,24502.150390625,0
2026-08-05 14:19:00+05:30,24502.150390625,24510.80078125,24502.150390625,24507.44921875,0
2026-08-05 14:20:00+05:30,24507.44921875,24513.5,24506.0,24509.44921875,0
2026-08-05 14:21:00+05:30,24509.55078125,24516.80078125,24507.599609375,24513.650390625,0
2026-08-05 14:22:00+05:30,24514.25,24515.69921875,24507.55078125,24507.849609375,0
2026-08-05 14:23:00+05:30,24507.849609375,24510.69921875,24505.05078125,24507.150390625,0
2026-08-05 14:24:00+05:30,24506.94921875,24510.30078125,24503.400390625,24505.349609375,0
2026-08-05 14:25:00+05:30,24505.5,24507.75,24503.44921875,24505.349609375,0
2026-08-05 14:26:00+05:30,24504.75,24507.55078125,24501.849609375,24506.25,0
2026-08-05 14:27:00+05:30,24505.849609375,24513.05078125,24505.849609375,24511.5,0
2026-08-05 14:28:00+05:30,24511.19921875,24511.19921875,24501.650390625,24502.349609375,0
2026-08-05 14:29:00+05:30,24502.150390625,24507.5,24501.099609375,24504.5,0
2026-08-05 14:30:00+05:30,24504.75,24509.94921875,24504.400390625,24507.30078125,0
2026-08-05 14:31:00+05:30,24507.5,24511.75,24505.349609375,24505.44921875,0
2026-08-05 14:32:00+05:30,24505.44921875,24507.650390625,24503.25,24506.099609375,0
2026-08-05 14:33:00+05:30,24506.44921875,24509.80078125,24505.349609375,24507.849609375,0
2026-08-05 14:34:00+05:30,24507.75,24509.0,24503.75,24505.099609375,0
2026-08-05 14:35:00+05:30,24504.849609375,24506.30078125,24501.5,24503.599609375,0
2026-08-05 14:36:00+05:30,24503.55078125,24518.5,24501.55078125,24516.849609375,0
2026-08-05 14:37:00+05:30,24514.25,24519.099609375,24513.75,24518.05078125,0
2026-08-05 14:38:00+05:30,24517.94921875,24519.05078125,24513.849609375,24518.55078125,0
2026-08-05 14:39:00+05:30,24516.900390625,24520.349609375,24515.599609375,24516.349609375,0
2026-08-05 14:40:00+05:30,24516.650390625,24516.75,24508.099609375,24508.099609375,0
2026-08-05 14:41:00+05:30,24508.599609375,24510.849609375,24506.5,24507.25,0
2026-08-05 14:42:00+05:30,24506.900390625,24509.0,24505.099609375,24508.25,0
2026-08-05 14:43:00+05:30,24508.19921875,24509.650390625,24504.30078125,24505.099609375,0
2026-08-05 14:44:00+05:30,24505.099609375,24507.400390625,24500.75,24505.69921875,0
2026-08-05 14:45:00+05:30,24505.0,24509.0,24505.0,24505.55078125,0
2026-08-05 14:46:00+05:30,24506.19921875,24513.650390625,24503.849609375,24511.849609375,0
2026-08-05 14:47:00+05:30,24511.900390625,24515.30078125,24506.44921875,24513.900390625,0
2026-08-05 14:48:00+05:30,24513.349609375,24515.0,24510.900390625,24513.599609375,0
2026-08-05 14:49:00+05:30,24513.400390625,24520.80078125,24512.900390625,24517.05078125,0
2026-08-05 14:50:00+05:30,24517.099609375,24519.05078125,24511.19921875,24513.099609375,0
2026-08-05 14:51:00+05:30,24512.94921875,24515.099609375,24508.69921875,24511.30078125,0
2026-08-05 14:52:00+05:30,24508.599609375,24516.349609375,24507.44921875,24513.55078125,0
2026-08-05 14:53:00+05:30,24513.94921875,24519.75,24510.25,24517.650390625,0
2026-08-05 14:54:00+05:30,24516.94921875,24520.599609375,24511.25,24511.25,0
2026-08-05 14:55:00+05:30,24511.19921875,24514.25,24507.05078125,24508.55078125,0
2026-08-05 14:56:00+05:30,24508.30078125,24514.650390625,24506.19921875,24512.650390625,0
2026-08-05 14:57:00+05:30,24512.55078125,24517.30078125,24511.55078125,24516.5,0
2026-08-05 14:58:00+05:30,24515.849609375,24529.55078125,24515.849609375,24527.5,0
2026-08-05 14:59:00+05:30,24527.80078125,24530.80078125,24524.150390625,24524.19921875,0
2026-08-05 15:00:00+05:30,24523.80078125,24528.0,24521.80078125,24522.099609375,0
2026-08-05 15:01:00+05:30,24522.5,24523.349609375,24517.30078125,24521.849609375,0
2026-08-05 15:02:00+05:30,24521.94921875,24531.599609375,24521.650390625,24529.150390625,0
2026-08-05 15:03:00+05:30,24528.44921875,24532.94921875,24526.19921875,24531.650390625,0
2026-08-05 15:04:00+05:30,24532.05078125,24536.150390625,24531.30078125,24532.44921875,0
2026-08-05 15:05:00+05:30,24533.30078125,24534.849609375,24518.599609375,24525.69921875,0
2026-08-05 15:06:00+05:30,24526.099609375,24535.05078125,24524.25,24531.0,0
2026-08-05 15:07:00+05:30,24531.349609375,24545.80078125,24531.349609375,24544.30078125,0
2026-08-05 15:08:00+05:30,24543.75,24548.94921875,24542.650390625,24545.0,0
2026-08-05 15:09:00+05:30,24544.650390625,24545.19921875,24537.0,24540.099609375,0
2026-08-05 15:10:00+05:30,24540.75,24543.0,24528.5,24534.05078125,0
2026-08-05 15:11:00+05:30,24532.75,24540.05078125,24528.94921875,24538.5,0
2026-08-05 15:12:00+05:30,24539.25,24545.94921875,24531.44921875,24543.349609375,0
2026-08-05 15:13:00+05:30,24544.400390625,24551.150390625,24540.349609375,24547.30078125,0
2026-08-05 15:14:00+05:30,24549.19921875,24575.75,24545.94921875,24572.25,0
2026-08-05 15:15:00+05:30,24570.19921875,24570.19921875,24570.19921875,24570.19921875,0
2026-08-05 15:16:00+05:30,24570.19921875,24570.19921875,24570.19921875,24570.19921875,0
2026-08-05 15:17:00+05:30,24570.19921875,24570.19921875,24570.19921875,24570.19921875,0
2026-08-05 15:18:00+05:30,24570.19921875,24570.19921875,24570.19921875,24570.19921875,0
2026-08-05 15:19:00+05:30,24570.19921875,24570.19921875,24570.19921875,24570.19921875,0
2026-08-05 15:20:00+05:30,24570.19921875,24570.19921875,24570.19921875,24570.19921875,0
2026-08-05 15:21:00+05:30,24570.19921875,24570.19921875,24570.19921875,24570.19921875,0
2026-08-05 15:22:00+05:30,24570.19921875,24570.19921875,24570.19921875,24570.19921875,0
2026-08-05 15:23:00+05:30,24570.19921875,24570.19921875,24570.19921875,24570.19921875,0
2026-08-05 15:24:00+05:30,24570.19921875,24570.19921875,24570.19921875,24570.19921875,0
2026-08-05 15:25:00+05:30,24570.19921875,24570.19921875,24570.19921875,24570.19921875,0
2026-08-05 15:26:00+05:30,24570.19921875,24570.19921875,24570.19921875,24570.19921875,0
2026-08-05 15:27:00+05:30,24570.19921875,24570.19921875,24570.19921875,24570.19921875,0
2026-08-05 15:28:00+05:30,24570.19921875,24624.650390625,24570.19921875,24624.650390625,0
2026-08-05 15:29:00+05:30,24624.650390625,24624.650390625,24624.650390625,24624.650390625,0
2026-08-06 09:15:00+05:30,24632.69921875,24636.5,24607.75,24628.05078125,0
2026-08-06 09:16:00+05:30,24629.0,24640.650390625,24610.69921875,24633.05078125,0
2026-08-06 09:17:00+05:30,24631.599609375,24641.150390625,24628.69921875,24637.349609375,0
2026-08-06 09:18:00+05:30,24638.150390625,24639.55078125,24621.19921875,24624.400390625,0
2026-08-06 09:19:00+05:30,24625.55078125,24627.900390625,24617.05078125,24625.94921875,0
2026-08-06 09:20:00+05:30,24627.0,24640.900390625,24625.400390625,24637.650390625,0
2026-08-06 09:21:00+05:30,24638.19921875,24642.44921875,24628.150390625,24639.94921875,0
2026-08-06 09:22:00+05:30,24642.05078125,24646.19921875,24638.099609375,24643.55078125,0
2026-08-06 09:23:00+05:30,24644.94921875,24646.900390625,24639.80078125,24642.44921875,0
2026-08-06 09:24:00+05:30,24644.30078125,24644.900390625,24636.900390625,24637.5,0
2026-08-06 09:25:00+05:30,24638.19921875,24638.19921875,24626.25,24636.55078125,0
2026-08-06 09:26:00+05:30,24637.349609375,24639.150390625,24633.94921875,24637.05078125,0
2026-08-06 09:27:00+05:30,24638.75,24641.94921875,24634.849609375,24637.599609375,0
2026-08-06 09:28:00+05:30,24639.099609375,24639.75,24634.25,24637.650390625,0
2026-08-06 09:29:00+05:30,24637.650390625,24638.30078125,24631.0,24635.25,0
2026-08-06 09:30:00+05:30,24637.75,24647.25,24636.75,24645.55078125,0
2026-08-06 09:31:00+05:30,24646.849609375,24649.30078125,24636.099609375,24636.80078125,0
2026-08-06 09:32:00+05:30,24639.80078125,24640.849609375,24631.55078125,24632.30078125,0
2026-08-06 09:33:00+05:30,24633.25,24635.400390625,24629.150390625,24633.599609375,0
2026-08-06 09:34:00+05:30,24632.94921875,24635.400390625,24620.650390625,24624.55078125,0
2026-08-06 09:35:00+05:30,24625.55078125,24635.19921875,24622.69921875,24633.94921875,0
2026-08-06 09:36:00+05:30,24636.349609375,24636.349609375,24626.25,24627.5,0
2026-08-06 09:37:00+05:30,24629.75,24633.0,24627.349609375,24628.25,0
2026-08-06 09:38:00+05:30,24630.80078125,24637.5,24626.849609375,24635.349609375,0
2026-08-06 09:39:00+05:30,24636.44921875,24639.400390625,24632.650390625,24632.94921875,0
2026-08-06 09:40:00+05:30,24635.55078125,24641.0,24633.94921875,24638.30078125,0
2026-08-06 09:41:00+05:30,24640.150390625,24642.30078125,24637.19921875,24637.900390625,0
2026-08-06 09:42:00+05:30,24638.650390625,24638.69921875,24632.0,24636.55078125,0
2026-08-06 09:43:00+05:30,24638.25,24644.55078125,24635.849609375,24640.80078125,0
2026-08-06 09:44:00+05:30,24642.0,24646.400390625,24640.349609375,24645.150390625,0
2026-08-06 09:45:00+05:30,24647.900390625,24652.150390625,24646.599609375,24648.94921875,0
2026-08-06 09:46:00+05:30,24651.650390625,24652.099609375,24645.19921875,24649.75,0
2026-08-06 09:47:00+05:30,24652.05078125,24656.599609375,24649.599609375,24656.55078125,0
2026-08-06 09:48:00+05:30,24657.349609375,24664.44921875,24656.05078125,24660.80078125,0
2026-08-06 09:49:00+05:30,24663.0,24664.099609375,24659.099609375,24659.650390625,0
2026-08-06 09:50:00+05:30,24660.19921875,24663.0,24657.849609375,24661.69921875,0
2026-08-06 09:51:00+05:30,24662.44921875,24662.44921875,24655.400390625,24658.69921875,0
2026-08-06 09:52:00+05:30,24660.44921875,24662.69921875,24658.849609375,24659.099609375,0
2026-08-06 09:53:00+05:30,24660.30078125,24661.55078125,24656.5,24660.44921875,0
2026-08-06 09:54:00+05:30,24661.55078125,24664.94921875,24660.5,24662.30078125,0
2026-08-06 09:55:00+05:30,24663.05078125,24663.05078125,24654.650390625,24655.150390625,0
2026-08-06 09:56:00+05:30,24656.900390625,24656.900390625,24645.94921875,24646.19921875,0
2026-08-06 09:57:00+05:30,24648.099609375,24648.099609375,24643.30078125,24646.55078125,0
2026-08-06 09:58:00+05:30,24648.650390625,24648.650390625,24643.349609375,24644.0,0
2026-08-06 09:59:00+05:30,24645.80078125,24645.80078125,24635.30078125,24636.349609375,0
2026-08-06 10:00:00+05:30,24637.55078125,24637.55078125,24624.75,24624.75,0
2026-08-06 10:01:00+05:30,24626.150390625,24629.599609375,24621.30078125,24626.94921875,0
2026-08-06 10:02:00+05:30,24627.400390625,24627.44921875,24617.25,24617.25,0
2026-08-06 10:03:00+05:30,24618.25,24618.25,24607.900390625,24608.44921875,0
2026-08-06 10:04:00+05:30,24608.94921875,24616.400390625,24606.44921875,24614.55078125,0
2026-08-06 10:05:00+05:30,24614.05078125,24614.05078125,24605.94921875,24606.849609375,0
2026-08-06 10:06:00+05:30,24607.19921875,24613.75,24606.400390625,24612.05078125,0
2026-08-06 10:07:00+05:30,24612.650390625,24619.75,24612.0,24618.44921875,0
2026-08-06 10:08:00+05:30,24619.349609375,24620.0,24615.400390625,24615.599609375,0
2026-08-06 10:09:00+05:30,24616.19921875,24621.5,24615.19921875,24620.69921875,0
2026-08-06 10:10:00+05:30,24621.05078125,24627.80078125,24619.55078125,24627.44921875,0
2026-08-06 10:11:00+05:30,24627.099609375,24627.19921875,24622.80078125,24624.69921875,0
2026-08-06 10:12:00+05:30,24625.099609375,24633.0,24623.900390625,24631.650390625,0
2026-08-06 10:13:00+05:30,24632.80078125,24638.900390625,24630.94921875,24631.25,0
2026-08-06 10:14:00+05:30,24632.5,24636.0,24630.099609375,24630.849609375,0
2026-08-06 10:15:00+05:30,24631.75,24631.75,24625.0,24626.94921875,0
2026-08-06 10:16:00+05:30,24627.599609375,24629.599609375,24626.150390625,24628.400390625,0
2026-08-06 10:17:00+05:30,24628.5,24629.80078125,24620.900390625,24622.05078125,0
2026-08-06 10:18:00+05:30,24622.349609375,24623.0,24617.75,24621.55078125,0
2026-08-06 10:19:00+05:30,24622.099609375,24624.05078125,24618.05078125,24619.900390625,0
2026-08-06 10:20:00+05:30,24621.0,24623.94921875,24618.650390625,24622.650390625,0
2026-08-06 10:21:00+05:30,24623.30078125,24627.25,24622.19921875,24626.349609375,0
2026-08-06 10:22:00+05:30,24626.55078125,24630.05078125,24626.349609375,24629.849609375,0
2026-08-06 10:23:00+05:30,24630.099609375,24635.25,24629.900390625,24634.25,0
2026-08-06 10:24:00+05:30,24634.69921875,24639.25,24633.94921875,24638.650390625,0
2026-08-06 10:25:00+05:30,24639.44921875,24639.69921875,24629.19921875,24629.19921875,0
2026-08-06 10:26:00+05:30,24630.25,24631.75,24627.650390625,24630.69921875,0
2026-08-06 10:27:00+05:30,24630.900390625,24634.650390625,24628.0,24630.19921875,0
2026-08-06 10:28:00+05:30,24630.650390625,24633.05078125,24628.44921875,24632.849609375,0
2026-08-06 10:29:00+05:30,24633.30078125,24637.55078125,24631.94921875,24635.69921875,0
2026-08-06 10:30:00+05:30,24636.55078125,24638.650390625,24634.400390625,24637.05078125,0
2026-08-06 10:31:00+05:30,24637.150390625,24639.05078125,24635.400390625,24638.0,0
2026-08-06 10:32:00+05:30,24638.05078125,24640.349609375,24636.69921875,24638.900390625,0
2026-08-06 10:33:00+05:30,24639.400390625,24643.349609375,24637.69921875,24639.05078125,0
2026-08-06 10:34:00+05:30,24640.0,24642.849609375,24634.900390625,24635.55078125,0
2026-08-06 10:35:00+05:30,24636.05078125,24637.349609375,24630.349609375,24634.5,0
2026-08-06 10:36:00+05:30,24636.400390625,24640.900390625,24634.80078125,24638.349609375,0
2026-08-06 10:37:00+05:30,24639.5,24642.44921875,24632.19921875,24632.19921875,0
2026-08-06 10:38:00+05:30,24633.650390625,24642.5,24630.900390625,24641.19921875,0
2026-08-06 10:39:00+05:30,24641.05078125,24643.349609375,24637.099609375,24639.599609375,0
2026-08-06 10:40:00+05:30,24639.94921875,24641.099609375,24634.599609375,24635.099609375,0
2026-08-06 10:41:00+05:30,24635.5,24636.349609375,24632.05078125,24633.80078125,0
2026-08-06 10:42:00+05:30,24634.400390625,24638.55078125,24632.75,24635.599609375,0
2026-08-06 10:43:00+05:30,24636.0,24638.94921875,24632.25,24636.599609375,0
2026-08-06 10:44:00+05:30,24636.69921875,24640.0,24635.099609375,24636.650390625,0
2026-08-06 10:45:00+05:30,24637.0,24637.25,24631.75,24633.099609375,0
2026-08-06 10:46:00+05:30,24633.099609375,24633.849609375,24627.55078125,24628.19921875,0
2026-08-06 10:47:00+05:30,24628.099609375,24631.349609375,24623.30078125,24623.849609375,0
2026-08-06 10:48:00+05:30,24624.55078125,24628.5,24621.650390625,24627.25,0
2026-08-06 10:49:00+05:30,24627.94921875,24630.75,24622.44921875,24626.900390625,0
2026-08-06 10:50:00+05:30,24626.05078125,24629.94921875,24623.599609375,24626.55078125,0
2026-08-06 10:51:00+05:30,24627.25,24627.69921875,24620.349609375,24620.69921875,0
2026-08-06 10:52:00+05:30,24621.0,24622.0,24617.25,24617.55078125,0
2026-08-06 10:53:00+05:30,24618.30078125,24623.5,24616.099609375,24620.849609375,0
2026-08-06 10:54:00+05:30,24621.44921875,24628.849609375,24618.099609375,24628.05078125,0
2026-08-06 10:55:00+05:30,24629.400390625,24629.94921875,24625.349609375,24627.69921875,0
2026-08-06 10:56:00+05:30,24628.75,24633.349609375,24623.400390625,24633.25,0
2026-08-06 10:57:00+05:30,24633.44921875,24640.599609375,24632.900390625,24633.5,0
2026-08-06 10:58:00+05:30,24634.650390625,24637.19921875,24629.349609375,24630.650390625,0
2026-08-06 10:59:00+05:30,24631.55078125,24634.0,24623.69921875,24630.69921875,0
2026-08-06 11:00:00+05:30,24630.900390625,24634.69921875,24626.599609375,24631.69921875,0
2026-08-06 11:01:00+05:30,24631.5,24631.650390625,24626.19921875,24627.400390625,0
2026-08-06 11:02:00+05:30,24627.75,24630.900390625,24621.599609375,24623.80078125,0
2026-08-06 11:03:00+05:30,24624.400390625,24633.349609375,24623.75,24631.0,0
2026-08-06 11:04:00+05:30,24631.099609375,24633.94921875,24628.44921875,24629.75,0
2026-08-06 11:05:00+05:30,24629.900390625,24637.900390625,24628.80078125,24628.80078125,0
2026-08-06 11:06:00+05:30,24630.0,24633.900390625,24628.94921875,24630.80078125,0
2026-08-06 11:07:00+05:30,24631.400390625,24637.05078125,24629.30078125,24632.75,0
2026-08-06 11:08:00+05:30,24632.94921875,24635.400390625,24629.150390625,24633.150390625,0
2026-08-06 11:09:00+05:30,24634.400390625,24639.599609375,24632.099609375,24638.349609375,0
2026-08-06 11:10:00+05:30,24639.0,24643.55078125,24637.80078125,24642.349609375,0
2026-08-06 11:11:00+05:30,24642.5,24645.599609375,24639.0,24645.19921875,0
2026-08-06 11:12:00+05:30,24645.55078125,24649.599609375,24644.400390625,24646.599609375,0
2026-08-06 11:13:00+05:30,24647.69921875,24650.94921875,24646.849609375,24650.19921875,0
2026-08-06 11:14:00+05:30,24650.44921875,24655.599609375,24648.80078125,24652.44921875,0
2026-08-06 11:15:00+05:30,24653.80078125,24656.349609375,24652.0,24654.55078125,0
2026-08-06 11:16:00+05:30,24655.150390625,24655.5,24648.19921875,24648.55078125,0
2026-08-06 11:17:00+05:30,24649.849609375,24657.69921875,24647.900390625,24653.099609375,0
2026-08-06 11:18:00+05:30,24653.0,24660.650390625,24652.80078125,24659.599609375,0
2026-08-06 11:19:00+05:30,24660.349609375,24666.30078125,24660.05078125,24663.900390625,0
2026-08-06 11:20:00+05:30,24664.599609375,24669.80078125,24663.849609375,24667.19921875,0
2026-08-06 11:21:00+05:30,24667.599609375,24670.150390625,24665.900390625,24667.44921875,0
2026-08-06 11:22:00+05:30,24667.30078125,24668.69921875,24664.099609375,24666.80078125,0
2026-08-06 11:23:00+05:30,24666.75,24669.69921875,24666.0,24666.05078125,0
2026-08-06 11:24:00+05:30,24666.900390625,24669.900390625,24666.19921875,24669.650390625,0
2026-08-06 11:25:00+05:30,24669.94921875,24674.30078125,24667.55078125,24673.44921875,0
2026-08-06 11:26:00+05:30,24672.69921875,24674.75,24667.900390625,24668.349609375,0
2026-08-06 11:27:00+05:30,24669.150390625,24672.400390625,24663.849609375,24667.30078125,0
2026-08-06 11:28:00+05:30,24667.25,24674.400390625,24664.849609375,24670.75,0
2026-08-06 11:29:00+05:30,24671.349609375,24674.80078125,24669.75,24672.55078125,0
2026-08-06 11:30:00+05:30,24674.0,24676.80078125,24671.5,24673.349609375,0
2026-08-06 11:31:00+05:30,24673.400390625,24675.25,24662.19921875,24663.19921875,0
2026-08-06 11:32:00+05:30,24664.75,24667.650390625,24662.0,24662.900390625,0
2026-08-06 11:33:00+05:30,24662.94921875,24667.19921875,24659.400390625,24661.80078125,0
2026-08-06 11:34:00+05:30,24662.0,24663.099609375,24658.599609375,24659.75,0
2026-08-06 11:35:00+05:30,24660.650390625,24661.69921875,24656.599609375,24659.19921875,0
2026-08-06 11:36:00+05:30,24659.5,24663.400390625,24656.5,24656.5,0
2026-08-06 11:37:00+05:30,24657.650390625,24657.650390625,24652.80078125,24652.900390625,0
2026-08-06 11:38:00+05:30,24653.650390625,24656.69921875,24652.0,24654.099609375,0
2026-08-06 11:39:00+05:30,24654.900390625,24656.94921875,24650.650390625,24651.5,0
2026-08-06 11:40:00+05:30,24651.650390625,24656.55078125,24649.44921875,24649.44921875,0
2026-08-06 11:41:00+05:30,24650.349609375,24652.30078125,24644.0,24644.30078125,0
2026-08-06 11:42:00+05:30,24645.80078125,24649.400390625,24634.94921875,24636.150390625,0
2026-08-06 11:43:00+05:30,24637.25,24637.650390625,24628.94921875,24631.650390625,0
2026-08-06 11:44:00+05:30,24632.30078125,24636.94921875,24631.25,24633.650390625,0
2026-08-06 11:45:00+05:30,24633.75,24634.599609375,24626.900390625,24631.150390625,0
2026-08-06 11:46:00+05:30,24631.5,24635.900390625,24630.5,24632.69921875,0
2026-08-06 11:47:00+05:30,24632.80078125,24635.05078125,24628.94921875,24629.80078125,0
2026-08-06 11:48:00+05:30,24630.94921875,24634.849609375,24630.099609375,24632.80078125,0
2026-08-06 11:49:00+05:30,24633.55078125,24636.25,24630.80078125,24635.650390625,0
2026-08-06 11:50:00+05:30,24636.44921875,24642.5,24636.099609375,24641.05078125,0
2026-08-06 11:51:00+05:30,24641.25,24645.650390625,24641.19921875,24644.25,0
2026-08-06 11:52:00+05:30,24644.80078125,24649.599609375,24643.19921875,24648.19921875,0
2026-08-06 11:53:00+05:30,24648.900390625,24650.75,24645.80078125,24646.400390625,0
2026-08-06 11:54:00+05:30,24647.69921875,24649.30078125,24645.19921875,24645.30078125,0
2026-08-06 11:55:00+05:30,24646.150390625,24650.69921875,24644.69921875,24647.400390625,0
2026-08-06 11:56:00+05:30,24648.19921875,24654.25,24646.5,24653.599609375,0
2026-08-06 11:57:00+05:30,24653.150390625,24661.0,24650.80078125,24660.0,0
2026-08-06 11:58:00+05:30,24660.44921875,24662.75,24655.80078125,24660.349609375,0
2026-08-06 11:59:00+05:30,24660.849609375,24664.349609375,24657.55078125,24659.900390625,0
2026-08-06 12:00:00+05:30,24660.55078125,24661.80078125,24654.599609375,24654.69921875,0
2026-08-06 12:01:00+05:30,24655.75,24657.94921875,24652.849609375,24656.599609375,0
2026-08-06 12:02:00+05:30,24657.150390625,24661.44921875,24656.099609375,24658.30078125,0
2026-08-06 12:03:00+05:30,24659.69921875,24660.900390625,24656.349609375,24657.44921875,0
2026-08-06 12:04:00+05:30,24657.69921875,24657.849609375,24653.400390625,24654.69921875,0
2026-08-06 12:05:00+05:30,24655.25,24657.650390625,24652.5,24653.650390625,0
2026-08-06 12:06:00+05:30,24654.349609375,24656.400390625,24650.650390625,24651.55078125,0
2026-08-06 12:07:00+05:30,24651.900390625,24655.900390625,24649.0,24653.55078125,0
2026-08-06 12:08:00+05:30,24653.69921875,24655.55078125,24649.349609375,24650.5,0
2026-08-06 12:09:00+05:30,24651.349609375,24652.5,24648.900390625,24651.650390625,0
2026-08-06 12:10:00+05:30,24651.69921875,24651.80078125,24647.150390625,24648.80078125,0
2026-08-06 12:11:00+05:30,24649.05078125,24651.099609375,24646.05078125,24646.900390625,0
2026-08-06 12:12:00+05:30,24647.55078125,24651.05078125,24645.599609375,24648.0,0
2026-08-06 12:13:00+05:30,24648.25,24649.650390625,24644.75,24645.44921875,0
2026-08-06 12:14:00+05:30,24646.30078125,24650.0,24638.30078125,24643.150390625,0
2026-08-06 12:15:00+05:30,24644.19921875,24652.099609375,24643.349609375,24649.69921875,0
2026-08-06 12:16:00+05:30,24649.80078125,24659.75,24649.349609375,24654.150390625,0
2026-08-06 12:17:00+05:30,24653.349609375,24658.80078125,24651.5,24656.849609375,0
2026-08-06 12:18:00+05:30,24656.849609375,24660.75,24654.05078125,24656.0,0
2026-08-06 12:19:00+05:30,24656.55078125,24656.75,24645.5,24646.349609375,0
2026-08-06 12:20:00+05:30,24646.5,24646.69921875,24640.25,24642.05078125,0
2026-08-06 12:21:00+05:30,24642.44921875,24642.44921875,24634.44921875,24635.900390625,0
2026-08-06 12:22:00+05:30,24635.849609375,24636.349609375,24630.19921875,24630.19921875,0
2026-08-06 12:23:00+05:30,24631.099609375,24633.599609375,24627.19921875,24632.099609375,0
2026-08-06 12:24:00+05:30,24632.349609375,24637.0,24632.099609375,24635.599609375,0
2026-08-06 12:25:00+05:30,24636.099609375,24637.650390625,24630.849609375,24637.0,0
2026-08-06 12:26:00+05:30,24636.94921875,24641.69921875,24635.150390625,24636.55078125,0
2026-08-06 12:27:00+05:30,24637.05078125,24640.900390625,24634.69921875,24635.0,0
2026-08-06 12:28:00+05:30,24635.599609375,24637.94921875,24633.25,24635.849609375,0
2026-08-06 12:29:00+05:30,24636.0,24637.05078125,24631.150390625,24637.05078125,0
2026-08-06 12:30:00+05:30,24637.349609375,24641.19921875,24636.400390625,24640.75,0
2026-08-06 12:31:00+05:30,24640.75,24645.25,24638.650390625,24641.55078125,0
2026-08-06 12:32:00+05:30,24642.0,24648.55078125,24640.69921875,24645.0,0
2026-08-06 12:33:00+05:30,24644.80078125,24645.900390625,24638.349609375,24641.19921875,0
2026-08-06 12:34:00+05:30,24641.75,24646.69921875,24641.599609375,24645.30078125,0
2026-08-06 12:35:00+05:30,24645.900390625,24649.44921875,24644.349609375,24647.400390625,0
2026-08-06 12:36:00+05:30,24647.94921875,24648.0,24640.44921875,24644.80078125,0
2026-08-06 12:37:00+05:30,24645.0,24646.19921875,24642.0,24643.30078125,0
2026-08-06 12:38:00+05:30,24643.94921875,24644.650390625,24639.349609375,24640.94921875,0
2026-08-06 12:39:00+05:30,24641.55078125,24644.75,24640.150390625,24642.650390625,0
2026-08-06 12:40:00+05:30,24643.599609375,24651.099609375,24641.849609375,24646.349609375,0
2026-08-06 12:41:00+05:30,24647.150390625,24647.150390625,24638.80078125,24640.25,0
2026-08-06 12:42:00+05:30,24641.44921875,24644.400390625,24639.650390625,24642.19921875,0
2026-08-06 12:43:00+05:30,24643.0,24646.150390625,24641.94921875,24644.75,0
2026-08-06 12:44:00+05:30,24645.80078125,24646.25,24641.349609375,24646.25,0
2026-08-06 12:45:00+05:30,24646.19921875,24648.44921875,24643.099609375,24647.099609375,0
2026-08-06 12:46:00+05:30,24647.5,24647.80078125,24640.75,24641.0,0
2026-08-06 12:47:00+05:30,24642.150390625,24646.849609375,24641.75,24644.05078125,0
2026-08-06 12:48:00+05:30,24644.69921875,24646.94921875,24637.599609375,24639.0,0
2026-08-06 12:49:00+05:30,24639.55078125,24643.44921875,24634.19921875,24636.30078125,0
2026-08-06 12:50:00+05:30,24636.80078125,24640.05078125,24634.44921875,24637.19921875,0
2026-08-06 12:51:00+05:30,24636.25,24640.150390625,24634.849609375,24637.55078125,0
2026-08-06 12:52:00+05:30,24638.25,24641.80078125,24637.75,24639.349609375,0
2026-08-06 12:53:00+05:30,24639.849609375,24640.5,24631.099609375,24632.099609375,0
2026-08-06 12:54:00+05:30,24631.849609375,24633.69921875,24627.849609375,24631.94921875,0
2026-08-06 12:55:00+05:30,24632.650390625,24633.599609375,24626.94921875,24629.55078125,0
2026-08-06 12:56:00+05:30,24629.900390625,24631.55078125,24625.099609375,24625.400390625,0
2026-08-06 12:57:00+05:30,24625.69921875,24631.25,24622.05078125,24630.25,0
2026-08-06 12:58:00+05:30,24630.30078125,24636.25,24628.099609375,24630.5,0
2026-08-06 12:59:00+05:30,24631.150390625,24634.19921875,24628.55078125,24629.05078125,0
2026-08-06 13:00:00+05:30,24629.25,24636.75,24628.349609375,24636.099609375,0
2026-08-06 13:01:00+05:30,24637.0,24638.0,24630.599609375,24634.349609375,0
2026-08-06 13:02:00+05:30,24635.400390625,24644.849609375,24633.5,24643.400390625,0
2026-08-06 13:03:00+05:30,24644.44921875,24649.5,24642.599609375,24648.849609375,0
2026-08-06 13:04:00+05:30,24649.44921875,24650.94921875,24640.94921875,24642.55078125,0
2026-08-06 13:05:00+05:30,24643.05078125,24645.44921875,24636.55078125,24645.44921875,0
2026-08-06 13:06:00+05:30,24645.5,24647.25,24635.69921875,24636.349609375,0
2026-08-06 13:07:00+05:30,24637.5,24638.849609375,24630.099609375,24633.55078125,0
2026-08-06 13:08:00+05:30,24633.75,24634.150390625,24622.44921875,24625.05078125,0
2026-08-06 13:09:00+05:30,24626.25,24628.5,24624.349609375,24627.150390625,0
2026-08-06 13:10:00+05:30,24627.650390625,24629.55078125,24624.94921875,24626.349609375,0
2026-08-06 13:11:00+05:30,24626.75,24632.599609375,24624.94921875,24631.05078125,0
2026-08-06 13:12:00+05:30,24631.5,24644.05078125,24626.55078125,24629.0,0
2026-08-06 13:13:00+05:30,24628.75,24630.44921875,24626.25,24626.599609375,0
2026-08-06 13:14:00+05:30,24627.94921875,24627.94921875,24621.25,24622.19921875,0
2026-08-06 13:15:00+05:30,24623.0,24623.0,24611.849609375,24618.75,0
2026-08-06 13:16:00+05:30,24619.650390625,24637.55078125,24619.5,24636.94921875,0
2026-08-06 13:17:00+05:30,24637.650390625,24642.25,24636.349609375,24639.75,0
2026-08-06 13:18:00+05:30,24640.5,24653.44921875,24639.650390625,24643.75,0
2026-08-06 13:19:00+05:30,24644.75,24652.55078125,24642.650390625,24651.599609375,0
2026-08-06 13:20:00+05:30,24651.80078125,24655.900390625,24638.650390625,24638.650390625,0
2026-08-06 13:21:00+05:30,24640.650390625,24643.400390625,24637.5,24638.400390625,0
2026-08-06 13:22:00+05:30,24639.099609375,24639.099609375,24629.099609375,24630.94921875,0
2026-08-06 13:23:00+05:30,24631.75,24632.94921875,24624.0,24625.0,0
2026-08-06 13:24:00+05:30,24625.25,24625.5,24617.900390625,24618.900390625,0
2026-08-06 13:25:00+05:30,24619.5,24622.19921875,24617.55078125,24618.55078125,0
2026-08-06 13:26:00+05:30,24620.44921875,24624.900390625,24615.94921875,24622.94921875,0
2026-08-06 13:27:00+05:30,24624.650390625,24629.55078125,24622.900390625,24629.55078125,0
2026-08-06 13:28:00+05:30,24629.849609375,24631.150390625,24627.44921875,24628.75,0
2026-08-06 13:29:00+05:30,24628.849609375,24633.44921875,24622.55078125,24628.0,0
2026-08-06 13:30:00+05:30,24628.05078125,24634.75,24628.05078125,24630.19921875,0
2026-08-06 13:31:00+05:30,24630.900390625,24633.849609375,24628.349609375,24632.75,0
2026-08-06 13:32:00+05:30,24633.349609375,24634.80078125,24629.25,24632.80078125,0
2026-08-06 13:33:00+05:30,24633.5,24643.05078125,24632.69921875,24641.55078125,0
2026-08-06 13:34:00+05:30,24641.44921875,24643.400390625,24636.900390625,24640.69921875,0
2026-08-06 13:35:00+05:30,24641.5,24648.05078125,24637.19921875,24646.0,0
2026-08-06 13:36:00+05:30,24646.849609375,24654.94921875,24645.099609375,24652.75,0
2026-08-06 13:37:00+05:30,24653.80078125,24659.650390625,24652.099609375,24652.80078125,0
2026-08-06 13:38:00+05:30,24653.150390625,24653.150390625,24630.5,24634.25,0
2026-08-06 13:39:00+05:30,24635.400390625,24637.75,24629.900390625,24633.80078125,0
2026-08-06 13:40:00+05:30,24633.44921875,24637.19921875,24629.650390625,24636.0,0
2026-08-06 13:41:00+05:30,24637.0,24641.150390625,24635.0,24636.650390625,0
2026-08-06 13:42:00+05:30,24638.5,24638.5,24628.150390625,24628.55078125,0
2026-08-06 13:43:00+05:30,24629.650390625,24633.69921875,24626.94921875,24628.94921875,0
2026-08-06 13:44:00+05:30,24629.599609375,24634.0,24626.0,24633.05078125,0
2026-08-06 13:45:00+05:30,24634.55078125,24636.099609375,24629.94921875,24630.650390625,0
2026-08-06 13:46:00+05:30,24631.400390625,24633.44921875,24626.80078125,24627.80078125,0
2026-08-06 13:47:00+05:30,24628.400390625,24628.650390625,24613.900390625,24613.900390625,0
2026-08-06 13:48:00+05:30,24614.80078125,24619.75,24613.75,24617.650390625,0
2026-08-06 13:49:00+05:30,24618.55078125,24618.650390625,24613.349609375,24613.599609375,0
2026-08-06 13:50:00+05:30,24614.25,24615.25,24608.69921875,24608.69921875,0
2026-08-06 13:51:00+05:30,24609.25,24624.94921875,24606.900390625,24620.19921875,0
2026-08-06 13:52:00+05:30,24621.599609375,24632.599609375,24620.55078125,24630.349609375,0
2026-08-06 13:53:00+05:30,24631.94921875,24632.80078125,24626.25,24630.150390625,0
2026-08-06 13:54:00+05:30,24631.349609375,24632.94921875,24627.650390625,24629.25,0
2026-08-06 13:55:00+05:30,24630.55078125,24631.55078125,24627.25,24629.400390625,0
2026-08-06 13:56:00+05:30,24631.05078125,24632.55078125,24627.400390625,24628.849609375,0
2026-08-06 13:57:00+05:30,24630.5,24631.150390625,24625.599609375,24627.650390625,0
2026-08-06 13:58:00+05:30,24629.44921875,24629.5,24620.80078125,24621.400390625,0
2026-08-06 13:59:00+05:30,24624.5,24649.75,24621.349609375,24647.25,0
2026-08-06 14:00:00+05:30,24646.25,24649.5,24637.75,24638.75,0
2026-08-06 14:01:00+05:30,24639.400390625,24640.5,24634.099609375,24636.30078125,0
2026-08-06 14:02:00+05:30,24636.55078125,24642.80078125,24635.900390625,24638.75,0
2026-08-06 14:03:00+05:30,24639.69921875,24645.400390625,24637.44921875,24642.849609375,0
2026-08-06 14:04:00+05:30,24644.150390625,24651.25,24643.150390625,24648.05078125,0
2026-08-06 14:05:00+05:30,24647.75,24652.44921875,24646.900390625,24652.150390625,0
2026-08-06 14:06:00+05:30,24652.0,24655.05078125,24650.0,24651.94921875,0
2026-08-06 14:07:00+05:30,24653.400390625,24656.650390625,24650.099609375,24655.44921875,0
2026-08-06 14:08:00+05:30,24655.19921875,24656.349609375,24650.5,24653.849609375,0
2026-08-06 14:09:00+05:30,24653.69921875,24654.69921875,24647.599609375,24649.19921875,0
2026-08-06 14:10:00+05:30,24650.0,24653.05078125,24648.19921875,24651.400390625,0
2026-08-06 14:11:00+05:30,24652.900390625,24655.44921875,24649.44921875,24653.55078125,0
2026-08-06 14:12:00+05:30,24653.19921875,24654.75,24649.150390625,24651.849609375,0
2026-08-06 14:13:00+05:30,24653.0,24658.5,24651.599609375,24656.900390625,0
2026-08-06 14:14:00+05:30,24657.150390625,24658.349609375,24649.80078125,24651.099609375,0
2026-08-06 14:15:00+05:30,24651.849609375,24655.25,24650.150390625,24652.69921875,0
2026-08-06 14:16:00+05:30,24653.30078125,24655.599609375,24651.0,24652.30078125,0
2026-08-06 14:17:00+05:30,24653.25,24656.69921875,24651.25,24655.599609375,0
2026-08-06 14:18:00+05:30,24655.55078125,24657.599609375,24654.44921875,24656.25,0
2026-08-06 14:19:00+05:30,24656.900390625,24657.650390625,24652.55078125,24654.30078125,0
2026-08-06 14:20:00+05:30,24654.5,24658.75,24653.05078125,24655.599609375,0
2026-08-06 14:21:00+05:30,24657.75,24657.75,24649.349609375,24652.19921875,0
2026-08-06 14:22:00+05:30,24654.0,24657.75,24651.44921875,24656.099609375,0
2026-08-06 14:23:00+05:30,24657.05078125,24657.150390625,24652.30078125,24654.75,0
2026-08-06 14:24:00+05:30,24655.80078125,24658.55078125,24654.19921875,24657.5,0
2026-08-06 14:25:00+05:30,24657.5,24659.349609375,24654.599609375,24657.30078125,0
2026-08-06 14:26:00+05:30,24657.099609375,24662.80078125,24655.94921875,24661.55078125,0
2026-08-06 14:27:00+05:30,24661.80078125,24662.349609375,24657.0,24659.849609375,0
2026-08-06 14:28:00+05:30,24660.44921875,24660.599609375,24655.349609375,24656.55078125,0
2026-08-06 14:29:00+05:30,24657.25,24657.25,24651.5,24654.900390625,0
2026-08-06 14:30:00+05:30,24655.44921875,24656.30078125,24649.19921875,24650.94921875,0
2026-08-06 14:31:00+05:30,24651.099609375,24651.099609375,24634.25,24640.80078125,0
2026-08-06 14:32:00+05:30,24641.900390625,24659.44921875,24639.400390625,24654.44921875,0
2026-08-06 14:33:00+05:30,24654.400390625,24654.599609375,24647.099609375,24647.69921875,0
2026-08-06 14:34:00+05:30,24647.94921875,24649.900390625,24646.400390625,24649.30078125,0
2026-08-06 14:35:00+05:30,24649.400390625,24652.80078125,24648.400390625,24651.44921875,0
2026-08-06 14:36:00+05:30,24651.650390625,24653.599609375,24646.400390625,24649.400390625,0
2026-08-06 14:37:00+05:30,24650.0,24651.55078125,24645.900390625,24648.099609375,0
2026-08-06 14:38:00+05:30,24648.650390625,24649.150390625,24644.849609375,24647.0,0
2026-08-06 14:39:00+05:30,24647.400390625,24649.55078125,24641.75,24643.599609375,0
2026-08-06 14:40:00+05:30,24644.349609375,24645.69921875,24632.650390625,24635.25,0
2026-08-06 14:41:00+05:30,24635.599609375,24641.69921875,24633.099609375,24641.44921875,0
2026-08-06 14:42:00+05:30,24641.150390625,24652.650390625,24640.0,24642.099609375,0
2026-08-06 14:43:00+05:30,24643.44921875,24644.19921875,24634.80078125,24636.80078125,0
2026-08-06 14:44:00+05:30,24635.19921875,24641.69921875,24634.19921875,24638.349609375,0
2026-08-06 14:45:00+05:30,24639.55078125,24643.5,24636.69921875,24639.0,0
2026-08-06 14:46:00+05:30,24640.05078125,24640.05078125,24634.5,24637.19921875,0
2026-08-06 14:47:00+05:30,24637.349609375,24642.099609375,24636.400390625,24641.75,0
2026-08-06 14:48:00+05:30,24641.30078125,24643.5,24640.05078125,24643.400390625,0
2026-08-06 14:49:00+05:30,24643.349609375,24647.55078125,24642.0,24644.55078125,0
2026-08-06 14:50:00+05:30,24645.400390625,24645.80078125,24640.650390625,24642.94921875,0
2026-08-06 14:51:00+05:30,24643.19921875,24645.19921875,24640.94921875,24643.150390625,0
2026-08-06 14:52:00+05:30,24643.599609375,24645.099609375,24638.80078125,24639.900390625,0
2026-08-06 14:53:00+05:30,24640.0,24640.0,24634.69921875,24636.25,0
2026-08-06 14:54:00+05:30,24636.400390625,24637.94921875,24634.05078125,24636.25,0
2026-08-06 14:55:00+05:30,24636.150390625,24636.150390625,24629.44921875,24631.599609375,0
2026-08-06 14:56:00+05:30,24632.849609375,24633.75,24630.25,24633.099609375,0
2026-08-06 14:57:00+05:30,24633.349609375,24635.0,24631.69921875,24633.75,0
2026-08-06 14:58:00+05:30,24634.69921875,24635.900390625,24629.349609375,24634.150390625,0
2026-08-06 14:59:00+05:30,24635.44921875,24636.19921875,24629.599609375,24633.0,0
2026-08-06 15:00:00+05:30,24633.19921875,24642.05078125,24629.30078125,24640.75,0
2026-08-06 15:01:00+05:30,24641.599609375,24642.05078125,24635.599609375,24638.5,0
2026-08-06 15:02:00+05:30,24638.0,24638.849609375,24630.19921875,24631.80078125,0
2026-08-06 15:03:00+05:30,24631.80078125,24632.0,24615.69921875,24618.25,0
2026-08-06 15:04:00+05:30,24618.69921875,24624.25,24614.69921875,24621.69921875,0
2026-08-06 15:05:00+05:30,24624.25,24627.44921875,24617.5,24623.099609375,0
2026-08-06 15:06:00+05:30,24624.05078125,24624.75,24616.69921875,24624.75,0
2026-08-06 15:07:00+05:30,24624.75,24629.400390625,24620.650390625,24627.349609375,0
2026-08-06 15:08:00+05:30,24628.44921875,24639.0,24619.80078125,24637.849609375,0
2026-08-06 15:09:00+05:30,24637.25,24637.25,24625.150390625,24628.19921875,0
2026-08-06 15:10:00+05:30,24628.650390625,24629.400390625,24622.25,24625.25,0
2026-08-06 15:11:00+05:30,24625.44921875,24626.849609375,24621.19921875,24623.30078125,0
2026-08-06 15:12:00+05:30,24622.55078125,24632.650390625,24619.19921875,24629.44921875,0
2026-08-06 15:13:00+05:30,24629.05078125,24631.94921875,24627.5,24628.400390625,0
2026-08-06 15:14:00+05:30,24628.55078125,24636.599609375,24622.599609375,24628.5,0
2026-08-06 15:15:00+05:30,24627.94921875,24627.94921875,24627.94921875,24627.94921875,0
2026-08-06 15:16:00+05:30,24627.94921875,24627.94921875,24627.94921875,24627.94921875,0
2026-08-06 15:17:00+05:30,24627.94921875,24627.94921875,24627.94921875,24627.94921875,0
2026-08-06 15:18:00+05:30,24627.94921875,24627.94921875,24627.94921875,24627.94921875,0
2026-08-06 15:19:00+05:30,24627.94921875,24627.94921875,24627.94921875,24627.94921875,0
2026-08-06 15:20:00+05:30,24627.94921875,24627.94921875,24627.94921875,24627.94921875,0
2026-08-06 15:21:00+05:30,24627.94921875,24627.94921875,24627.94921875,24627.94921875,0
2026-08-06 15:22:00+05:30,24627.94921875,24627.94921875,24627.94921875,24627.94921875,0
2026-08-06 15:23:00+05:30,24627.94921875,24627.94921875,24627.94921875,24627.94921875,0
2026-08-06 15:24:00+05:30,24627.94921875,24627.94921875,24627.94921875,24627.94921875,0
2026-08-06 15:25:00+05:30,24627.94921875,24627.94921875,24627.94921875,24627.94921875,0
2026-08-06 15:26:00+05:30,24627.94921875,24627.94921875,24627.94921875,24627.94921875,0
2026-08-06 15:27:00+05:30,24627.94921875,24627.94921875,24627.94921875,24627.94921875,0
2026-08-06 15:28:00+05:30,24627.94921875,24636.0,24627.94921875,24636.0,0
2026-08-06 15:29:00+05:30,24636.0,24636.0,24636.0,24636.0,0
2026-08-07 09:15:00+05:30,24535.05078125,24591.44921875,24535.05078125,24585.400390625,0
2026-08-07 09:16:00+05:30,24587.599609375,24597.69921875,24577.30078125,24593.900390625,0
2026-08-07 09:17:00+05:30,24595.5,24600.900390625,24579.0,24581.19921875,0
2026-08-07 09:18:00+05:30,24583.05078125,24592.900390625,24578.94921875,24591.150390625,0
2026-08-07 09:19:00+05:30,24593.900390625,24594.94921875,24587.94921875,24592.19921875,0
2026-08-07 09:20:00+05:30,24593.25,24599.19921875,24584.75,24597.94921875,0
2026-08-07 09:21:00+05:30,24599.349609375,24600.55078125,24593.400390625,24594.849609375,0
2026-08-07 09:22:00+05:30,24596.849609375,24607.0,24595.900390625,24606.150390625,0
2026-08-07 09:23:00+05:30,24606.650390625,24617.80078125,24603.5,24613.650390625,0
2026-08-07 09:24:00+05:30,24616.25,24620.0,24611.55078125,24611.69921875,0
2026-08-07 09:25:00+05:30,24613.30078125,24614.19921875,24600.55078125,24610.400390625,0
2026-08-07 09:26:00+05:30,24611.599609375,24614.650390625,24609.30078125,24609.30078125,0
2026-08-07 09:27:00+05:30,24611.44921875,24612.44921875,24604.19921875,24609.099609375,0
2026-08-07 09:28:00+05:30,24610.55078125,24610.900390625,24604.19921875,24604.400390625,0
2026-08-07 09:29:00+05:30,24604.69921875,24606.150390625,24600.5,24601.599609375,0
2026-08-07 09:30:00+05:30,24604.0,24604.75,24594.650390625,24594.650390625,0
2026-08-07 09:31:00+05:30,24596.900390625,24599.650390625,24593.25,24595.44921875,0
2026-08-07 09:32:00+05:30,24597.849609375,24611.94921875,24595.55078125,24608.94921875,0
2026-08-07 09:33:00+05:30,24610.69921875,24610.75,24602.94921875,24603.75,0
2026-08-07 09:34:00+05:30,24605.44921875,24606.150390625,24596.400390625,24601.69921875,0
2026-08-07 09:35:00+05:30,24602.650390625,24605.0,24598.400390625,24603.55078125,0
2026-08-07 09:36:00+05:30,24605.55078125,24607.400390625,24602.80078125,24606.099609375,0
2026-08-07 09:37:00+05:30,24607.349609375,24607.349609375,24598.80078125,24601.400390625,0
2026-08-07 09:38:00+05:30,24604.69921875,24608.80078125,24600.44921875,24606.5,0
2026-08-07 09:39:00+05:30,24606.19921875,24608.75,24603.349609375,24604.400390625,0
2026-08-07 09:40:00+05:30,24604.650390625,24611.400390625,24602.099609375,24607.150390625,0
2026-08-07 09:41:00+05:30,24606.05078125,24606.25,24598.30078125,24600.30078125,0
2026-08-07 09:42:00+05:30,24600.150390625,24606.55078125,24599.19921875,24604.0,0
2026-08-07 09:43:00+05:30,24603.650390625,24608.69921875,24602.599609375,24608.599609375,0
2026-08-07 09:44:00+05:30,24608.400390625,24618.650390625,24607.80078125,24618.0,0
2026-08-07 09:45:00+05:30,24618.19921875,24620.150390625,24612.650390625,24616.0,0
2026-08-07 09:46:00+05:30,24617.650390625,24617.650390625,24607.05078125,24608.44921875,0
2026-08-07 09:47:00+05:30,24608.05078125,24610.349609375,24600.80078125,24601.900390625,0
2026-08-07 09:48:00+05:30,24602.25,24610.150390625,24602.25,24608.75,0
2026-08-07 09:49:00+05:30,24608.80078125,24611.69921875,24606.349609375,24611.099609375,0
2026-08-07 09:50:00+05:30,24610.94921875,24617.75,24610.94921875,24616.099609375,0
2026-08-07 09:51:00+05:30,24616.44921875,24622.25,24615.94921875,24620.400390625,0
2026-08-07 09:52:00+05:30,24620.900390625,24625.80078125,24617.19921875,24618.75,0
2026-08-07 09:53:00+05:30,24621.80078125,24621.80078125,24618.650390625,24619.599609375,0
2026-08-07 09:54:00+05:30,24621.400390625,24624.5,24618.75,24622.150390625,0
2026-08-07 09:55:00+05:30,24622.25,24627.55078125,24622.25,24626.150390625,0
2026-08-07 09:56:00+05:30,24628.30078125,24628.30078125,24619.150390625,24619.400390625,0
2026-08-07 09:57:00+05:30,24619.849609375,24624.80078125,24619.44921875,24620.80078125,0
2026-08-07 09:58:00+05:30,24620.19921875,24627.75,24617.94921875,24626.30078125,0
2026-08-07 09:59:00+05:30,24626.80078125,24629.80078125,24624.75,24626.5,0
2026-08-07 10:00:00+05:30,24625.80078125,24627.05078125,24620.599609375,24622.349609375,0
2026-08-07 10:01:00+05:30,24622.69921875,24623.849609375,24615.80078125,24617.650390625,0
2026-08-07 10:02:00+05:30,24617.69921875,24621.55078125,24611.849609375,24611.849609375,0
2026-08-07 10:03:00+05:30,24612.099609375,24614.30078125,24607.5,24608.69921875,0
2026-08-07 10:04:00+05:30,24610.25,24614.19921875,24607.55078125,24613.55078125,0
2026-08-07 10:05:00+05:30,24613.80078125,24616.30078125,24610.349609375,24610.400390625,0
2026-08-07 10:06:00+05:30,24613.25,24616.44921875,24610.19921875,24614.55078125,0
2026-08-07 10:07:00+05:30,24616.55078125,24618.55078125,24614.150390625,24617.19921875,0
2026-08-07 10:08:00+05:30,24618.75,24618.75,24612.400390625,24613.05078125,0
2026-08-07 10:09:00+05:30,24613.69921875,24615.599609375,24609.69921875,24613.19921875,0
2026-08-07 10:10:00+05:30,24613.19921875,24614.900390625,24609.5,24610.25,0
2026-08-07 10:11:00+05:30,24609.900390625,24611.05078125,24602.55078125,24602.849609375,0
2026-08-07 10:12:00+05:30,24604.5,24605.75,24598.25,24599.69921875,0
2026-08-07 10:13:00+05:30,24599.19921875,24600.400390625,24594.0,24596.25,0
2026-08-07 10:14:00+05:30,24596.05078125,24600.30078125,24595.44921875,24599.69921875,0
2026-08-07 10:15:00+05:30,24599.150390625,24601.650390625,24591.75,24592.55078125,0
2026-08-07 10:16:00+05:30,24592.849609375,24595.349609375,24592.400390625,24594.25,0
2026-08-07 10:17:00+05:30,24593.69921875,24595.69921875,24590.0,24591.25,0
2026-08-07 10:18:00+05:30,24590.75,24593.05078125,24573.400390625,24574.849609375,0
2026-08-07 10:19:00+05:30,24574.80078125,24578.94921875,24570.80078125,24576.900390625,0
2026-08-07 10:20:00+05:30,24577.150390625,24583.0,24576.849609375,24578.55078125,0
2026-08-07 10:21:00+05:30,24578.150390625,24587.0,24578.150390625,24586.099609375,0
2026-08-07 10:22:00+05:30,24585.900390625,24587.80078125,24579.44921875,24580.0,0
2026-08-07 10:23:00+05:30,24580.55078125,24582.25,24570.900390625,24572.55078125,0
2026-08-07 10:24:00+05:30,24572.5,24576.19921875,24572.099609375,24574.599609375,0
2026-08-07 10:25:00+05:30,24577.0,24577.0,24571.80078125,24574.30078125,0
2026-08-07 10:26:00+05:30,24573.80078125,24576.650390625,24570.94921875,24571.94921875,0
2026-08-07 10:27:00+05:30,24571.650390625,24572.5,24567.650390625,24568.19921875,0
2026-08-07 10:28:00+05:30,24568.30078125,24572.80078125,24566.599609375,24567.599609375,0
2026-08-07 10:29:00+05:30,24569.5,24569.5,24562.94921875,24566.900390625,0
2026-08-07 10:30:00+05:30,24566.55078125,24567.94921875,24563.650390625,24566.900390625,0
2026-08-07 10:31:00+05:30,24565.900390625,24569.19921875,24561.30078125,24562.599609375,0
2026-08-07 10:32:00+05:30,24562.849609375,24568.849609375,24561.349609375,24567.25,0
2026-08-07 10:33:00+05:30,24568.650390625,24572.0,24564.900390625,24571.150390625,0
2026-08-07 10:34:00+05:30,24571.19921875,24572.94921875,24569.30078125,24571.150390625,0
2026-08-07 10:35:00+05:30,24571.30078125,24574.400390625,24569.69921875,24572.900390625,0
2026-08-07 10:36:00+05:30,24573.099609375,24574.599609375,24569.349609375,24569.900390625,0
2026-08-07 10:37:00+05:30,24569.900390625,24572.55078125,24568.30078125,24571.05078125,0
2026-08-07 10:38:00+05:30,24570.75,24572.80078125,24566.69921875,24571.94921875,0
2026-08-07 10:39:00+05:30,24572.0,24576.0,24570.80078125,24574.75,0
2026-08-07 10:40:00+05:30,24574.849609375,24576.599609375,24569.099609375,24570.650390625,0
2026-08-07 10:41:00+05:30,24570.400390625,24572.19921875,24568.75,24568.75,0
2026-08-07 10:42:00+05:30,24568.55078125,24571.349609375,24563.94921875,24564.94921875,0
2026-08-07 10:43:00+05:30,24564.849609375,24571.94921875,24564.400390625,24568.44921875,0
2026-08-07 10:44:00+05:30,24570.0,24571.900390625,24565.849609375,24569.349609375,0
2026-08-07 10:45:00+05:30,24569.5,24573.900390625,24569.5,24572.69921875,0
2026-08-07 10:46:00+05:30,24572.55078125,24579.05078125,24569.400390625,24575.75,0
2026-08-07 10:47:00+05:30,24577.349609375,24580.349609375,24573.80078125,24578.80078125,0
2026-08-07 10:48:00+05:30,24578.849609375,24582.849609375,24578.099609375,24582.19921875,0
2026-08-07 10:49:00+05:30,24582.05078125,24583.900390625,24577.25,24577.44921875,0
2026-08-07 10:50:00+05:30,24577.099609375,24579.650390625,24574.099609375,24577.55078125,0
2026-08-07 10:51:00+05:30,24578.05078125,24579.599609375,24575.0,24576.55078125,0
2026-08-07 10:52:00+05:30,24576.30078125,24579.099609375,24572.55078125,24576.55078125,0
2026-08-07 10:53:00+05:30,24579.0,24586.5,24576.30078125,24583.599609375,0
2026-08-07 10:54:00+05:30,24583.30078125,24585.0,24580.75,24582.150390625,0
2026-08-07 10:55:00+05:30,24582.19921875,24585.599609375,24582.05078125,24584.849609375,0
2026-08-07 10:56:00+05:30,24584.650390625,24586.05078125,24582.150390625,24583.30078125,0
2026-08-07 10:57:00+05:30,24585.400390625,24585.400390625,24579.25,24580.94921875,0
2026-08-07 10:58:00+05:30,24582.099609375,24584.44921875,24577.099609375,24577.5,0
2026-08-07 10:59:00+05:30,24577.900390625,24579.0,24569.5,24570.349609375,0
2026-08-07 11:00:00+05:30,24572.150390625,24575.25,24569.55078125,24573.099609375,0
2026-08-07 11:01:00+05:30,24573.099609375,24575.05078125,24566.0,24568.94921875,0
2026-08-07 11:02:00+05:30,24569.19921875,24573.150390625,24568.650390625,24570.19921875,0
2026-08-07 11:03:00+05:30,24570.19921875,24572.19921875,24554.25,24554.599609375,0
2026-08-07 11:04:00+05:30,24555.650390625,24558.400390625,24552.25,24555.05078125,0
2026-08-07 11:05:00+05:30,24555.80078125,24564.05078125,24555.150390625,24563.75,0
2026-08-07 11:06:00+05:30,24563.44921875,24569.75,24563.0,24565.69921875,0
2026-08-07 11:07:00+05:30,24567.599609375,24568.30078125,24561.69921875,24563.849609375,0
2026-08-07 11:08:00+05:30,24563.650390625,24570.900390625,24563.650390625,24568.55078125,0
2026-08-07 11:09:00+05:30,24568.55078125,24570.75,24565.349609375,24567.05078125,0
2026-08-07 11:10:00+05:30,24567.19921875,24571.099609375,24566.900390625,24569.44921875,0
2026-08-07 11:11:00+05:30,24569.30078125,24570.900390625,24566.69921875,24567.25,0
2026-08-07 11:12:00+05:30,24567.150390625,24568.900390625,24565.19921875,24566.349609375,0
2026-08-07 11:13:00+05:30,24566.44921875,24570.099609375,24565.94921875,24567.150390625,0
2026-08-07 11:14:00+05:30,24566.650390625,24570.30078125,24565.44921875,24567.599609375,0
2026-08-07 11:15:00+05:30,24569.099609375,24569.099609375,24563.5,24563.5,0
2026-08-07 11:16:00+05:30,24565.0,24566.599609375,24562.0,24562.0,0
2026-08-07 11:17:00+05:30,24562.150390625,24565.25,24560.400390625,24560.400390625,0
2026-08-07 11:18:00+05:30,24560.650390625,24563.55078125,24558.44921875,24560.5,0
2026-08-07 11:19:00+05:30,24560.5,24563.75,24559.900390625,24562.849609375,0
2026-08-07 11:20:00+05:30,24562.650390625,24566.349609375,24561.150390625,24564.599609375,0
2026-08-07 11:21:00+05:30,24564.55078125,24570.849609375,24564.55078125,24570.5,0
2026-08-07 11:22:00+05:30,24570.650390625,24574.400390625,24566.19921875,24567.25,0
2026-08-07 11:23:00+05:30,24569.599609375,24572.05078125,24567.05078125,24571.5,0
2026-08-07 11:24:00+05:30,24571.80078125,24577.55078125,24571.80078125,24576.94921875,0
2026-08-07 11:25:00+05:30,24576.25,24582.900390625,24575.099609375,24579.30078125,0
2026-08-07 11:26:00+05:30,24579.349609375,24585.94921875,24579.349609375,24583.25,0
2026-08-07 11:27:00+05:30,24582.55078125,24587.849609375,24582.55078125,24586.19921875,0
2026-08-07 11:28:00+05:30,24589.30078125,24591.599609375,24584.849609375,24586.150390625,0
2026-08-07 11:29:00+05:30,24585.19921875,24590.55078125,24584.150390625,24584.80078125,0
2026-08-07 11:30:00+05:30,24584.75,24586.599609375,24580.80078125,24583.900390625,0
2026-08-07 11:31:00+05:30,24583.599609375,24585.69921875,24579.150390625,24580.849609375,0
2026-08-07 11:32:00+05:30,24580.44921875,24583.099609375,24575.099609375,24576.400390625,0
2026-08-07 11:33:00+05:30,24578.30078125,24581.75,24576.849609375,24577.0,0
2026-08-07 11:34:00+05:30,24577.599609375,24580.400390625,24575.75,24578.599609375,0
2026-08-07 11:35:00+05:30,24579.30078125,24579.849609375,24576.5,24578.0,0
2026-08-07 11:36:00+05:30,24578.05078125,24580.0,24576.099609375,24576.900390625,0
2026-08-07 11:37:00+05:30,24578.30078125,24581.75,24577.19921875,24580.94921875,0
2026-08-07 11:38:00+05:30,24582.05078125,24587.599609375,24580.849609375,24586.05078125,0
2026-08-07 11:39:00+05:30,24587.849609375,24589.5,24584.80078125,24585.69921875,0
2026-08-07 11:40:00+05:30,24587.05078125,24587.05078125,24581.349609375,24583.5,0
2026-08-07 11:41:00+05:30,24584.44921875,24584.5,24580.19921875,24580.94921875,0
2026-08-07 11:42:00+05:30,24583.150390625,24585.19921875,24579.599609375,24583.19921875,0
2026-08-07 11:43:00+05:30,24585.69921875,24585.69921875,24579.94921875,24581.25,0
2026-08-07 11:44:00+05:30,24582.55078125,24583.19921875,24579.0,24579.349609375,0
2026-08-07 11:45:00+05:30,24581.5,24581.5,24577.25,24579.650390625,0
2026-08-07 11:46:00+05:30,24581.05078125,24581.900390625,24576.849609375,24577.099609375,0
2026-08-07 11:47:00+05:30,24578.69921875,24578.69921875,24569.94921875,24570.349609375,0
2026-08-07 11:48:00+05:30,24570.599609375,24572.75,24565.19921875,24565.19921875,0
2026-08-07 11:49:00+05:30,24566.349609375,24567.849609375,24563.150390625,24563.150390625,0
2026-08-07 11:50:00+05:30,24564.0,24565.80078125,24559.55078125,24560.400390625,0
2026-08-07 11:51:00+05:30,24562.44921875,24562.44921875,24552.900390625,24554.5,0
2026-08-07 11:52:00+05:30,24556.05078125,24558.900390625,24552.400390625,24553.75,0
2026-08-07 11:53:00+05:30,24556.0,24556.0,24550.650390625,24553.30078125,0
2026-08-07 11:54:00+05:30,24555.19921875,24557.349609375,24553.150390625,24556.44921875,0
2026-08-07 11:55:00+05:30,24557.19921875,24560.349609375,24555.349609375,24555.349609375,0
2026-08-07 11:56:00+05:30,24558.75,24560.900390625,24556.55078125,24558.80078125,0
2026-08-07 11:57:00+05:30,24559.94921875,24560.650390625,24555.849609375,24556.69921875,0
2026-08-07 11:58:00+05:30,24558.69921875,24558.75,24555.94921875,24557.55078125,0
2026-08-07 11:59:00+05:30,24559.150390625,24561.0,24556.349609375,24560.94921875,0
2026-08-07 12:00:00+05:30,24562.5,24563.44921875,24558.849609375,24560.69921875,0
2026-08-07 12:01:00+05:30,24562.849609375,24562.849609375,24556.599609375,24556.599609375,0
2026-08-07 12:02:00+05:30,24559.099609375,24559.099609375,24553.0,24553.900390625,0
2026-08-07 12:03:00+05:30,24555.5,24555.80078125,24552.150390625,24553.0,0
2026-08-07 12:04:00+05:30,24554.5,24556.69921875,24551.75,24552.5,0
2026-08-07 12:05:00+05:30,24554.5,24555.5,24548.25,24550.400390625,0
2026-08-07 12:06:00+05:30,24552.0,24553.55078125,24547.94921875,24551.0,0
2026-08-07 12:07:00+05:30,24553.30078125,24553.30078125,24549.849609375,24550.69921875,0
2026-08-07 12:08:00+05:30,24552.05078125,24552.55078125,24547.650390625,24549.05078125,0
2026-08-07 12:09:00+05:30,24549.94921875,24552.0,24545.75,24551.44921875,0
2026-08-07 12:10:00+05:30,24552.55078125,24553.099609375,24548.44921875,24548.75,0
2026-08-07 12:11:00+05:30,24548.900390625,24549.849609375,24546.94921875,24548.30078125,0
2026-08-07 12:12:00+05:30,24550.150390625,24551.75,24546.599609375,24547.650390625,0
2026-08-07 12:13:00+05:30,24547.69921875,24551.25,24542.849609375,24543.650390625,0
2026-08-07 12:14:00+05:30,24543.349609375,24544.55078125,24540.150390625,24540.69921875,0
2026-08-07 12:15:00+05:30,24541.150390625,24543.30078125,24536.5,24537.05078125,0
2026-08-07 12:16:00+05:30,24538.80078125,24538.80078125,24534.19921875,24536.25,0
2026-08-07 12:17:00+05:30,24536.05078125,24538.0,24532.900390625,24535.0,0
2026-08-07 12:18:00+05:30,24535.0,24539.650390625,24533.44921875,24535.900390625,0
2026-08-07 12:19:00+05:30,24537.30078125,24539.900390625,24536.19921875,24537.44921875,0
2026-08-07 12:20:00+05:30,24537.900390625,24538.55078125,24534.150390625,24535.5,0
2026-08-07 12:21:00+05:30,24535.349609375,24543.69921875,24534.599609375,24543.150390625,0
2026-08-07 12:22:00+05:30,24543.150390625,24546.94921875,24541.599609375,24542.80078125,0
2026-08-07 12:23:00+05:30,24542.650390625,24544.19921875,24539.80078125,24540.75,0
2026-08-07 12:24:00+05:30,24543.05078125,24543.05078125,24537.44921875,24538.94921875,0
2026-08-07 12:25:00+05:30,24538.099609375,24545.19921875,24536.19921875,24544.849609375,0
2026-08-07 12:26:00+05:30,24547.0,24554.099609375,24544.80078125,24554.05078125,0
2026-08-07 12:27:00+05:30,24555.849609375,24558.099609375,24552.400390625,24554.94921875,0
2026-08-07 12:28:00+05:30,24557.650390625,24558.400390625,24554.150390625,24556.400390625,0
2026-08-07 12:29:00+05:30,24556.19921875,24558.25,24549.400390625,24549.5,0
2026-08-07 12:30:00+05:30,24550.0,24552.25,24544.80078125,24545.94921875,0
2026-08-07 12:31:00+05:30,24545.849609375,24550.099609375,24544.80078125,24548.75,0
2026-08-07 12:32:00+05:30,24550.400390625,24553.0,24548.25,24550.80078125,0
2026-08-07 12:33:00+05:30,24550.349609375,24553.099609375,24548.849609375,24552.75,0
2026-08-07 12:34:00+05:30,24552.19921875,24561.05078125,24551.30078125,24559.19921875,0
2026-08-07 12:35:00+05:30,24559.55078125,24562.400390625,24557.150390625,24558.650390625,0
2026-08-07 12:36:00+05:30,24558.599609375,24560.55078125,24555.900390625,24557.400390625,0
2026-08-07 12:37:00+05:30,24558.900390625,24560.349609375,24556.80078125,24558.400390625,0
2026-08-07 12:38:00+05:30,24558.400390625,24560.69921875,24556.5,24558.75,0
2026-08-07 12:39:00+05:30,24558.75,24562.44921875,24558.75,24560.5,0
2026-08-07 12:40:00+05:30,24560.05078125,24562.44921875,24556.400390625,24556.44921875,0
2026-08-07 12:41:00+05:30,24556.349609375,24558.25,24554.349609375,24556.44921875,0
2026-08-07 12:42:00+05:30,24556.25,24561.30078125,24556.19921875,24556.5,0
2026-08-07 12:43:00+05:30,24556.650390625,24559.099609375,24552.599609375,24552.900390625,0
2026-08-07 12:44:00+05:30,24552.44921875,24559.44921875,24552.44921875,24557.05078125,0
2026-08-07 12:45:00+05:30,24559.349609375,24559.349609375,24554.650390625,24558.650390625,0
2026-08-07 12:46:00+05:30,24558.5,24565.650390625,24558.400390625,24564.650390625,0
2026-08-07 12:47:00+05:30,24564.900390625,24570.05078125,24564.900390625,24566.400390625,0
2026-08-07 12:48:00+05:30,24566.400390625,24568.44921875,24563.19921875,24563.94921875,0
2026-08-07 12:49:00+05:30,24564.150390625,24569.75,24563.099609375,24567.5,0
2026-08-07 12:50:00+05:30,24567.0,24568.55078125,24563.349609375,24564.19921875,0
2026-08-07 12:51:00+05:30,24566.400390625,24566.849609375,24562.400390625,24563.150390625,0
2026-08-07 12:52:00+05:30,24563.150390625,24565.75,24559.150390625,24559.25,0
2026-08-07 12:53:00+05:30,24559.30078125,24561.25,24554.5,24558.19921875,0
2026-08-07 12:54:00+05:30,24559.599609375,24559.599609375,24555.30078125,24559.30078125,0
2026-08-07 12:55:00+05:30,24559.30078125,24560.900390625,24556.19921875,24556.80078125,0
2026-08-07 12:56:00+05:30,24556.849609375,24561.25,24556.349609375,24559.55078125,0
2026-08-07 12:57:00+05:30,24559.5,24560.5,24551.30078125,24553.55078125,0
2026-08-07 12:58:00+05:30,24553.25,24556.599609375,24551.69921875,24555.05078125,0
2026-08-07 12:59:00+05:30,24556.80078125,24557.599609375,24553.150390625,24554.599609375,0
2026-08-07 13:00:00+05:30,24553.650390625,24557.55078125,24552.30078125,24553.599609375,0
2026-08-07 13:01:00+05:30,24554.55078125,24556.599609375,24551.19921875,24552.900390625,0
2026-08-07 13:02:00+05:30,24552.099609375,24555.05078125,24551.75,24554.150390625,0
2026-08-07 13:03:00+05:30,24553.44921875,24555.19921875,24548.150390625,24549.400390625,0
2026-08-07 13:04:00+05:30,24549.25,24556.69921875,24549.25,24556.5,0
2026-08-07 13:05:00+05:30,24556.05078125,24560.0,24555.900390625,24558.0,0
2026-08-07 13:06:00+05:30,24557.849609375,24566.849609375,24557.55078125,24564.19921875,0
2026-08-07 13:07:00+05:30,24564.900390625,24567.25,24560.55078125,24563.650390625,0
2026-08-07 13:08:00+05:30,24563.75,24564.5,24558.599609375,24560.0,0
2026-08-07 13:09:00+05:30,24562.900390625,24562.900390625,24556.19921875,24557.80078125,0
2026-08-07 13:10:00+05:30,24557.900390625,24559.5,24553.30078125,24553.80078125,0
2026-08-07 13:11:00+05:30,24554.349609375,24562.44921875,24553.5,24559.900390625,0
2026-08-07 13:12:00+05:30,24561.80078125,24562.25,24558.30078125,24559.25,0
2026-08-07 13:13:00+05:30,24558.44921875,24561.30078125,24554.94921875,24554.94921875,0
2026-08-07 13:14:00+05:30,24555.25,24559.25,24546.69921875,24547.0,0
2026-08-07 13:15:00+05:30,24547.0,24555.05078125,24546.150390625,24552.44921875,0
2026-08-07 13:16:00+05:30,24553.44921875,24558.69921875,24551.69921875,24557.69921875,0
2026-08-07 13:17:00+05:30,24557.75,24560.25,24551.349609375,24552.150390625,0
2026-08-07 13:18:00+05:30,24551.75,24554.349609375,24547.650390625,24548.400390625,0
2026-08-07 13:19:00+05:30,24549.0,24553.05078125,24546.099609375,24546.44921875,0
2026-08-07 13:20:00+05:30,24549.150390625,24554.400390625,24546.150390625,24552.0,0
2026-08-07 13:21:00+05:30,24553.69921875,24556.94921875,24551.400390625,24552.599609375,0
2026-08-07 13:22:00+05:30,24555.349609375,24560.099609375,24553.349609375,24560.099609375,0
2026-08-07 13:23:00+05:30,24559.400390625,24564.30078125,24558.44921875,24561.75,0
2026-08-07 13:24:00+05:30,24563.69921875,24566.0,24559.900390625,24564.650390625,0
2026-08-07 13:25:00+05:30,24564.80078125,24569.599609375,24564.349609375,24566.55078125,0
2026-08-07 13:26:00+05:30,24568.44921875,24568.80078125,24564.30078125,24564.30078125,0
2026-08-07 13:27:00+05:30,24566.650390625,24568.75,24563.400390625,24567.55078125,0
2026-08-07 13:28:00+05:30,24568.94921875,24572.25,24566.30078125,24571.94921875,0
2026-08-07 13:29:00+05:30,24573.5,24573.5,24565.69921875,24565.94921875,0
2026-08-07 13:30:00+05:30,24567.55078125,24568.44921875,24563.05078125,24564.30078125,0
2026-08-07 13:31:00+05:30,24564.30078125,24566.650390625,24555.75,24557.25,0
2026-08-07 13:32:00+05:30,24557.349609375,24559.650390625,24548.349609375,24548.5,0
2026-08-07 13:33:00+05:30,24548.650390625,24552.900390625,24547.849609375,24550.80078125,0
2026-08-07 13:34:00+05:30,24550.650390625,24552.900390625,24545.69921875,24547.900390625,0
2026-08-07 13:35:00+05:30,24547.75,24550.5,24545.849609375,24548.94921875,0
2026-08-07 13:36:00+05:30,24548.80078125,24554.400390625,24547.44921875,24553.349609375,0
2026-08-07 13:37:00+05:30,24552.75,24558.150390625,24552.75,24552.900390625,0
2026-08-07 13:38:00+05:30,24552.75,24554.19921875,24548.150390625,24549.05078125,0
2026-08-07 13:39:00+05:30,24550.150390625,24550.650390625,24545.349609375,24547.80078125,0
2026-08-07 13:40:00+05:30,24547.55078125,24551.0,24545.69921875,24548.099609375,0
2026-08-07 13:41:00+05:30,24547.849609375,24550.400390625,24545.94921875,24549.05078125,0
2026-08-07 13:42:00+05:30,24548.849609375,24552.30078125,24545.849609375,24547.0,0
2026-08-07 13:43:00+05:30,24546.900390625,24549.55078125,24545.849609375,24547.19921875,0
2026-08-07 13:44:00+05:30,24548.69921875,24549.650390625,24546.25,24548.5,0
2026-08-07 13:45:00+05:30,24550.69921875,24555.75,24547.69921875,24552.400390625,0
2026-08-07 13:46:00+05:30,24551.80078125,24568.25,24547.900390625,24567.80078125,0
2026-08-07 13:47:00+05:30,24568.25,24573.25,24557.69921875,24561.05078125,0
2026-08-07 13:48:00+05:30,24561.44921875,24569.55078125,24561.44921875,24564.69921875,0
2026-08-07 13:49:00+05:30,24565.400390625,24574.849609375,24564.05078125,24573.55078125,0
2026-08-07 13:50:00+05:30,24573.44921875,24581.5,24569.0,24578.80078125,0
2026-08-07 13:51:00+05:30,24578.69921875,24587.599609375,24578.25,24585.099609375,0
2026-08-07 13:52:00+05:30,24584.599609375,24588.69921875,24581.849609375,24585.099609375,0
2026-08-07 13:53:00+05:30,24584.94921875,24590.5,24580.44921875,24580.44921875,0
2026-08-07 13:54:00+05:30,24582.05078125,24582.650390625,24570.400390625,24571.19921875,0
2026-08-07 13:55:00+05:30,24572.599609375,24574.0,24565.30078125,24566.599609375,0
2026-08-07 13:56:00+05:30,24567.19921875,24573.849609375,24562.849609375,24571.5,0
2026-08-07 13:57:00+05:30,24573.150390625,24573.150390625,24550.19921875,24552.900390625,0
2026-08-07 13:58:00+05:30,24554.30078125,24557.75,24549.44921875,24555.69921875,0
2026-08-07 13:59:00+05:30,24558.25,24565.19921875,24555.69921875,24563.94921875,0
2026-08-07 14:00:00+05:30,24565.849609375,24575.849609375,24564.30078125,24572.19921875,0
2026-08-07 14:01:00+05:30,24574.599609375,24579.650390625,24570.5,24574.150390625,0
2026-08-07 14:02:00+05:30,24575.75,24575.75,24561.94921875,24564.099609375,0
2026-08-07 14:03:00+05:30,24565.900390625,24566.099609375,24554.25,24555.80078125,0
2026-08-07 14:04:00+05:30,24556.849609375,24557.05078125,24549.849609375,24553.55078125,0
2026-08-07 14:05:00+05:30,24554.849609375,24559.150390625,24553.400390625,24557.05078125,0
2026-08-07 14:06:00+05:30,24557.900390625,24557.900390625,24537.44921875,24538.099609375,0
2026-08-07 14:07:00+05:30,24539.0,24542.25,24532.099609375,24540.55078125,0
2026-08-07 14:08:00+05:30,24541.44921875,24543.349609375,24538.0,24540.80078125,0
2026-08-07 14:09:00+05:30,24540.25,24542.05078125,24537.150390625,24538.19921875,0
2026-08-07 14:10:00+05:30,24539.19921875,24541.44921875,24536.69921875,24537.94921875,0
2026-08-07 14:11:00+05:30,24538.5,24539.25,24530.349609375,24531.19921875,0
2026-08-07 14:12:00+05:30,24531.5,24533.80078125,24524.400390625,24527.349609375,0
2026-08-07 14:13:00+05:30,24529.55078125,24530.400390625,24522.900390625,24528.25,0
2026-08-07 14:14:00+05:30,24528.80078125,24531.400390625,24526.55078125,24526.849609375,0
2026-08-07 14:15:00+05:30,24526.849609375,24529.44921875,24523.150390625,24527.94921875,0
2026-08-07 14:16:00+05:30,24528.099609375,24538.30078125,24527.75,24535.80078125,0
2026-08-07 14:17:00+05:30,24535.80078125,24542.25,24533.75,24541.44921875,0
2026-08-07 14:18:00+05:30,24540.69921875,24542.94921875,24537.25,24540.05078125,0
2026-08-07 14:19:00+05:30,24539.150390625,24542.80078125,24534.349609375,24536.30078125,0
2026-08-07 14:20:00+05:30,24536.55078125,24542.55078125,24534.30078125,24540.849609375,0
2026-08-07 14:21:00+05:30,24540.55078125,24542.80078125,24538.349609375,24541.099609375,0
2026-08-07 14:22:00+05:30,24540.94921875,24543.19921875,24531.400390625,24533.69921875,0
2026-08-07 14:23:00+05:30,24534.94921875,24534.94921875,24529.19921875,24531.0,0
2026-08-07 14:24:00+05:30,24532.0,24542.75,24529.75,24541.30078125,0
2026-08-07 14:25:00+05:30,24544.599609375,24547.099609375,24539.69921875,24542.75,0
2026-08-07 14:26:00+05:30,24542.19921875,24545.099609375,24536.900390625,24539.69921875,0
2026-08-07 14:27:00+05:30,24541.75,24541.75,24536.94921875,24539.650390625,0
2026-08-07 14:28:00+05:30,24538.650390625,24541.05078125,24537.150390625,24538.849609375,0
2026-08-07 14:29:00+05:30,24539.44921875,24539.599609375,24532.94921875,24534.19921875,0
2026-08-07 14:30:00+05:30,24534.099609375,24536.400390625,24531.150390625,24532.650390625,0
2026-08-07 14:31:00+05:30,24531.94921875,24534.5,24526.150390625,24529.94921875,0
2026-08-07 14:32:00+05:30,24529.599609375,24535.150390625,24527.849609375,24534.599609375,0
2026-08-07 14:33:00+05:30,24534.349609375,24548.25,24534.349609375,24545.349609375,0
2026-08-07 14:34:00+05:30,24545.900390625,24549.599609375,24542.650390625,24543.55078125,0
2026-08-07 14:35:00+05:30,24543.44921875,24546.44921875,24541.69921875,24543.25,0
2026-08-07 14:36:00+05:30,24544.099609375,24545.75,24541.75,24543.75,0
2026-08-07 14:37:00+05:30,24545.25,24545.25,24537.55078125,24538.099609375,0
2026-08-07 14:38:00+05:30,24538.05078125,24542.55078125,24538.05078125,24538.75,0
2026-08-07 14:39:00+05:30,24539.0,24542.69921875,24535.05078125,24537.099609375,0
2026-08-07 14:40:00+05:30,24536.69921875,24540.349609375,24534.400390625,24538.400390625,0
2026-08-07 14:41:00+05:30,24539.0,24541.30078125,24531.150390625,24531.94921875,0
2026-08-07 14:42:00+05:30,24531.849609375,24540.599609375,24531.849609375,24538.69921875,0
2026-08-07 14:43:00+05:30,24538.849609375,24540.80078125,24536.75,24539.0,0
2026-08-07 14:44:00+05:30,24540.099609375,24541.400390625,24534.25,24538.25,0
2026-08-07 14:45:00+05:30,24537.900390625,24547.05078125,24537.5,24542.099609375,0
2026-08-07 14:46:00+05:30,24542.44921875,24551.94921875,24542.44921875,24549.900390625,0
2026-08-07 14:47:00+05:30,24550.69921875,24555.0,24547.650390625,24553.19921875,0
2026-08-07 14:48:00+05:30,24555.19921875,24557.5,24551.150390625,24553.849609375,0
2026-08-07 14:49:00+05:30,24554.5,24561.44921875,24553.349609375,24559.05078125,0
2026-08-07 14:50:00+05:30,24559.349609375,24561.0,24553.099609375,24556.05078125,0
2026-08-07 14:51:00+05:30,24556.75,24556.75,24546.25,24548.400390625,0
2026-08-07 14:52:00+05:30,24547.75,24550.05078125,24540.5,24540.80078125,0
2026-08-07 14:53:00+05:30,24540.650390625,24545.80078125,24540.25,24542.80078125,0
2026-08-07 14:54:00+05:30,24541.80078125,24544.150390625,24528.55078125,24531.75,0
2026-08-07 14:55:00+05:30,24531.94921875,24541.75,24531.80078125,24539.849609375,0
2026-08-07 14:56:00+05:30,24539.30078125,24541.25,24533.55078125,24536.69921875,0
2026-08-07 14:57:00+05:30,24536.900390625,24542.599609375,24536.900390625,24541.05078125,0
2026-08-07 14:58:00+05:30,24542.25,24547.099609375,24539.75,24545.599609375,0
2026-08-07 14:59:00+05:30,24545.599609375,24545.599609375,24538.80078125,24541.80078125,0
2026-08-07 15:00:00+05:30,24542.150390625,24546.650390625,24541.599609375,24545.69921875,0
2026-08-07 15:01:00+05:30,24545.19921875,24546.400390625,24541.80078125,24544.44921875,0
2026-08-07 15:02:00+05:30,24542.5,24548.599609375,24542.5,24548.099609375,0
2026-08-07 15:03:00+05:30,24545.94921875,24549.650390625,24545.19921875,24547.650390625,0
2026-08-07 15:04:00+05:30,24546.349609375,24552.44921875,24545.900390625,24550.150390625,0
2026-08-07 15:05:00+05:30,24551.0,24552.25,24547.150390625,24547.849609375,0
2026-08-07 15:06:00+05:30,24546.94921875,24552.05078125,24545.55078125,24551.19921875,0
2026-08-07 15:07:00+05:30,24549.349609375,24553.05078125,24549.349609375,24551.19921875,0
2026-08-07 15:08:00+05:30,24549.099609375,24553.650390625,24549.099609375,24552.650390625,0
2026-08-07 15:09:00+05:30,24550.599609375,24554.69921875,24544.650390625,24553.900390625,0
2026-08-07 15:10:00+05:30,24552.19921875,24564.19921875,24552.19921875,24557.94921875,0
2026-08-07 15:11:00+05:30,24556.75,24565.099609375,24555.80078125,24562.650390625,0
2026-08-07 15:12:00+05:30,24561.44921875,24564.5,24557.19921875,24559.849609375,0
2026-08-07 15:13:00+05:30,24557.849609375,24564.400390625,24557.099609375,24560.900390625,0
2026-08-07 15:14:00+05:30,24559.650390625,24562.650390625,24552.349609375,24558.94921875,0
2026-08-07 15:15:00+05:30,24554.55078125,24557.0,24554.55078125,24557.0,0
2026-08-07 15:16:00+05:30,24557.0,24557.0,24557.0,24557.0,0
2026-08-07 15:17:00+05:30,24557.0,24557.0,24557.0,24557.0,0
2026-08-07 15:18:00+05:30,24557.0,24557.0,24557.0,24557.0,0
2026-08-07 15:19:00+05:30,24557.0,24557.0,24557.0,24557.0,0
2026-08-07 15:20:00+05:30,24557.0,24557.0,24557.0,24557.0,0
2026-08-07 15:21:00+05:30,24557.0,24557.0,24557.0,24557.0,0
2026-08-07 15:22:00+05:30,24557.0,24557.0,24557.0,24557.0,0
2026-08-07 15:23:00+05:30,24557.0,24557.0,24557.0,24557.0,0
2026-08-07 15:24:00+05:30,24557.0,24557.0,24557.0,24557.0,0
2026-08-07 15:25:00+05:30,24557.0,24557.0,24557.0,24557.0,0
2026-08-07 15:26:00+05:30,24557.0,24557.0,24557.0,24557.0,0
2026-08-07 15:27:00+05:30,24557.0,24557.0,24557.0,24557.0,0
2026-08-07 15:28:00+05:30,24557.0,24557.0,24557.0,24557.0,0
2026-08-07 15:29:00+05:30,24557.0,24570.650390625,24557.0,24570.650390625,0
2026-08-10 09:15:00+05:30,24584.05078125,24588.349609375,24559.599609375,24566.94921875,0
2026-08-10 09:16:00+05:30,24567.849609375,24584.900390625,24560.05078125,24579.44921875,0
2026-08-10 09:17:00+05:30,24579.349609375,24591.849609375,24575.650390625,24589.599609375,0
2026-08-10 09:18:00+05:30,24589.400390625,24600.69921875,24587.150390625,24599.400390625,0
2026-08-10 09:19:00+05:30,24599.400390625,24607.69921875,24597.5,24602.69921875,0
2026-08-10 09:20:00+05:30,24602.849609375,24620.55078125,24602.849609375,24609.650390625,0
2026-08-10 09:21:00+05:30,24610.349609375,24615.80078125,24608.30078125,24611.400390625,0
2026-08-10 09:22:00+05:30,24611.849609375,24614.69921875,24598.900390625,24600.80078125,0
2026-08-10 09:23:00+05:30,24602.349609375,24603.80078125,24595.05078125,24602.80078125,0
2026-08-10 09:24:00+05:30,24601.80078125,24604.05078125,24590.0,24590.349609375,0
2026-08-10 09:25:00+05:30,24589.94921875,24592.400390625,24584.30078125,24586.650390625,0
2026-08-10 09:26:00+05:30,24587.650390625,24590.650390625,24571.349609375,24571.349609375,0
2026-08-10 09:27:00+05:30,24571.75,24573.75,24563.0,24564.849609375,0
2026-08-10 09:28:00+05:30,24564.80078125,24566.650390625,24555.25,24564.650390625,0
2026-08-10 09:29:00+05:30,24566.400390625,24570.650390625,24555.900390625,24555.900390625,0
2026-08-10 09:30:00+05:30,24557.900390625,24560.900390625,24549.05078125,24550.69921875,0
2026-08-10 09:31:00+05:30,24551.19921875,24555.400390625,24542.349609375,24544.19921875,0
2026-08-10 09:32:00+05:30,24544.30078125,24549.44921875,24541.19921875,24548.30078125,0
2026-08-10 09:33:00+05:30,24548.650390625,24549.75,24538.0,24538.400390625,0
2026-08-10 09:34:00+05:30,24538.55078125,24541.25,24533.5,24534.349609375,0
2026-08-10 09:35:00+05:30,24534.25,24534.30078125,24518.400390625,24518.80078125,0
2026-08-10 09:36:00+05:30,24519.150390625,24536.150390625,24519.150390625,24528.400390625,0
2026-08-10 09:37:00+05:30,24530.099609375,24530.099609375,24511.30078125,24515.099609375,0
2026-08-10 09:38:00+05:30,24516.30078125,24529.19921875,24515.30078125,24526.25,0
2026-08-10 09:39:00+05:30,24528.150390625,24530.349609375,24523.69921875,24528.05078125,0
2026-08-10 09:40:00+05:30,24528.849609375,24529.30078125,24523.19921875,24528.650390625,0
2026-08-10 09:41:00+05:30,24529.25,24530.349609375,24523.0,24523.19921875,0
2026-08-10 09:42:00+05:30,24525.0,24525.69921875,24514.0,24515.25,0
2026-08-10 09:43:00+05:30,24514.5,24522.900390625,24512.94921875,24521.849609375,0
2026-08-10 09:44:00+05:30,24522.0,24523.80078125,24519.30078125,24521.150390625,0
2026-08-10 09:45:00+05:30,24521.75,24523.0,24518.44921875,24518.80078125,0
2026-08-10 09:46:00+05:30,24520.30078125,24526.650390625,24519.25,24522.650390625,0
2026-08-10 09:47:00+05:30,24522.75,24530.44921875,24522.75,24529.599609375,0
2026-08-10 09:48:00+05:30,24530.19921875,24538.80078125,24529.75,24530.69921875,0
2026-08-10 09:49:00+05:30,24531.19921875,24531.900390625,24525.55078125,24527.599609375,0
2026-08-10 09:50:00+05:30,24529.30078125,24540.650390625,24527.150390625,24540.5,0
2026-08-10 09:51:00+05:30,24541.30078125,24542.80078125,24530.900390625,24533.19921875,0
2026-08-10 09:52:00+05:30,24533.55078125,24539.650390625,24532.94921875,24536.5,0
2026-08-10 09:53:00+05:30,24536.900390625,24541.0,24524.650390625,24527.80078125,0
2026-08-10 09:54:00+05:30,24528.349609375,24532.05078125,24524.55078125,24527.900390625,0
2026-08-10 09:55:00+05:30,24528.25,24536.55078125,24525.19921875,24535.05078125,0
2026-08-10 09:56:00+05:30,24535.099609375,24536.5,24528.650390625,24529.349609375,0
2026-08-10 09:57:00+05:30,24530.349609375,24532.5,24525.05078125,24531.55078125,0
2026-08-10 09:58:00+05:30,24532.599609375,24538.19921875,24530.0,24530.5,0
2026-08-10 09:59:00+05:30,24531.05078125,24536.44921875,24530.099609375,24534.25,0
2026-08-10 10:00:00+05:30,24536.349609375,24542.150390625,24535.19921875,24537.05078125,0
2026-08-10 10:01:00+05:30,24537.5,24538.599609375,24530.25,24537.05078125,0
2026-08-10 10:02:00+05:30,24537.94921875,24545.849609375,24534.0,24544.69921875,0
2026-08-10 10:03:00+05:30,24545.849609375,24551.400390625,24543.80078125,24548.650390625,0
2026-08-10 10:04:00+05:30,24549.150390625,24550.5,24536.44921875,24538.5,0
2026-08-10 10:05:00+05:30,24540.599609375,24542.75,24535.44921875,24539.30078125,0
2026-08-10 10:06:00+05:30,24540.849609375,24544.650390625,24537.849609375,24541.75,0
2026-08-10 10:07:00+05:30,24542.349609375,24547.0,24541.400390625,24543.650390625,0
2026-08-10 10:08:00+05:30,24543.5,24545.05078125,24539.30078125,24540.849609375,0
2026-08-10 10:09:00+05:30,24542.099609375,24542.099609375,24532.44921875,24534.650390625,0
2026-08-10 10:10:00+05:30,24535.30078125,24538.30078125,24533.94921875,24534.30078125,0
2026-08-10 10:11:00+05:30,24533.75,24542.05078125,24533.75,24536.849609375,0
2026-08-10 10:12:00+05:30,24537.25,24540.19921875,24536.30078125,24536.69921875,0
2026-08-10 10:13:00+05:30,24538.25,24546.55078125,24538.25,24543.55078125,0
2026-08-10 10:14:00+05:30,24544.25,24547.69921875,24544.0,24544.75,0
2026-08-10 10:15:00+05:30,24545.900390625,24556.599609375,24545.599609375,24556.44921875,0
2026-08-10 10:16:00+05:30,24556.599609375,24563.55078125,24556.400390625,24561.25,0
2026-08-10 10:17:00+05:30,24562.0,24565.75,24561.05078125,24563.900390625,0
2026-08-10 10:18:00+05:30,24565.150390625,24571.55078125,24562.5,24569.80078125,0
2026-08-10 10:19:00+05:30,24570.5,24574.900390625,24569.30078125,24574.25,0
2026-08-10 10:20:00+05:30,24574.94921875,24578.5,24571.349609375,24577.0,0
2026-08-10 10:21:00+05:30,24578.150390625,24585.650390625,24577.69921875,24584.19921875,0
2026-08-10 10:22:00+05:30,24584.099609375,24586.44921875,24577.349609375,24582.150390625,0
2026-08-10 10:23:00+05:30,24582.30078125,24591.25,24581.0,24589.900390625,0
2026-08-10 10:24:00+05:30,24589.900390625,24593.80078125,24587.94921875,24592.55078125,0
2026-08-10 10:25:00+05:30,24594.349609375,24595.400390625,24586.150390625,24587.0,0
2026-08-10 10:26:00+05:30,24587.69921875,24588.0,24580.25,24582.349609375,0
2026-08-10 10:27:00+05:30,24582.5,24592.0,24581.5,24591.55078125,0
2026-08-10 10:28:00+05:30,24591.849609375,24593.25,24588.75,24589.25,0
2026-08-10 10:29:00+05:30,24590.05078125,24595.30078125,24589.900390625,24594.80078125,0
2026-08-10 10:30:00+05:30,24595.19921875,24600.19921875,24593.94921875,24597.05078125,0
2026-08-10 10:31:00+05:30,24598.25,24601.150390625,24594.400390625,24598.69921875,0
2026-08-10 10:32:00+05:30,24599.30078125,24599.349609375,24593.349609375,24594.30078125,0
2026-08-10 10:33:00+05:30,24594.849609375,24595.650390625,24589.30078125,24590.5,0
2026-08-10 10:34:00+05:30,24589.849609375,24591.599609375,24584.849609375,24585.55078125,0
2026-08-10 10:35:00+05:30,24586.0,24589.400390625,24585.5,24588.69921875,0
2026-08-10 10:36:00+05:30,24588.5,24594.75,24588.30078125,24591.75,0
2026-08-10 10:37:00+05:30,24591.849609375,24592.900390625,24589.19921875,24590.19921875,0
2026-08-10 10:38:00+05:30,24590.44921875,24592.150390625,24588.80078125,24590.94921875,0
2026-08-10 10:39:00+05:30,24590.900390625,24595.05078125,24590.650390625,24593.849609375,0
2026-08-10 10:40:00+05:30,24594.900390625,24598.94921875,24592.900390625,24595.599609375,0
2026-08-10 10:41:00+05:30,24597.0,24601.349609375,24596.05078125,24599.19921875,0
2026-08-10 10:42:00+05:30,24599.400390625,24599.650390625,24594.349609375,24595.900390625,0
2026-08-10 10:43:00+05:30,24596.30078125,24599.80078125,24593.650390625,24599.5,0
2026-08-10 10:44:00+05:30,24600.099609375,24605.349609375,24600.05078125,24603.650390625,0
2026-08-10 10:45:00+05:30,24604.099609375,24612.349609375,24601.69921875,24610.69921875,0
2026-08-10 10:46:00+05:30,24610.44921875,24614.400390625,24609.80078125,24610.5,0
2026-08-10 10:47:00+05:30,24611.55078125,24611.94921875,24603.5,24604.25,0
2026-08-10 10:48:00+05:30,24605.30078125,24609.0,24602.80078125,24606.44921875,0
2026-08-10 10:49:00+05:30,24606.400390625,24607.400390625,24600.150390625,24600.900390625,0
2026-08-10 10:50:00+05:30,24601.19921875,24603.05078125,24596.19921875,24596.650390625,0
2026-08-10 10:51:00+05:30,24597.099609375,24599.30078125,24594.19921875,24594.69921875,0
2026-08-10 10:52:00+05:30,24595.099609375,24596.69921875,24591.099609375,24591.900390625,0
2026-08-10 10:53:00+05:30,24592.19921875,24593.599609375,24587.599609375,24589.099609375,0
2026-08-10 10:54:00+05:30,24589.599609375,24590.0,24586.349609375,24588.0,0
2026-08-10 10:55:00+05:30,24588.400390625,24590.44921875,24586.25,24589.150390625,0
2026-08-10 10:56:00+05:30,24589.400390625,24590.099609375,24585.900390625,24589.0,0
2026-08-10 10:57:00+05:30,24589.44921875,24590.25,24586.19921875,24586.44921875,0
2026-08-10 10:58:00+05:30,24587.650390625,24590.900390625,24586.0,24587.69921875,0
2026-08-10 10:59:00+05:30,24588.69921875,24589.80078125,24585.849609375,24588.19921875,0
2026-08-10 11:00:00+05:30,24588.80078125,24593.25,24587.94921875,24593.25,0
2026-08-10 11:01:00+05:30,24594.19921875,24599.05078125,24592.80078125,24596.30078125,0
2026-08-10 11:02:00+05:30,24596.44921875,24598.0,24593.599609375,24593.849609375,0
2026-08-10 11:03:00+05:30,24594.94921875,24600.69921875,24593.44921875,24596.69921875,0
2026-08-10 11:04:00+05:30,24597.30078125,24601.05078125,24594.69921875,24600.75,0
2026-08-10 11:05:00+05:30,24600.19921875,24602.05078125,24596.69921875,24597.44921875,0
2026-08-10 11:06:00+05:30,24596.19921875,24598.75,24594.0,24597.75,0
2026-08-10 11:07:00+05:30,24597.849609375,24598.150390625,24593.849609375,24594.75,0
2026-08-10 11:08:00+05:30,24594.75,24595.25,24589.349609375,24593.94921875,0
2026-08-10 11:09:00+05:30,24594.0,24596.099609375,24589.849609375,24591.30078125,0
2026-08-10 11:10:00+05:30,24591.94921875,24594.44921875,24586.19921875,24590.599609375,0
2026-08-10 11:11:00+05:30,24591.099609375,24599.25,24589.75,24596.0,0
2026-08-10 11:12:00+05:30,24596.80078125,24597.30078125,24590.400390625,24591.900390625,0
2026-08-10 11:13:00+05:30,24594.150390625,24599.80078125,24593.650390625,24596.80078125,0
2026-08-10 11:14:00+05:30,24596.5,24602.69921875,24594.75,24602.349609375,0
2026-08-10 11:15:00+05:30,24602.900390625,24603.599609375,24598.19921875,24600.55078125,0
2026-08-10 11:16:00+05:30,24601.5,24602.900390625,24597.150390625,24598.349609375,0
2026-08-10 11:17:00+05:30,24598.55078125,24600.599609375,24592.650390625,24597.650390625,0
2026-08-10 11:18:00+05:30,24598.44921875,24599.900390625,24595.30078125,24596.30078125,0
2026-08-10 11:19:00+05:30,24596.650390625,24604.150390625,24594.400390625,24601.599609375,0
2026-08-10 11:20:00+05:30,24602.5,24607.69921875,24601.150390625,24604.150390625,0
2026-08-10 11:21:00+05:30,24604.099609375,24606.05078125,24598.30078125,24598.30078125,0
2026-08-10 11:22:00+05:30,24599.05078125,24603.80078125,24597.150390625,24602.0,0
2026-08-10 11:23:00+05:30,24602.349609375,24603.099609375,24599.0,24599.94921875,0
2026-08-10 11:24:00+05:30,24601.44921875,24605.150390625,24599.599609375,24601.150390625,0
2026-08-10 11:25:00+05:30,24601.25,24604.75,24600.19921875,24602.599609375,0
2026-08-10 11:26:00+05:30,24604.650390625,24608.5,24601.0,24602.80078125,0
2026-08-10 11:27:00+05:30,24602.55078125,24607.150390625,24600.30078125,24604.150390625,0
2026-08-10 11:28:00+05:30,24603.30078125,24610.30078125,24602.349609375,24609.30078125,0
2026-08-10 11:29:00+05:30,24608.400390625,24610.44921875,24602.349609375,24603.900390625,0
2026-08-10 11:30:00+05:30,24604.25,24604.94921875,24594.05078125,24594.05078125,0
2026-08-10 11:31:00+05:30,24594.650390625,24597.25,24589.900390625,24591.849609375,0
2026-08-10 11:32:00+05:30,24591.75,24592.55078125,24584.849609375,24586.05078125,0
2026-08-10 11:33:00+05:30,24586.5,24588.69921875,24583.150390625,24583.150390625,0
2026-08-10 11:34:00+05:30,24583.650390625,24586.05078125,24581.650390625,24585.400390625,0
2026-08-10 11:35:00+05:30,24585.849609375,24586.650390625,24581.05078125,24583.849609375,0
2026-08-10 11:36:00+05:30,24587.25,24592.19921875,24582.19921875,24590.650390625,0
2026-08-10 11:37:00+05:30,24591.900390625,24595.80078125,24586.5,24593.44921875,0
2026-08-10 11:38:00+05:30,24594.05078125,24598.650390625,24592.150390625,24596.400390625,0
2026-08-10 11:39:00+05:30,24597.400390625,24599.900390625,24594.650390625,24595.55078125,0
2026-08-10 11:40:00+05:30,24596.650390625,24600.75,24595.0,24598.19921875,0
2026-08-10 11:41:00+05:30,24598.900390625,24599.349609375,24593.94921875,24596.19921875,0
2026-08-10 11:42:00+05:30,24597.900390625,24597.900390625,24591.05078125,24593.0,0
2026-08-10 11:43:00+05:30,24594.099609375,24594.099609375,24587.900390625,24588.849609375,0
2026-08-10 11:44:00+05:30,24589.55078125,24589.55078125,24582.69921875,24583.150390625,0
2026-08-10 11:45:00+05:30,24583.5,24585.849609375,24578.099609375,24579.44921875,0
2026-08-10 11:46:00+05:30,24580.19921875,24584.05078125,24574.650390625,24584.05078125,0
2026-08-10 11:47:00+05:30,24584.80078125,24594.75,24581.80078125,24592.94921875,0
2026-08-10 11:48:00+05:30,24593.19921875,24598.0,24590.05078125,24597.150390625,0
2026-08-10 11:49:00+05:30,24598.30078125,24598.5,24590.75,24591.25,0
2026-08-10 11:50:00+05:30,24591.900390625,24596.0,24591.25,24593.599609375,0
2026-08-10 11:51:00+05:30,24593.69921875,24597.099609375,24592.400390625,24595.19921875,0
2026-08-10 11:52:00+05:30,24595.75,24599.19921875,24593.650390625,24598.900390625,0
2026-08-10 11:53:00+05:30,24599.400390625,24599.400390625,24592.900390625,24595.80078125,0
2026-08-10 11:54:00+05:30,24595.75,24597.19921875,24586.44921875,24586.44921875,0
2026-08-10 11:55:00+05:30,24587.650390625,24591.400390625,24585.849609375,24588.94921875,0
2026-08-10 11:56:00+05:30,24589.75,24597.5,24587.05078125,24592.69921875,0
2026-08-10 11:57:00+05:30,24593.099609375,24595.05078125,24584.80078125,24586.0,0
2026-08-10 11:58:00+05:30,24587.099609375,24587.599609375,24583.0,24584.55078125,0
2026-08-10 11:59:00+05:30,24585.849609375,24589.5,24584.05078125,24588.19921875,0
2026-08-10 12:00:00+05:30,24588.900390625,24589.150390625,24584.349609375,24584.80078125,0
2026-08-10 12:01:00+05:30,24586.900390625,24592.75,24584.25,24589.349609375,0
2026-08-10 12:02:00+05:30,24589.05078125,24594.400390625,24588.69921875,24592.05078125,0
2026-08-10 12:03:00+05:30,24592.80078125,24594.55078125,24590.55078125,24592.849609375,0
2026-08-10 12:04:00+05:30,24593.75,24596.25,24591.69921875,24594.19921875,0
2026-08-10 12:05:00+05:30,24595.25,24597.400390625,24591.5,24591.900390625,0
2026-08-10 12:06:00+05:30,24592.75,24595.44921875,24591.099609375,24592.650390625,0
2026-08-10 12:07:00+05:30,24593.80078125,24594.75,24588.94921875,24591.30078125,0
2026-08-10 12:08:00+05:30,24592.25,24594.30078125,24587.900390625,24590.19921875,0
2026-08-10 12:09:00+05:30,24590.75,24594.69921875,24589.05078125,24593.94921875,0
2026-08-10 12:10:00+05:30,24594.099609375,24601.099609375,24592.349609375,24599.0,0
2026-08-10 12:11:00+05:30,24599.849609375,24601.25,24592.80078125,24593.150390625,0
2026-08-10 12:12:00+05:30,24593.05078125,24601.30078125,24591.150390625,24599.599609375,0
2026-08-10 12:13:00+05:30,24599.55078125,24605.599609375,24599.099609375,24605.599609375,0
2026-08-10 12:14:00+05:30,24605.80078125,24609.900390625,24603.94921875,24606.80078125,0
2026-08-10 12:15:00+05:30,24606.599609375,24614.94921875,24604.55078125,24612.400390625,0
2026-08-10 12:16:00+05:30,24613.599609375,24618.30078125,24611.30078125,24616.75,0
2026-08-10 12:17:00+05:30,24617.400390625,24618.900390625,24614.150390625,24616.69921875,0
2026-08-10 12:18:00+05:30,24617.099609375,24618.900390625,24611.55078125,24612.599609375,0
2026-08-10 12:19:00+05:30,24613.400390625,24614.19921875,24606.44921875,24608.0,0
2026-08-10 12:20:00+05:30,24608.75,24613.94921875,24607.900390625,24608.849609375,0
2026-08-10 12:21:00+05:30,24608.599609375,24609.0,24602.650390625,24604.650390625,0
2026-08-10 12:22:00+05:30,24605.25,24611.44921875,24602.44921875,24611.400390625,0
2026-08-10 12:23:00+05:30,24612.05078125,24613.0,24605.400390625,24606.75,0
2026-08-10 12:24:00+05:30,24607.44921875,24607.5,24601.30078125,24602.0,0
2026-08-10 12:25:00+05:30,24602.80078125,24607.599609375,24602.05078125,24606.599609375,0
2026-08-10 12:26:00+05:30,24606.849609375,24608.099609375,24604.05078125,24605.05078125,0
2026-08-10 12:27:00+05:30,24605.0,24611.44921875,24603.75,24609.599609375,0
2026-08-10 12:28:00+05:30,24609.75,24614.349609375,24608.55078125,24611.55078125,0
2026-08-10 12:29:00+05:30,24612.80078125,24615.849609375,24608.30078125,24610.599609375,0
2026-08-10 12:30:00+05:30,24610.349609375,24616.900390625,24610.349609375,24614.599609375,0
2026-08-10 12:31:00+05:30,24614.55078125,24616.69921875,24611.25,24614.900390625,0
2026-08-10 12:32:00+05:30,24614.650390625,24616.25,24611.05078125,24613.19921875,0
2026-08-10 12:33:00+05:30,24612.5,24613.94921875,24608.099609375,24610.05078125,0
2026-08-10 12:34:00+05:30,24610.599609375,24612.30078125,24605.75,24609.30078125,0
2026-08-10 12:35:00+05:30,24609.400390625,24612.849609375,24607.099609375,24607.849609375,0
2026-08-10 12:36:00+05:30,24607.44921875,24608.80078125,24601.5,24603.44921875,0
2026-08-10 12:37:00+05:30,24603.5,24610.30078125,24602.05078125,24606.25,0
2026-08-10 12:38:00+05:30,24608.44921875,24614.650390625,24606.55078125,24612.05078125,0
2026-08-10 12:39:00+05:30,24612.25,24615.349609375,24609.25,24612.5,0
2026-08-10 12:40:00+05:30,24612.150390625,24614.44921875,24609.400390625,24611.19921875,0
2026-08-10 12:41:00+05:30,24610.55078125,24613.30078125,24608.849609375,24611.650390625,0
2026-08-10 12:42:00+05:30,24611.650390625,24612.650390625,24604.150390625,24608.30078125,0
2026-08-10 12:43:00+05:30,24607.55078125,24608.80078125,24602.69921875,24605.44921875,0
2026-08-10 12:44:00+05:30,24605.55078125,24606.900390625,24598.099609375,24598.25,0
2026-08-10 12:45:00+05:30,24599.400390625,24600.650390625,24595.650390625,24597.69921875,0
2026-08-10 12:46:00+05:30,24597.30078125,24599.30078125,24593.55078125,24596.44921875,0
2026-08-10 12:47:00+05:30,24596.19921875,24603.400390625,24595.75,24602.900390625,0
2026-08-10 12:48:00+05:30,24601.900390625,24603.75,24598.69921875,24599.19921875,0
2026-08-10 12:49:00+05:30,24599.0,24599.80078125,24593.44921875,24596.099609375,0
2026-08-10 12:50:00+05:30,24595.69921875,24598.849609375,24594.69921875,24598.0,0
2026-08-10 12:51:00+05:30,24597.55078125,24600.44921875,24595.44921875,24598.900390625,0
2026-08-10 12:52:00+05:30,24598.69921875,24599.349609375,24592.80078125,24594.55078125,0
2026-08-10 12:53:00+05:30,24595.0,24595.900390625,24589.05078125,24590.25,0
2026-08-10 12:54:00+05:30,24590.0,24592.19921875,24588.150390625,24591.05078125,0
2026-08-10 12:55:00+05:30,24591.849609375,24593.150390625,24585.400390625,24586.0,0
2026-08-10 12:56:00+05:30,24585.900390625,24589.349609375,24584.150390625,24586.400390625,0
2026-08-10 12:57:00+05:30,24586.400390625,24588.44921875,24583.75,24586.69921875,0
2026-08-10 12:58:00+05:30,24586.94921875,24589.099609375,24584.650390625,24587.900390625,0
2026-08-10 12:59:00+05:30,24587.650390625,24590.150390625,24586.05078125,24587.75,0
2026-08-10 13:00:00+05:30,24587.099609375,24589.0,24583.94921875,24584.099609375,0
2026-08-10 13:01:00+05:30,24584.099609375,24584.650390625,24577.900390625,24578.44921875,0
2026-08-10 13:02:00+05:30,24578.349609375,24585.75,24578.349609375,24583.69921875,0
2026-08-10 13:03:00+05:30,24583.80078125,24590.69921875,24582.25,24589.55078125,0
2026-08-10 13:04:00+05:30,24589.099609375,24592.19921875,24588.05078125,24589.94921875,0
2026-08-10 13:05:00+05:30,24589.75,24593.599609375,24589.75,24592.0,0
2026-08-10 13:06:00+05:30,24592.19921875,24596.0,24590.900390625,24591.849609375,0
2026-08-10 13:07:00+05:30,24591.30078125,24592.25,24582.80078125,24583.900390625,0
2026-08-10 13:08:00+05:30,24583.849609375,24588.25,24583.05078125,24584.0,0
2026-08-10 13:09:00+05:30,24583.94921875,24587.05078125,24577.69921875,24579.25,0
2026-08-10 13:10:00+05:30,24578.80078125,24582.400390625,24577.05078125,24577.25,0
2026-08-10 13:11:00+05:30,24577.400390625,24580.94921875,24577.25,24579.650390625,0
2026-08-10 13:12:00+05:30,24579.69921875,24583.0,24578.650390625,24580.849609375,0
2026-08-10 13:13:00+05:30,24580.5,24582.80078125,24574.150390625,24574.599609375,0
2026-08-10 13:14:00+05:30,24574.44921875,24576.05078125,24571.349609375,24573.55078125,0
2026-08-10 13:15:00+05:30,24573.099609375,24578.900390625,24573.099609375,24578.900390625,0
2026-08-10 13:16:00+05:30,24579.650390625,24587.099609375,24578.94921875,24586.099609375,0
2026-08-10 13:17:00+05:30,24585.5,24589.80078125,24584.349609375,24585.80078125,0
2026-08-10 13:18:00+05:30,24585.25,24589.5,24581.349609375,24582.099609375,0
2026-08-10 13:19:00+05:30,24581.94921875,24588.650390625,24581.94921875,24586.849609375,0
2026-08-10 13:20:00+05:30,24586.94921875,24588.349609375,24582.099609375,24583.25,0
2026-08-10 13:21:00+05:30,24583.349609375,24586.19921875,24582.5,24582.650390625,0
2026-08-10 13:22:00+05:30,24582.80078125,24585.599609375,24581.44921875,24583.75,0
2026-08-10 13:23:00+05:30,24583.94921875,24588.05078125,24582.900390625,24587.349609375,0
2026-08-10 13:24:00+05:30,24587.099609375,24588.80078125,24582.0,24585.599609375,0
2026-08-10 13:25:00+05:30,24585.44921875,24593.94921875,24585.44921875,24590.69921875,0
2026-08-10 13:26:00+05:30,24590.69921875,24594.30078125,24590.19921875,24592.099609375,0
2026-08-10 13:27:00+05:30,24591.55078125,24595.349609375,24590.75,24593.150390625,0
2026-08-10 13:28:00+05:30,24589.69921875,24594.94921875,24589.69921875,24592.80078125,0
2026-08-10 13:29:00+05:30,24592.19921875,24595.099609375,24588.849609375,24589.80078125,0
2026-08-10 13:30:00+05:30,24590.55078125,24592.80078125,24587.650390625,24591.349609375,0
2026-08-10 13:31:00+05:30,24591.349609375,24593.650390625,24589.05078125,24589.650390625,0
2026-08-10 13:32:00+05:30,24589.0,24595.19921875,24588.25,24593.150390625,0
2026-08-10 13:33:00+05:30,24592.75,24596.55078125,24591.75,24595.599609375,0
2026-08-10 13:34:00+05:30,24596.25,24600.75,24594.94921875,24598.599609375,0
2026-08-10 13:35:00+05:30,24599.0,24601.30078125,24598.19921875,24599.05078125,0
2026-08-10 13:36:00+05:30,24598.599609375,24601.44921875,24596.30078125,24600.25,0
2026-08-10 13:37:00+05:30,24599.650390625,24602.349609375,24597.849609375,24598.650390625,0
2026-08-10 13:38:00+05:30,24599.150390625,24600.80078125,24597.0,24599.599609375,0
2026-08-10 13:39:00+05:30,24598.94921875,24601.400390625,24597.900390625,24599.599609375,0
2026-08-10 13:40:00+05:30,24599.25,24601.349609375,24597.55078125,24600.69921875,0
2026-08-10 13:41:00+05:30,24600.55078125,24603.099609375,24598.150390625,24600.150390625,0
2026-08-10 13:42:00+05:30,24599.69921875,24606.650390625,24599.69921875,24604.599609375,0
2026-08-10 13:43:00+05:30,24604.55078125,24608.349609375,24601.94921875,24606.0,0
2026-08-10 13:44:00+05:30,24606.05078125,24608.5,24604.94921875,24606.349609375,0
2026-08-10 13:45:00+05:30,24606.650390625,24610.30078125,24605.80078125,24608.05078125,0
2026-08-10 13:46:00+05:30,24608.30078125,24609.19921875,24603.94921875,24604.400390625,0
2026-08-10 13:47:00+05:30,24604.75,24605.25,24596.94921875,24598.75,0
2026-08-10 13:48:00+05:30,24598.55078125,24603.75,24596.349609375,24601.650390625,0
2026-08-10 13:49:00+05:30,24601.69921875,24606.25,24601.69921875,24604.599609375,0
2026-08-10 13:50:00+05:30,24605.05078125,24606.900390625,24601.05078125,24602.30078125,0
2026-08-10 13:51:00+05:30,24602.30078125,24606.69921875,24601.400390625,24605.30078125,0
2026-08-10 13:52:00+05:30,24605.05078125,24606.400390625,24601.0,24603.650390625,0
2026-08-10 13:53:00+05:30,24603.69921875,24606.55078125,24602.900390625,24604.75,0
2026-08-10 13:54:00+05:30,24606.5,24608.94921875,24604.25,24605.400390625,0
2026-08-10 13:55:00+05:30,24605.349609375,24606.75,24599.75,24602.0,0
2026-08-10 13:56:00+05:30,24600.900390625,24603.69921875,24596.80078125,24597.55078125,0
2026-08-10 13:57:00+05:30,24597.94921875,24600.25,24593.75,24594.80078125,0
2026-08-10 13:58:00+05:30,24594.900390625,24596.55078125,24593.150390625,24594.69921875,0
2026-08-10 13:59:00+05:30,24595.25,24596.599609375,24591.099609375,24591.849609375,0
2026-08-10 14:00:00+05:30,24591.80078125,24598.05078125,24591.80078125,24596.349609375,0
2026-08-10 14:01:00+05:30,24596.150390625,24597.94921875,24589.75,24590.80078125,0
2026-08-10 14:02:00+05:30,24591.5,24593.400390625,24589.650390625,24591.150390625,0
2026-08-10 14:03:00+05:30,24590.5,24592.849609375,24582.5,24589.80078125,0
2026-08-10 14:04:00+05:30,24589.650390625,24592.30078125,24586.150390625,24590.900390625,0
2026-08-10 14:05:00+05:30,24590.599609375,24594.69921875,24590.0,24593.400390625,0
2026-08-10 14:06:00+05:30,24593.44921875,24600.05078125,24593.44921875,24597.849609375,0
2026-08-10 14:07:00+05:30,24598.349609375,24605.05078125,24598.349609375,24603.69921875,0
2026-08-10 14:08:00+05:30,24603.599609375,24605.349609375,24598.900390625,24599.849609375,0
2026-08-10 14:09:00+05:30,24599.05078125,24601.55078125,24595.75,24597.849609375,0
2026-08-10 14:10:00+05:30,24597.19921875,24598.150390625,24590.75,24595.0,0
2026-08-10 14:11:00+05:30,24595.44921875,24600.849609375,24593.05078125,24596.099609375,0
2026-08-10 14:12:00+05:30,24595.44921875,24599.849609375,24594.19921875,24595.0,0
2026-08-10 14:13:00+05:30,24595.94921875,24596.5,24591.849609375,24594.75,0
2026-08-10 14:14:00+05:30,24594.5,24596.19921875,24586.94921875,24587.55078125,0
2026-08-10 14:15:00+05:30,24587.94921875,24590.599609375,24584.80078125,24589.150390625,0
2026-08-10 14:16:00+05:30,24589.349609375,24592.25,24587.44921875,24591.30078125,0
2026-08-10 14:17:00+05:30,24591.69921875,24593.55078125,24585.599609375,24586.099609375,0
2026-08-10 14:18:00+05:30,24586.0,24589.19921875,24583.55078125,24587.25,0
2026-08-10 14:19:00+05:30,24586.25,24588.94921875,24583.150390625,24583.900390625,0
2026-08-10 14:20:00+05:30,24584.44921875,24592.44921875,24584.44921875,24589.94921875,0
2026-08-10 14:21:00+05:30,24590.0,24590.55078125,24585.80078125,24586.69921875,0
2026-08-10 14:22:00+05:30,24586.650390625,24588.75,24584.599609375,24585.80078125,0
2026-08-10 14:23:00+05:30,24586.099609375,24589.400390625,24583.69921875,24588.599609375,0
2026-08-10 14:24:00+05:30,24588.30078125,24591.05078125,24586.650390625,24587.80078125,0
2026-08-10 14:25:00+05:30,24586.80078125,24588.94921875,24585.05078125,24588.650390625,0
2026-08-10 14:26:00+05:30,24588.849609375,24593.19921875,24586.94921875,24588.599609375,0
2026-08-10 14:27:00+05:30,24588.75,24594.400390625,24587.75,24592.900390625,0
2026-08-10 14:28:00+05:30,24593.400390625,24593.900390625,24584.849609375,24586.55078125,0
2026-08-10 14:29:00+05:30,24586.75,24588.80078125,24584.150390625,24586.75,0
2026-08-10 14:30:00+05:30,24586.75,24591.0,24585.400390625,24585.75,0
2026-08-10 14:31:00+05:30,24586.650390625,24588.94921875,24583.80078125,24585.900390625,0
2026-08-10 14:32:00+05:30,24585.650390625,24586.19921875,24582.150390625,24584.25,0
2026-08-10 14:33:00+05:30,24584.150390625,24585.05078125,24578.0,24581.55078125,0
2026-08-10 14:34:00+05:30,24581.5,24584.19921875,24578.099609375,24582.44921875,0
2026-08-10 14:35:00+05:30,24582.05078125,24582.25,24574.44921875,24578.19921875,0
2026-08-10 14:36:00+05:30,24577.849609375,24578.900390625,24571.80078125,24572.349609375,0
2026-08-10 14:37:00+05:30,24572.30078125,24574.44921875,24568.099609375,24572.30078125,0
2026-08-10 14:38:00+05:30,24572.099609375,24575.94921875,24569.849609375,24574.099609375,0
2026-08-10 14:39:00+05:30,24573.94921875,24576.75,24571.0,24573.94921875,0
2026-08-10 14:40:00+05:30,24573.650390625,24578.849609375,24570.69921875,24575.599609375,0
2026-08-10 14:41:00+05:30,24576.349609375,24578.25,24572.69921875,24574.19921875,0
2026-08-10 14:42:00+05:30,24574.349609375,24575.400390625,24569.650390625,24571.80078125,0
2026-08-10 14:43:00+05:30,24571.349609375,24571.80078125,24565.69921875,24569.25,0
2026-08-10 14:44:00+05:30,24569.0,24574.349609375,24565.55078125,24572.5,0
2026-08-10 14:45:00+05:30,24572.55078125,24572.55078125,24563.55078125,24567.099609375,0
2026-08-10 14:46:00+05:30,24566.150390625,24570.75,24564.0,24568.0,0
2026-08-10 14:47:00+05:30,24566.55078125,24569.0,24561.400390625,24563.0,0
2026-08-10 14:48:00+05:30,24562.0,24564.099609375,24555.650390625,24557.599609375,0
2026-08-10 14:49:00+05:30,24556.349609375,24560.849609375,24553.69921875,24556.25,0
2026-08-10 14:50:00+05:30,24554.599609375,24557.150390625,24549.05078125,24552.400390625,0
2026-08-10 14:51:00+05:30,24549.25,24556.849609375,24549.0,24555.349609375,0
2026-08-10 14:52:00+05:30,24553.400390625,24557.19921875,24552.099609375,24556.150390625,0
2026-08-10 14:53:00+05:30,24555.599609375,24562.349609375,24553.94921875,24560.69921875,0
2026-08-10 14:54:00+05:30,24558.400390625,24560.94921875,24554.69921875,24558.94921875,0
2026-08-10 14:55:00+05:30,24556.900390625,24561.349609375,24555.30078125,24559.650390625,0
2026-08-10 14:56:00+05:30,24557.849609375,24563.150390625,24554.25,24562.25,0
2026-08-10 14:57:00+05:30,24560.099609375,24566.650390625,24559.099609375,24562.19921875,0
2026-08-10 14:58:00+05:30,24560.849609375,24566.30078125,24559.5,24562.900390625,0
2026-08-10 14:59:00+05:30,24562.69921875,24568.19921875,24560.94921875,24567.849609375,0
2026-08-10 15:00:00+05:30,24566.55078125,24567.25,24558.05078125,24560.599609375,0
2026-08-10 15:01:00+05:30,24559.94921875,24560.650390625,24548.900390625,24550.44921875,0
2026-08-10 15:02:00+05:30,24549.94921875,24565.80078125,24547.599609375,24565.80078125,0
2026-08-10 15:03:00+05:30,24564.55078125,24574.400390625,24564.150390625,24570.400390625,0
2026-08-10 15:04:00+05:30,24570.44921875,24573.150390625,24568.650390625,24572.0,0
2026-08-10 15:05:00+05:30,24572.349609375,24573.25,24566.75,24568.650390625,0
2026-08-10 15:06:00+05:30,24566.150390625,24575.30078125,24565.099609375,24572.5,0
2026-08-10 15:07:00+05:30,24569.400390625,24571.349609375,24560.44921875,24562.19921875,0
2026-08-10 15:08:00+05:30,24562.349609375,24563.650390625,24555.69921875,24557.25,0
2026-08-10 15:09:00+05:30,24554.400390625,24560.5,24553.25,24553.5,0
2026-08-10 15:10:00+05:30,24555.349609375,24556.150390625,24543.05078125,24546.19921875,0
2026-08-10 15:11:00+05:30,24543.30078125,24553.650390625,24543.30078125,24552.44921875,0
2026-08-10 15:12:00+05:30,24552.0,24556.150390625,24547.0,24555.900390625,0
2026-08-10 15:13:00+05:30,24554.5,24557.75,24550.150390625,24555.19921875,0
2026-08-10 15:14:00+05:30,24554.150390625,24567.25,24550.599609375,24560.05078125,0
2026-08-10 15:15:00+05:30,24560.150390625,24560.150390625,24560.150390625,24560.150390625,0
2026-08-10 15:16:00+05:30,24560.150390625,24560.150390625,24560.150390625,24560.150390625,0
2026-08-10 15:17:00+05:30,24560.150390625,24560.150390625,24560.150390625,24560.150390625,0
2026-08-10 15:18:00+05:30,24560.150390625,24560.150390625,24560.150390625,24560.150390625,0
2026-08-10 15:19:00+05:30,24560.150390625,24560.150390625,24560.150390625,24560.150390625,0
2026-08-10 15:20:00+05:30,24560.150390625,24560.150390625,24560.150390625,24560.150390625,0
2026-08-10 15:21:00+05:30,24560.150390625,24560.150390625,24560.150390625,24560.150390625,0
2026-08-10 15:22:00+05:30,24560.150390625,24560.150390625,24560.150390625,24560.150390625,0
2026-08-10 15:23:00+05:30,24560.150390625,24560.150390625,24560.150390625,24560.150390625,0
2026-08-10 15:24:00+05:30,24560.150390625,24560.150390625,24560.150390625,24560.150390625,0
2026-08-10 15:25:00+05:30,24560.150390625,24560.150390625,24560.150390625,24560.150390625,0
2026-08-10 15:26:00+05:30,24560.150390625,24560.150390625,24560.150390625,24560.150390625,0
2026-08-10 15:27:00+05:30,24560.150390625,24560.150390625,24560.150390625,24560.150390625,0
2026-08-10 15:28:00+05:30,24560.150390625,24560.150390625,24560.150390625,24560.150390625,0
2026-08-10 15:29:00+05:30,24560.150390625,24583.80078125,24560.150390625,24583.80078125,0
2026-08-11 09:15:00+05:30,24575.5,24575.5,24528.599609375,24537.80078125,0
2026-08-11 09:16:00+05:30,24537.099609375,24537.099609375,24512.0,24520.0,0
2026-08-11 09:17:00+05:30,24518.25,24520.650390625,24507.44921875,24513.849609375,0
2026-08-11 09:18:00+05:30,24513.900390625,24515.19921875,24507.05078125,24515.19921875,0
2026-08-11 09:19:00+05:30,24515.30078125,24516.599609375,24501.0,24504.75,0
2026-08-11 09:20:00+05:30,24503.5,24504.69921875,24495.349609375,24496.69921875,0
2026-08-11 09:21:00+05:30,24496.400390625,24506.349609375,24493.69921875,24504.05078125,0
2026-08-11 09:22:00+05:30,24503.400390625,24505.349609375,24498.599609375,24498.900390625,0
2026-08-11 09:23:00+05:30,24498.80078125,24501.94921875,24493.0,24493.25,0
2026-08-11 09:24:00+05:30,24494.099609375,24500.94921875,24493.0,24500.150390625,0
2026-08-11 09:25:00+05:30,24499.94921875,24508.30078125,24497.0,24505.25,0
2026-08-11 09:26:00+05:30,24506.0,24506.75,24491.349609375,24491.55078125,0
2026-08-11 09:27:00+05:30,24491.5,24495.5,24488.5,24493.94921875,0
2026-08-11 09:28:00+05:30,24493.900390625,24496.099609375,24489.19921875,24491.5,0
2026-08-11 09:29:00+05:30,24491.30078125,24494.05078125,24487.400390625,24487.400390625,0
2026-08-11 09:30:00+05:30,24486.900390625,24487.44921875,24479.05078125,24483.80078125,0
2026-08-11 09:31:00+05:30,24484.30078125,24493.30078125,24482.55078125,24486.900390625,0
2026-08-11 09:32:00+05:30,24486.75,24490.94921875,24484.94921875,24490.05078125,0
2026-08-11 09:33:00+05:30,24490.25,24493.0,24488.0,24493.0,0
2026-08-11 09:34:00+05:30,24492.30078125,24493.69921875,24486.94921875,24488.349609375,0
2026-08-11 09:35:00+05:30,24488.5,24497.599609375,24487.349609375,24495.400390625,0
2026-08-11 09:36:00+05:30,24494.75,24495.5,24487.900390625,24489.55078125,0
2026-08-11 09:37:00+05:30,24489.650390625,24492.150390625,24481.19921875,24481.80078125,0
2026-08-11 09:38:00+05:30,24482.19921875,24487.80078125,24480.900390625,24486.150390625,0
2026-08-11 09:39:00+05:30,24485.900390625,24488.650390625,24481.75,24481.75,0
2026-08-11 09:40:00+05:30,24482.349609375,24483.80078125,24477.650390625,24479.19921875,0
2026-08-11 09:41:00+05:30,24479.25,24482.599609375,24477.05078125,24479.44921875,0
2026-08-11 09:42:00+05:30,24479.44921875,24480.30078125,24475.19921875,24476.150390625,0
2026-08-11 09:43:00+05:30,24475.94921875,24475.94921875,24468.400390625,24470.94921875,0
2026-08-11 09:44:00+05:30,24471.5,24480.900390625,24469.5,24479.25,0
2026-08-11 09:45:00+05:30,24480.55078125,24483.650390625,24475.5,24481.30078125,0
2026-08-11 09:46:00+05:30,24480.94921875,24480.94921875,24467.650390625,24468.75,0
2026-08-11 09:47:00+05:30,24468.400390625,24471.849609375,24464.150390625,24465.599609375,0
2026-08-11 09:48:00+05:30,24465.80078125,24470.75,24465.80078125,24469.75,0
2026-08-11 09:49:00+05:30,24469.75,24476.349609375,24469.400390625,24472.150390625,0
2026-08-11 09:50:00+05:30,24471.69921875,24477.19921875,24469.900390625,24476.349609375,0
2026-08-11 09:51:00+05:30,24476.75,24477.349609375,24472.349609375,24476.44921875,0
2026-08-11 09:52:00+05:30,24476.25,24477.44921875,24470.599609375,24471.30078125,0
2026-08-11 09:53:00+05:30,24471.400390625,24473.44921875,24469.55078125,24472.05078125,0
2026-08-11 09:54:00+05:30,24472.349609375,24473.0,24464.19921875,24468.599609375,0
2026-08-11 09:55:00+05:30,24467.349609375,24471.25,24461.0,24470.05078125,0
2026-08-11 09:56:00+05:30,24469.80078125,24479.19921875,24468.44921875,24476.849609375,0
2026-08-11 09:57:00+05:30,24476.80078125,24479.0,24473.349609375,24477.349609375,0
2026-08-11 09:58:00+05:30,24477.099609375,24483.55078125,24476.55078125,24481.55078125,0
2026-08-11 09:59:00+05:30,24481.900390625,24487.55078125,24480.25,24486.849609375,0
2026-08-11 10:00:00+05:30,24486.400390625,24488.80078125,24480.94921875,24482.94921875,0
2026-08-11 10:01:00+05:30,24482.80078125,24486.25,24479.75,24484.25,0
2026-08-11 10:02:00+05:30,24483.94921875,24485.349609375,24479.30078125,24481.5,0
2026-08-11 10:03:00+05:30,24481.599609375,24491.30078125,24480.30078125,24490.05078125,0
2026-08-11 10:04:00+05:30,24489.80078125,24491.849609375,24485.55078125,24486.55078125,0
2026-08-11 10:05:00+05:30,24486.55078125,24489.25,24484.900390625,24484.900390625,0
2026-08-11 10:06:00+05:30,24485.0,24487.44921875,24476.849609375,24478.150390625,0
2026-08-11 10:07:00+05:30,24477.69921875,24480.650390625,24476.0,24476.900390625,0
2026-08-11 10:08:00+05:30,24476.849609375,24480.099609375,24475.05078125,24478.0,0
2026-08-11 10:09:00+05:30,24477.80078125,24482.650390625,24476.099609375,24479.55078125,0
2026-08-11 10:10:00+05:30,24479.75,24480.19921875,24473.900390625,24475.69921875,0
2026-08-11 10:11:00+05:30,24476.05078125,24481.30078125,24474.650390625,24481.30078125,0
2026-08-11 10:12:00+05:30,24480.25,24481.900390625,24477.94921875,24480.19921875,0
2026-08-11 10:13:00+05:30,24480.5,24481.599609375,24476.650390625,24477.650390625,0
2026-08-11 10:14:00+05:30,24477.400390625,24477.900390625,24472.599609375,24473.0,0
2026-08-11 10:15:00+05:30,24473.5,24474.75,24469.05078125,24472.55078125,0
2026-08-11 10:16:00+05:30,24472.44921875,24477.30078125,24470.150390625,24476.94921875,0
2026-08-11 10:17:00+05:30,24477.150390625,24481.05078125,24475.44921875,24476.69921875,0
2026-08-11 10:18:00+05:30,24476.55078125,24477.650390625,24472.69921875,24474.80078125,0
2026-08-11 10:19:00+05:30,24474.94921875,24475.0,24467.349609375,24467.599609375,0
2026-08-11 10:20:00+05:30,24467.650390625,24469.05078125,24463.599609375,24465.849609375,0
2026-08-11 10:21:00+05:30,24465.849609375,24469.5,24464.849609375,24468.05078125,0
2026-08-11 10:22:00+05:30,24467.5,24475.150390625,24465.349609375,24473.650390625,0
2026-08-11 10:23:00+05:30,24473.5,24474.30078125,24469.150390625,24472.75,0
2026-08-11 10:24:00+05:30,24473.05078125,24473.5,24468.349609375,24470.30078125,0
2026-08-11 10:25:00+05:30,24470.150390625,24473.75,24467.900390625,24469.900390625,0
2026-08-11 10:26:00+05:30,24470.150390625,24472.5,24468.150390625,24471.599609375,0
2026-08-11 10:27:00+05:30,24470.94921875,24474.099609375,24468.599609375,24473.19921875,0
2026-08-11 10:28:00+05:30,24473.30078125,24484.80078125,24472.30078125,24482.55078125,0
2026-08-11 10:29:00+05:30,24482.0,24483.69921875,24476.75,24479.0,0
2026-08-11 10:30:00+05:30,24479.150390625,24479.94921875,24474.150390625,24475.400390625,0
2026-08-11 10:31:00+05:30,24475.650390625,24480.900390625,24474.349609375,24479.900390625,0
2026-08-11 10:32:00+05:30,24479.849609375,24485.0,24478.25,24482.44921875,0
2026-08-11 10:33:00+05:30,24482.55078125,24484.0,24479.05078125,24480.94921875,0
2026-08-11 10:34:00+05:30,24480.69921875,24483.650390625,24478.80078125,24480.69921875,0
2026-08-11 10:35:00+05:30,24480.80078125,24482.5,24473.80078125,24474.30078125,0
2026-08-11 10:36:00+05:30,24474.30078125,24479.05078125,24472.349609375,24476.30078125,0
2026-08-11 10:37:00+05:30,24475.80078125,24484.30078125,24474.400390625,24482.599609375,0
2026-08-11 10:38:00+05:30,24482.25,24482.349609375,24478.94921875,24481.44921875,0
2026-08-11 10:39:00+05:30,24481.099609375,24481.349609375,24476.849609375,24478.94921875,0
2026-08-11 10:40:00+05:30,24479.400390625,24480.5,24472.94921875,24475.30078125,0
2026-08-11 10:41:00+05:30,24475.150390625,24480.55078125,24474.30078125,24479.099609375,0
2026-08-11 10:42:00+05:30,24479.55078125,24480.599609375,24477.55078125,24478.900390625,0
2026-08-11 10:43:00+05:30,24478.650390625,24481.25,24476.55078125,24476.900390625,0
2026-08-11 10:44:00+05:30,24477.0,24477.650390625,24471.5,24474.75,0
2026-08-11 10:45:00+05:30,24474.400390625,24474.849609375,24470.349609375,24471.30078125,0
2026-08-11 10:46:00+05:30,24470.69921875,24471.69921875,24467.5,24468.25,0
2026-08-11 10:47:00+05:30,24467.75,24469.400390625,24466.599609375,24469.400390625,0
2026-08-11 10:48:00+05:30,24469.19921875,24469.25,24465.69921875,24466.44921875,0
2026-08-11 10:49:00+05:30,24466.599609375,24469.900390625,24464.849609375,24468.400390625,0
2026-08-11 10:50:00+05:30,24468.650390625,24476.0,24468.349609375,24474.0,0
2026-08-11 10:51:00+05:30,24474.150390625,24477.599609375,24473.650390625,24476.849609375,0
2026-08-11 10:52:00+05:30,24476.44921875,24477.44921875,24472.25,24475.400390625,0
2026-08-11 10:53:00+05:30,24475.349609375,24481.0,24473.150390625,24479.25,0
2026-08-11 10:54:00+05:30,24479.099609375,24479.150390625,24473.0,24476.69921875,0
2026-08-11 10:55:00+05:30,24476.900390625,24479.30078125,24473.400390625,24474.05078125,0
2026-08-11 10:56:00+05:30,24473.900390625,24476.75,24471.849609375,24474.69921875,0
2026-08-11 10:57:00+05:30,24474.400390625,24476.650390625,24471.80078125,24476.0,0
2026-08-11 10:58:00+05:30,24475.099609375,24478.55078125,24471.75,24474.80078125,0
2026-08-11 10:59:00+05:30,24474.80078125,24476.0,24469.0,24469.0,0
2026-08-11 11:00:00+05:30,24469.55078125,24471.25,24463.30078125,24468.94921875,0
2026-08-11 11:01:00+05:30,24469.900390625,24471.099609375,24462.94921875,24464.900390625,0
2026-08-11 11:02:00+05:30,24464.05078125,24464.75,24455.44921875,24456.650390625,0
2026-08-11 11:03:00+05:30,24456.80078125,24459.44921875,24454.150390625,24454.650390625,0
2026-08-11 11:04:00+05:30,24454.5,24454.75,24449.69921875,24452.0,0
2026-08-11 11:05:00+05:30,24452.0,24456.0,24450.599609375,24454.69921875,0
2026-08-11 11:06:00+05:30,24454.80078125,24458.94921875,24454.19921875,24455.349609375,0
2026-08-11 11:07:00+05:30,24455.19921875,24457.05078125,24454.099609375,24455.05078125,0
2026-08-11 11:08:00+05:30,24454.349609375,24454.900390625,24451.0,24451.599609375,0
2026-08-11 11:09:00+05:30,24451.25,24452.30078125,24445.099609375,24445.650390625,0
2026-08-11 11:10:00+05:30,24445.69921875,24446.30078125,24440.400390625,24444.650390625,0
2026-08-11 11:11:00+05:30,24444.599609375,24448.400390625,24444.05078125,24446.099609375,0
2026-08-11 11:12:00+05:30,24445.69921875,24446.849609375,24443.80078125,24444.69921875,0
2026-08-11 11:13:00+05:30,24445.0,24448.099609375,24443.0,24446.900390625,0
2026-08-11 11:14:00+05:30,24447.0,24451.650390625,24445.94921875,24451.25,0
2026-08-11 11:15:00+05:30,24450.94921875,24450.94921875,24447.44921875,24449.30078125,0
2026-08-11 11:16:00+05:30,24449.25,24455.69921875,24448.80078125,24454.30078125,0
2026-08-11 11:17:00+05:30,24454.0,24454.55078125,24447.849609375,24449.599609375,0
2026-08-11 11:18:00+05:30,24449.150390625,24449.30078125,24444.150390625,24448.44921875,0
2026-08-11 11:19:00+05:30,24448.599609375,24452.69921875,24445.94921875,24449.19921875,0
2026-08-11 11:20:00+05:30,24449.55078125,24449.55078125,24445.55078125,24447.94921875,0
2026-08-11 11:21:00+05:30,24448.25,24448.69921875,24445.349609375,24447.0,0
2026-08-11 11:22:00+05:30,24446.94921875,24448.900390625,24445.94921875,24447.44921875,0
2026-08-11 11:23:00+05:30,24447.849609375,24448.19921875,24443.599609375,24445.30078125,0
2026-08-11 11:24:00+05:30,24445.599609375,24447.55078125,24444.0,24445.650390625,0
2026-08-11 11:25:00+05:30,24445.650390625,24445.69921875,24441.19921875,24443.150390625,0
2026-08-11 11:26:00+05:30,24443.25,24443.25,24438.599609375,24439.650390625,0
2026-08-11 11:27:00+05:30,24440.25,24443.900390625,24437.55078125,24443.44921875,0
2026-08-11 11:28:00+05:30,24443.150390625,24446.25,24441.599609375,24445.69921875,0
2026-08-11 11:29:00+05:30,24445.55078125,24447.099609375,24442.5,24442.599609375,0
2026-08-11 11:30:00+05:30,24442.80078125,24443.94921875,24440.0,24442.150390625,0
2026-08-11 11:31:00+05:30,24442.349609375,24444.349609375,24439.599609375,24440.05078125,0
2026-08-11 11:32:00+05:30,24440.099609375,24440.44921875,24437.150390625,24438.150390625,0
2026-08-11 11:33:00+05:30,24438.599609375,24441.19921875,24436.94921875,24439.75,0
2026-08-11 11:34:00+05:30,24439.55078125,24445.44921875,24439.55078125,24442.599609375,0
2026-08-11 11:35:00+05:30,24442.650390625,24444.849609375,24440.25,24440.349609375,0
2026-08-11 11:36:00+05:30,24440.80078125,24443.44921875,24439.400390625,24441.150390625,0
2026-08-11 11:37:00+05:30,24441.150390625,24447.80078125,24440.099609375,24446.80078125,0
2026-08-11 11:38:00+05:30,24446.80078125,24450.150390625,24445.44921875,24447.44921875,0
2026-08-11 11:39:00+05:30,24447.44921875,24448.80078125,24444.94921875,24447.650390625,0
2026-08-11 11:40:00+05:30,24447.5,24451.55078125,24446.349609375,24448.650390625,0
2026-08-11 11:41:00+05:30,24448.19921875,24451.5,24445.400390625,24450.69921875,0
2026-08-11 11:42:00+05:30,24450.55078125,24452.30078125,24447.94921875,24450.599609375,0
2026-08-11 11:43:00+05:30,24450.69921875,24452.0,24448.55078125,24450.75,0
2026-08-11 11:44:00+05:30,24450.599609375,24451.150390625,24447.30078125,24448.599609375,0
2026-08-11 11:45:00+05:30,24448.75,24450.55078125,24446.44921875,24448.400390625,0
2026-08-11 11:46:00+05:30,24448.849609375,24450.94921875,24447.75,24450.44921875,0
2026-08-11 11:47:00+05:30,24450.150390625,24452.94921875,24449.30078125,24451.150390625,0
2026-08-11 11:48:00+05:30,24451.30078125,24455.349609375,24450.400390625,24453.94921875,0
2026-08-11 11:49:00+05:30,24453.80078125,24456.44921875,24450.400390625,24453.400390625,0
2026-08-11 11:50:00+05:30,24453.650390625,24455.900390625,24450.849609375,24452.400390625,0
2026-08-11 11:51:00+05:30,24452.599609375,24453.0,24448.19921875,24448.44921875,0
2026-08-11 11:52:00+05:30,24448.650390625,24449.25,24446.849609375,24447.599609375,0
2026-08-11 11:53:00+05:30,24447.19921875,24449.19921875,24444.0,24444.75,0
2026-08-11 11:54:00+05:30,24445.0,24445.400390625,24440.900390625,24442.19921875,0
2026-08-11 11:55:00+05:30,24441.900390625,24442.94921875,24435.900390625,24438.650390625,0
2026-08-11 11:56:00+05:30,24438.349609375,24439.80078125,24436.55078125,24438.5,0
2026-08-11 11:57:00+05:30,24438.849609375,24438.849609375,24435.650390625,24437.400390625,0
2026-08-11 11:58:00+05:30,24436.900390625,24442.44921875,24436.900390625,24440.75,0
2026-08-11 11:59:00+05:30,24441.099609375,24445.150390625,24440.25,24444.05078125,0
2026-08-11 12:00:00+05:30,24444.099609375,24446.0,24436.900390625,24437.30078125,0
2026-08-11 12:01:00+05:30,24437.25,24438.150390625,24434.900390625,24436.80078125,0
2026-08-11 12:02:00+05:30,24436.80078125,24437.75,24433.94921875,24434.5,0
2026-08-11 12:03:00+05:30,24434.75,24434.849609375,24430.5,24430.5,0
2026-08-11 12:04:00+05:30,24430.400390625,24432.55078125,24429.599609375,24431.05078125,0
2026-08-11 12:05:00+05:30,24431.099609375,24433.150390625,24429.25,24432.44921875,0
2026-08-11 12:06:00+05:30,24431.900390625,24433.0,24429.849609375,24431.849609375,0
2026-08-11 12:07:00+05:30,24434.0,24438.25,24432.80078125,24436.599609375,0
2026-08-11 12:08:00+05:30,24436.0,24437.19921875,24433.19921875,24435.5,0
2026-08-11 12:09:00+05:30,24435.599609375,24437.55078125,24434.099609375,24434.650390625,0
2026-08-11 12:10:00+05:30,24434.25,24441.25,24434.25,24440.69921875,0
2026-08-11 12:11:00+05:30,24440.150390625,24449.0,24440.150390625,24448.150390625,0
2026-08-11 12:12:00+05:30,24447.849609375,24450.75,24446.19921875,24450.150390625,0
2026-08-11 12:13:00+05:30,24449.05078125,24450.5,24448.44921875,24448.44921875,0
2026-08-11 12:14:00+05:30,24448.349609375,24449.0,24443.400390625,24444.650390625,0
2026-08-11 12:15:00+05:30,24444.0,24449.0,24443.80078125,24447.400390625,0
2026-08-11 12:16:00+05:30,24447.69921875,24448.80078125,24441.150390625,24442.19921875,0
2026-08-11 12:17:00+05:30,24442.05078125,24443.30078125,24438.30078125,24439.0,0
2026-08-11 12:18:00+05:30,24439.400390625,24439.400390625,24435.30078125,24436.69921875,0
2026-08-11 12:19:00+05:30,24436.30078125,24441.05078125,24434.349609375,24439.30078125,0
2026-08-11 12:20:00+05:30,24439.099609375,24442.900390625,24437.30078125,24442.150390625,0
2026-08-11 12:21:00+05:30,24442.19921875,24442.69921875,24438.650390625,24439.19921875,0
2026-08-11 12:22:00+05:30,24439.900390625,24440.599609375,24436.75,24438.25,0
2026-08-11 12:23:00+05:30,24438.650390625,24442.55078125,24437.5,24441.05078125,0
2026-08-11 12:24:00+05:30,24441.55078125,24446.5,24431.25,24431.849609375,0
2026-08-11 12:25:00+05:30,24431.94921875,24436.75,24430.349609375,24436.0,0
2026-08-11 12:26:00+05:30,24435.94921875,24441.900390625,24435.150390625,24437.05078125,0
2026-08-11 12:27:00+05:30,24437.0,24440.400390625,24435.75,24437.75,0
2026-08-11 12:28:00+05:30,24437.599609375,24440.75,24436.349609375,24439.150390625,0
2026-08-11 12:29:00+05:30,24438.900390625,24441.19921875,24437.94921875,24439.650390625,0
2026-08-11 12:30:00+05:30,24439.349609375,24440.44921875,24437.349609375,24439.400390625,0
2026-08-11 12:31:00+05:30,24439.30078125,24441.0,24438.150390625,24440.69921875,0
2026-08-11 12:32:00+05:30,24440.55078125,24442.94921875,24439.25,24441.75,0
2026-08-11 12:33:00+05:30,24441.599609375,24443.599609375,24439.75,24442.75,0
2026-08-11 12:34:00+05:30,24442.650390625,24446.25,24441.099609375,24444.25,0
2026-08-11 12:35:00+05:30,24444.25,24444.849609375,24441.150390625,24441.400390625,0
2026-08-11 12:36:00+05:30,24441.599609375,24445.099609375,24440.69921875,24442.150390625,0
2026-08-11 12:37:00+05:30,24442.25,24445.400390625,24441.75,24443.5,0
2026-08-11 12:38:00+05:30,24443.55078125,24444.55078125,24440.599609375,24441.69921875,0
2026-08-11 12:39:00+05:30,24441.05078125,24442.349609375,24439.44921875,24439.849609375,0
2026-08-11 12:40:00+05:30,24440.25,24443.5,24439.349609375,24442.69921875,0
2026-08-11 12:41:00+05:30,24442.650390625,24443.30078125,24438.75,24440.55078125,0
2026-08-11 12:42:00+05:30,24440.900390625,24449.650390625,24433.5,24448.849609375,0
2026-08-11 12:43:00+05:30,24448.19921875,24451.900390625,24447.099609375,24448.900390625,0
2026-08-11 12:44:00+05:30,24448.69921875,24452.400390625,24447.80078125,24451.19921875,0
2026-08-11 12:45:00+05:30,24451.94921875,24452.25,24448.80078125,24451.400390625,0
2026-08-11 12:46:00+05:30,24451.099609375,24455.849609375,24450.69921875,24454.55078125,0
2026-08-11 12:47:00+05:30,24454.599609375,24461.0,24453.650390625,24460.150390625,0
2026-08-11 12:48:00+05:30,24460.099609375,24460.150390625,24455.25,24457.150390625,0
2026-08-11 12:49:00+05:30,24457.25,24461.75,24456.599609375,24458.400390625,0
2026-08-11 12:50:00+05:30,24458.55078125,24460.05078125,24456.5,24457.80078125,0
2026-08-11 12:51:00+05:30,24457.5,24458.900390625,24452.19921875,24452.599609375,0
2026-08-11 12:52:00+05:30,24452.400390625,24454.900390625,24449.94921875,24451.650390625,0
2026-08-11 12:53:00+05:30,24451.349609375,24452.900390625,24448.55078125,24448.55078125,0
2026-08-11 12:54:00+05:30,24448.349609375,24450.0,24446.80078125,24448.650390625,0
2026-08-11 12:55:00+05:30,24448.900390625,24450.55078125,24447.69921875,24448.849609375,0
2026-08-11 12:56:00+05:30,24448.849609375,24450.150390625,24445.80078125,24446.30078125,0
2026-08-11 12:57:00+05:30,24446.44921875,24447.349609375,24442.25,24443.0,0
2026-08-11 12:58:00+05:30,24442.55078125,24442.599609375,24439.55078125,24440.80078125,0
2026-08-11 12:59:00+05:30,24440.80078125,24442.44921875,24440.0,24440.5,0
2026-08-11 13:00:00+05:30,24440.650390625,24445.150390625,24440.19921875,24444.75,0
2026-08-11 13:01:00+05:30,24444.849609375,24444.849609375,24438.900390625,24444.80078125,0
2026-08-11 13:02:00+05:30,24445.25,24452.94921875,24444.30078125,24451.400390625,0
2026-08-11 13:03:00+05:30,24451.099609375,24454.599609375,24449.099609375,24454.25,0
2026-08-11 13:04:00+05:30,24454.05078125,24456.80078125,24451.900390625,24456.69921875,0
2026-08-11 13:05:00+05:30,24456.44921875,24462.55078125,24449.80078125,24462.55078125,0
2026-08-11 13:06:00+05:30,24462.44921875,24466.650390625,24458.30078125,24459.55078125,0
2026-08-11 13:07:00+05:30,24459.30078125,24461.30078125,24458.349609375,24460.69921875,0
2026-08-11 13:08:00+05:30,24460.55078125,24461.75,24459.599609375,24460.55078125,0
2026-08-11 13:09:00+05:30,24460.650390625,24464.849609375,24459.94921875,24462.0,0
2026-08-11 13:10:00+05:30,24461.900390625,24464.349609375,24459.099609375,24459.80078125,0
2026-08-11 13:11:00+05:30,24459.55078125,24459.75,24451.80078125,24454.150390625,0
2026-08-11 13:12:00+05:30,24453.599609375,24454.599609375,24451.099609375,24452.650390625,0
2026-08-11 13:13:00+05:30,24452.599609375,24454.25,24451.099609375,24452.900390625,0
2026-08-11 13:14:00+05:30,24452.5,24457.5,24452.099609375,24453.150390625,0
2026-08-11 13:15:00+05:30,24453.349609375,24453.80078125,24448.099609375,24448.849609375,0
2026-08-11 13:16:00+05:30,24449.349609375,24449.650390625,24443.150390625,24445.75,0
2026-08-11 13:17:00+05:30,24445.650390625,24449.099609375,24442.150390625,24449.0,0
2026-08-11 13:18:00+05:30,24448.80078125,24453.25,24447.75,24449.900390625,0
2026-08-11 13:19:00+05:30,24449.94921875,24452.69921875,24448.19921875,24450.0,0
2026-08-11 13:20:00+05:30,24450.099609375,24451.150390625,24447.0,24448.400390625,0
2026-08-11 13:21:00+05:30,24448.80078125,24450.05078125,24447.44921875,24447.44921875,0
2026-08-11 13:22:00+05:30,24447.349609375,24450.900390625,24446.900390625,24447.25,0
2026-08-11 13:23:00+05:30,24447.099609375,24448.19921875,24441.80078125,24443.150390625,0
2026-08-11 13:24:00+05:30,24444.0,24453.25,24441.900390625,24452.0,0
2026-08-11 13:25:00+05:30,24452.150390625,24457.099609375,24451.150390625,24456.55078125,0
2026-08-11 13:26:00+05:30,24456.55078125,24466.55078125,24455.44921875,24465.900390625,0
2026-08-11 13:27:00+05:30,24466.349609375,24474.900390625,24463.94921875,24474.599609375,0
2026-08-11 13:28:00+05:30,24474.30078125,24474.30078125,24454.75,24455.75,0
2026-08-11 13:29:00+05:30,24455.900390625,24456.94921875,24451.44921875,24455.05078125,0
2026-08-11 13:30:00+05:30,24454.94921875,24458.349609375,24454.849609375,24456.30078125,0
2026-08-11 13:31:00+05:30,24455.849609375,24463.75,24455.849609375,24458.30078125,0
2026-08-11 13:32:00+05:30,24457.55078125,24464.0,24457.400390625,24463.94921875,0
2026-08-11 13:33:00+05:30,24463.80078125,24470.30078125,24462.099609375,24469.25,0
2026-08-11 13:34:00+05:30,24469.400390625,24471.44921875,24465.69921875,24469.44921875,0
2026-08-11 13:35:00+05:30,24468.80078125,24468.80078125,24463.69921875,24464.0,0
2026-08-11 13:36:00+05:30,24464.099609375,24464.80078125,24459.0,24461.75,0
2026-08-11 13:37:00+05:30,24462.30078125,24463.150390625,24458.5,24459.55078125,0
2026-08-11 13:38:00+05:30,24459.650390625,24460.55078125,24451.599609375,24452.349609375,0
2026-08-11 13:39:00+05:30,24452.150390625,24455.0,24451.25,24454.5,0
2026-08-11 13:40:00+05:30,24454.55078125,24462.30078125,24454.400390625,24460.75,0
2026-08-11 13:41:00+05:30,24460.150390625,24465.55078125,24457.900390625,24457.900390625,0
2026-08-11 13:42:00+05:30,24458.349609375,24459.30078125,24454.349609375,24456.0,0
2026-08-11 13:43:00+05:30,24455.900390625,24467.44921875,24455.900390625,24465.099609375,0
2026-08-11 13:44:00+05:30,24464.400390625,24465.30078125,24457.94921875,24460.55078125,0
2026-08-11 13:45:00+05:30,24460.650390625,24464.849609375,24460.5,24463.25,0
2026-08-11 13:46:00+05:30,24463.30078125,24465.05078125,24461.099609375,24464.349609375,0
2026-08-11 13:47:00+05:30,24464.349609375,24468.80078125,24463.400390625,24464.650390625,0
2026-08-11 13:48:00+05:30,24464.30078125,24469.099609375,24463.650390625,24465.30078125,0
2026-08-11 13:49:00+05:30,24465.30078125,24465.44921875,24457.150390625,24458.5,0
2026-08-11 13:50:00+05:30,24457.44921875,24462.5,24456.599609375,24461.150390625,0
2026-08-11 13:51:00+05:30,24461.099609375,24461.849609375,24458.0,24459.849609375,0
2026-08-11 13:52:00+05:30,24460.099609375,24461.75,24452.599609375,24455.849609375,0
2026-08-11 13:53:00+05:30,24455.94921875,24456.099609375,24450.19921875,24452.900390625,0
2026-08-11 13:54:00+05:30,24453.0,24456.80078125,24451.80078125,24453.80078125,0
2026-08-11 13:55:00+05:30,24453.5,24453.80078125,24447.80078125,24452.150390625,0
2026-08-11 13:56:00+05:30,24452.19921875,24453.900390625,24449.30078125,24450.150390625,0
2026-08-11 13:57:00+05:30,24450.5,24450.94921875,24445.80078125,24448.80078125,0
2026-08-11 13:58:00+05:30,24449.5,24452.0,24448.30078125,24449.94921875,0
2026-08-11 13:59:00+05:30,24449.75,24452.349609375,24447.349609375,24450.150390625,0
2026-08-11 14:00:00+05:30,24451.0,24455.30078125,24450.099609375,24454.05078125,0
2026-08-11 14:01:00+05:30,24453.69921875,24455.05078125,24449.650390625,24450.55078125,0
2026-08-11 14:02:00+05:30,24450.05078125,24452.30078125,24445.80078125,24448.0,0
2026-08-11 14:03:00+05:30,24447.849609375,24454.400390625,24446.94921875,24452.599609375,0
2026-08-11 14:04:00+05:30,24452.55078125,24453.0,24447.75,24450.849609375,0
2026-08-11 14:05:00+05:30,24450.94921875,24452.19921875,24445.94921875,24447.44921875,0
2026-08-11 14:06:00+05:30,24446.849609375,24448.25,24441.099609375,24445.0,0
2026-08-11 14:07:00+05:30,24445.150390625,24455.349609375,24445.150390625,24453.849609375,0
2026-08-11 14:08:00+05:30,24453.849609375,24460.849609375,24452.650390625,24459.400390625,0
2026-08-11 14:09:00+05:30,24459.349609375,24466.150390625,24458.900390625,24460.94921875,0
2026-08-11 14:10:00+05:30,24463.94921875,24463.94921875,24453.05078125,24456.900390625,0
2026-08-11 14:11:00+05:30,24456.5,24462.55078125,24456.349609375,24460.19921875,0
2026-08-11 14:12:00+05:30,24460.099609375,24462.94921875,24458.94921875,24460.75,0
2026-08-11 14:13:00+05:30,24460.849609375,24465.599609375,24459.19921875,24464.599609375,0
2026-08-11 14:14:00+05:30,24464.69921875,24466.05078125,24462.099609375,24462.55078125,0
2026-08-11 14:15:00+05:30,24464.19921875,24464.30078125,24455.69921875,24456.349609375,0
2026-08-11 14:16:00+05:30,24457.25,24465.400390625,24456.80078125,24463.150390625,0
2026-08-11 14:17:00+05:30,24463.400390625,24470.0,24462.849609375,24469.5,0
2026-08-11 14:18:00+05:30,24469.150390625,24469.150390625,24463.19921875,24463.44921875,0
2026-08-11 14:19:00+05:30,24463.19921875,24465.55078125,24452.349609375,24454.05078125,0
2026-08-11 14:20:00+05:30,24453.75,24456.599609375,24451.75,24454.900390625,0
2026-08-11 14:21:00+05:30,24454.900390625,24459.0,24452.44921875,24456.099609375,0
2026-08-11 14:22:00+05:30,24455.55078125,24457.80078125,24451.349609375,24451.69921875,0
2026-08-11 14:23:00+05:30,24451.349609375,24457.099609375,24449.94921875,24456.55078125,0
2026-08-11 14:24:00+05:30,24455.650390625,24462.05078125,24452.55078125,24458.099609375,0
2026-08-11 14:25:00+05:30,24459.5,24459.5,24452.94921875,24454.05078125,0
2026-08-11 14:26:00+05:30,24453.599609375,24458.25,24451.599609375,24457.55078125,0
2026-08-11 14:27:00+05:30,24457.75,24465.849609375,24456.80078125,24457.05078125,0
2026-08-11 14:28:00+05:30,24456.44921875,24456.44921875,24448.849609375,24451.349609375,0
2026-08-11 14:29:00+05:30,24451.0,24452.900390625,24447.30078125,24449.150390625,0
2026-08-11 14:30:00+05:30,24450.150390625,24455.650390625,24448.5,24453.05078125,0
2026-08-11 14:31:00+05:30,24452.349609375,24454.94921875,24443.599609375,24447.599609375,0
2026-08-11 14:32:00+05:30,24446.19921875,24449.80078125,24443.099609375,24443.69921875,0
2026-08-11 14:33:00+05:30,24443.900390625,24447.94921875,24442.150390625,24444.55078125,0
2026-08-11 14:34:00+05:30,24444.5,24447.150390625,24442.5,24443.25,0
2026-08-11 14:35:00+05:30,24445.80078125,24447.19921875,24443.19921875,24444.05078125,0
2026-08-11 14:36:00+05:30,24443.900390625,24445.400390625,24442.400390625,24443.25,0
2026-08-11 14:37:00+05:30,24443.599609375,24445.30078125,24441.05078125,24443.55078125,0
2026-08-11 14:38:00+05:30,24443.099609375,24451.349609375,24440.900390625,24450.400390625,0
2026-08-11 14:39:00+05:30,24450.599609375,24452.30078125,24435.05078125,24437.75,0
2026-08-11 14:40:00+05:30,24441.599609375,24444.55078125,24439.5,24441.900390625,0
2026-08-11 14:41:00+05:30,24441.25,24447.099609375,24439.55078125,24444.650390625,0
2026-08-11 14:42:00+05:30,24445.150390625,24447.75,24444.30078125,24445.30078125,0
2026-08-11 14:43:00+05:30,24445.94921875,24449.30078125,24444.650390625,24447.30078125,0
2026-08-11 14:44:00+05:30,24447.75,24450.099609375,24446.69921875,24448.05078125,0
2026-08-11 14:45:00+05:30,24450.30078125,24453.0,24448.0,24450.599609375,0
2026-08-11 14:46:00+05:30,24450.599609375,24452.150390625,24448.69921875,24451.19921875,0
2026-08-11 14:47:00+05:30,24451.099609375,24454.94921875,24448.849609375,24451.55078125,0
2026-08-11 14:48:00+05:30,24452.400390625,24454.349609375,24448.75,24452.349609375,0
2026-08-11 14:49:00+05:30,24452.75,24455.44921875,24451.30078125,24453.349609375,0
2026-08-11 14:50:00+05:30,24456.099609375,24457.599609375,24451.75,24454.349609375,0
2026-08-11 14:51:00+05:30,24456.25,24456.94921875,24452.349609375,24455.150390625,0
2026-08-11 14:52:00+05:30,24455.5,24456.599609375,24451.80078125,24452.599609375,0
2026-08-11 14:53:00+05:30,24453.05078125,24460.150390625,24452.55078125,24454.349609375,0
2026-08-11 14:54:00+05:30,24455.25,24459.05078125,24454.5,24456.69921875,0
2026-08-11 14:55:00+05:30,24459.80078125,24460.05078125,24455.849609375,24458.599609375,0
2026-08-11 14:56:00+05:30,24458.44921875,24463.44921875,24456.599609375,24459.349609375,0
2026-08-11 14:57:00+05:30,24460.05078125,24464.55078125,24457.55078125,24464.0,0
2026-08-11 14:58:00+05:30,24464.5,24469.19921875,24463.099609375,24465.099609375,0
2026-08-11 14:59:00+05:30,24465.599609375,24466.94921875,24458.150390625,24464.19921875,0
2026-08-11 15:00:00+05:30,24465.30078125,24471.94921875,24463.25,24471.650390625,0
2026-08-11 15:01:00+05:30,24471.900390625,24472.099609375,24458.650390625,24460.69921875,0
2026-08-11 15:02:00+05:30,24461.5,24466.349609375,24459.349609375,24463.5,0
2026-08-11 15:03:00+05:30,24463.75,24464.94921875,24457.44921875,24459.55078125,0
2026-08-11 15:04:00+05:30,24459.400390625,24472.69921875,24457.30078125,24472.19921875,0
2026-08-11 15:05:00+05:30,24473.75,24476.44921875,24452.75,24453.650390625,0
2026-08-11 15:06:00+05:30,24453.55078125,24459.69921875,24453.55078125,24458.349609375,0
2026-08-11 15:07:00+05:30,24458.75,24464.44921875,24456.099609375,24458.69921875,0
2026-08-11 15:08:00+05:30,24458.05078125,24460.25,24452.349609375,24457.849609375,0
2026-08-11 15:09:00+05:30,24459.25,24459.80078125,24452.30078125,24454.599609375,0
2026-08-11 15:10:00+05:30,24454.349609375,24456.30078125,24446.44921875,24447.55078125,0
2026-08-11 15:11:00+05:30,24446.55078125,24451.55078125,24444.05078125,24448.55078125,0
2026-08-11 15:12:00+05:30,24447.94921875,24451.150390625,24442.650390625,24447.44921875,0
2026-08-11 15:13:00+05:30,24448.19921875,24457.849609375,24448.05078125,24453.19921875,0
2026-08-11 15:14:00+05:30,24454.599609375,24454.75,24443.900390625,24450.0,0
2026-08-11 15:15:00+05:30,24450.25,24450.25,24450.25,24450.25,0
2026-08-11 15:16:00+05:30,24450.25,24450.25,24450.25,24450.25,0
2026-08-11 15:17:00+05:30,24450.25,24450.25,24450.25,24450.25,0
2026-08-11 15:18:00+05:30,24450.25,24450.25,24450.25,24450.25,0
2026-08-11 15:19:00+05:30,24450.25,24450.25,24450.25,24450.25,0
2026-08-11 15:20:00+05:30,24450.25,24450.25,24450.25,24450.25,0
2026-08-11 15:21:00+05:30,24450.25,24450.25,24450.25,24450.25,0
2026-08-11 15:22:00+05:30,24450.25,24450.25,24450.25,24450.25,0
2026-08-11 15:23:00+05:30,24450.25,24450.25,24450.25,24450.25,0
2026-08-11 15:24:00+05:30,24450.25,24450.25,24450.25,24450.25,0
2026-08-11 15:25:00+05:30,24450.25,24450.25,24450.25,24450.25,0
2026-08-11 15:26:00+05:30,24450.25,24450.25,24450.25,24450.25,0
2026-08-11 15:27:00+05:30,24450.25,24450.25,24450.25,24450.25,0
2026-08-11 15:28:00+05:30,24450.25,24450.25,24450.25,24450.25,0
2026-08-11 15:29:00+05:30,24450.25,24471.69921875,24450.25,24471.69921875,0
2026-08-12 09:15:00+05:30,24472.44921875,24472.44921875,24439.849609375,24443.19921875,0
2026-08-12 09:16:00+05:30,24441.44921875,24443.0,24396.80078125,24397.69921875,0
2026-08-12 09:17:00+05:30,24399.5,24405.5,24396.150390625,24396.150390625,0
2026-08-12 09:18:00+05:30,24394.75,24399.80078125,24390.900390625,24397.150390625,0
2026-08-12 09:19:00+05:30,24396.5,24409.0,24394.150390625,24407.900390625,0
2026-08-12 09:20:00+05:30,24407.150390625,24415.30078125,24404.25,24414.0,0
2026-08-12 09:21:00+05:30,24414.099609375,24423.400390625,24406.25,24406.25,0
2026-08-12 09:22:00+05:30,24405.44921875,24416.44921875,24403.599609375,24411.69921875,0
2026-08-12 09:23:00+05:30,24411.099609375,24419.44921875,24411.099609375,24416.25,0
2026-08-12 09:24:00+05:30,24416.900390625,24430.900390625,24416.900390625,24422.900390625,0
2026-08-12 09:25:00+05:30,24423.0,24444.05078125,24423.0,24441.94921875,0
2026-08-12 09:26:00+05:30,24441.650390625,24445.05078125,24436.80078125,24444.400390625,0
2026-08-12 09:27:00+05:30,24445.400390625,24461.05078125,24445.150390625,24460.349609375,0
2026-08-12 09:28:00+05:30,24460.55078125,24463.5,24457.900390625,24458.69921875,0
2026-08-12 09:29:00+05:30,24458.599609375,24459.5,24447.849609375,24457.25,0
2026-08-12 09:30:00+05:30,24457.400390625,24458.55078125,24439.5,24443.69921875,0
2026-08-12 09:31:00+05:30,24442.650390625,24446.69921875,24436.94921875,24437.69921875,0
2026-08-12 09:32:00+05:30,24438.099609375,24439.44921875,24432.900390625,24435.80078125,0
2026-08-12 09:33:00+05:30,24436.0,24440.5,24435.0,24439.94921875,0
2026-08-12 09:34:00+05:30,24440.5,24444.30078125,24439.099609375,24440.69921875,0
2026-08-12 09:35:00+05:30,24440.19921875,24442.30078125,24433.75,24433.75,0
2026-08-12 09:36:00+05:30,24434.150390625,24442.400390625,24433.400390625,24438.599609375,0
2026-08-12 09:37:00+05:30,24438.55078125,24439.30078125,24431.55078125,24431.55078125,0
2026-08-12 09:38:00+05:30,24430.75,24432.150390625,24420.80078125,24424.80078125,0
2026-08-12 09:39:00+05:30,24424.25,24431.599609375,24424.099609375,24428.19921875,0
2026-08-12 09:40:00+05:30,24427.849609375,24435.349609375,24426.099609375,24434.44921875,0
2026-08-12 09:41:00+05:30,24434.19921875,24436.44921875,24431.80078125,24434.150390625,0
2026-08-12 09:42:00+05:30,24433.94921875,24438.099609375,24430.94921875,24432.099609375,0
2026-08-12 09:43:00+05:30,24431.349609375,24433.900390625,24428.849609375,24432.30078125,0
2026-08-12 09:44:00+05:30,24432.349609375,24434.150390625,24425.900390625,24428.150390625,0
2026-08-12 09:45:00+05:30,24428.0,24428.849609375,24417.69921875,24418.400390625,0
2026-08-12 09:46:00+05:30,24418.19921875,24419.94921875,24411.44921875,24411.80078125,0
2026-08-12 09:47:00+05:30,24411.5,24413.0,24404.44921875,24406.55078125,0
2026-08-12 09:48:00+05:30,24406.80078125,24407.94921875,24401.80078125,24403.55078125,0
2026-08-12 09:49:00+05:30,24403.0,24406.650390625,24399.900390625,24401.80078125,0
2026-08-12 09:50:00+05:30,24402.55078125,24404.05078125,24392.69921875,24393.900390625,0
2026-08-12 09:51:00+05:30,24393.75,24403.94921875,24393.75,24403.30078125,0
2026-08-12 09:52:00+05:30,24404.0,24404.900390625,24400.599609375,24403.349609375,0
2026-08-12 09:53:00+05:30,24403.650390625,24409.55078125,24402.19921875,24409.0,0
2026-08-12 09:54:00+05:30,24409.44921875,24412.099609375,24408.5,24409.599609375,0
2026-08-12 09:55:00+05:30,24409.900390625,24410.94921875,24402.5,24404.30078125,0
2026-08-12 09:56:00+05:30,24404.400390625,24407.0,24402.94921875,24402.94921875,0
2026-08-12 09:57:00+05:30,24403.349609375,24406.0,24393.75,24394.69921875,0
2026-08-12 09:58:00+05:30,24393.0,24395.25,24380.19921875,24380.19921875,0
2026-08-12 09:59:00+05:30,24380.30078125,24382.80078125,24376.55078125,24377.94921875,0
2026-08-12 10:00:00+05:30,24378.55078125,24379.5,24371.44921875,24374.650390625,0
2026-08-12 10:01:00+05:30,24374.349609375,24375.55078125,24370.650390625,24373.80078125,0
2026-08-12 10:02:00+05:30,24373.650390625,24375.75,24370.55078125,24373.80078125,0
2026-08-12 10:03:00+05:30,24373.849609375,24376.0,24362.5,24366.5,0
2026-08-12 10:04:00+05:30,24365.400390625,24368.650390625,24361.55078125,24362.900390625,0
2026-08-12 10:05:00+05:30,24362.599609375,24365.30078125,24360.30078125,24364.80078125,0
2026-08-12 10:06:00+05:30,24365.400390625,24367.5,24364.25,24364.94921875,0
2026-08-12 10:07:00+05:30,24365.400390625,24365.599609375,24357.900390625,24359.0,0
2026-08-12 10:08:00+05:30,24358.849609375,24361.349609375,24357.599609375,24360.25,0
2026-08-12 10:09:00+05:30,24360.80078125,24364.75,24359.599609375,24364.75,0
2026-08-12 10:10:00+05:30,24363.75,24369.30078125,24362.25,24368.650390625,0
2026-08-12 10:11:00+05:30,24368.25,24372.099609375,24366.75,24367.25,0
2026-08-12 10:12:00+05:30,24367.19921875,24368.849609375,24363.5,24365.5,0
2026-08-12 10:13:00+05:30,24365.44921875,24367.05078125,24362.400390625,24366.05078125,0
2026-08-12 10:14:00+05:30,24366.650390625,24369.69921875,24363.849609375,24365.30078125,0
2026-08-12 10:15:00+05:30,24365.099609375,24366.25,24359.25,24360.30078125,0
2026-08-12 10:16:00+05:30,24360.19921875,24365.55078125,24360.19921875,24364.94921875,0
2026-08-12 10:17:00+05:30,24364.94921875,24369.900390625,24362.80078125,24369.900390625,0
2026-08-12 10:18:00+05:30,24370.55078125,24376.150390625,24366.80078125,24376.05078125,0
2026-08-12 10:19:00+05:30,24374.69921875,24383.349609375,24371.75,24373.099609375,0
2026-08-12 10:20:00+05:30,24373.5,24379.19921875,24372.05078125,24374.849609375,0
2026-08-12 10:21:00+05:30,24374.94921875,24379.400390625,24373.75,24377.55078125,0
2026-08-12 10:22:00+05:30,24377.400390625,24379.69921875,24375.05078125,24375.25,0
2026-08-12 10:23:00+05:30,24375.5,24378.099609375,24373.80078125,24376.0,0
2026-08-12 10:24:00+05:30,24376.80078125,24378.0,24372.400390625,24374.349609375,0
2026-08-12 10:25:00+05:30,24374.80078125,24380.25,24373.849609375,24380.150390625,0
2026-08-12 10:26:00+05:30,24379.849609375,24382.150390625,24378.650390625,24379.0,0
2026-08-12 10:27:00+05:30,24379.650390625,24380.30078125,24372.94921875,24372.94921875,0
2026-08-12 10:28:00+05:30,24372.650390625,24377.55078125,24369.94921875,24375.650390625,0
2026-08-12 10:29:00+05:30,24376.849609375,24377.44921875,24371.30078125,24371.900390625,0
2026-08-12 10:30:00+05:30,24371.5,24376.05078125,24370.19921875,24375.30078125,0
2026-08-12 10:31:00+05:30,24375.30078125,24382.75,24374.75,24382.0,0
2026-08-12 10:32:00+05:30,24380.80078125,24390.05078125,24380.099609375,24390.05078125,0
2026-08-12 10:33:00+05:30,24389.75,24398.44921875,24389.75,24398.44921875,0
2026-08-12 10:34:00+05:30,24398.55078125,24400.94921875,24392.599609375,24394.650390625,0
2026-08-12 10:35:00+05:30,24395.599609375,24395.94921875,24390.55078125,24394.650390625,0
2026-08-12 10:36:00+05:30,24394.900390625,24395.650390625,24386.25,24387.099609375,0
2026-08-12 10:37:00+05:30,24386.900390625,24392.099609375,24386.900390625,24389.44921875,0
2026-08-12 10:38:00+05:30,24389.44921875,24390.94921875,24384.650390625,24386.349609375,0
2026-08-12 10:39:00+05:30,24386.05078125,24387.349609375,24383.30078125,24386.25,0
2026-08-12 10:40:00+05:30,24386.55078125,24387.650390625,24382.75,24383.349609375,0
2026-08-12 10:41:00+05:30,24382.349609375,24385.150390625,24370.599609375,24379.099609375,0
2026-08-12 10:42:00+05:30,24379.150390625,24383.099609375,24376.0,24376.900390625,0
2026-08-12 10:43:00+05:30,24377.25,24380.44921875,24374.099609375,24379.69921875,0
2026-08-12 10:44:00+05:30,24379.349609375,24380.44921875,24371.900390625,24375.650390625,0
2026-08-12 10:45:00+05:30,24375.650390625,24376.150390625,24367.400390625,24370.650390625,0
2026-08-12 10:46:00+05:30,24370.44921875,24371.19921875,24366.599609375,24368.44921875,0
2026-08-12 10:47:00+05:30,24368.599609375,24369.650390625,24358.849609375,24359.650390625,0
2026-08-12 10:48:00+05:30,24358.75,24360.349609375,24352.849609375,24353.150390625,0
2026-08-12 10:49:00+05:30,24353.150390625,24357.599609375,24351.849609375,24357.25,0
2026-08-12 10:50:00+05:30,24357.25,24359.5,24356.55078125,24358.25,0
2026-08-12 10:51:00+05:30,24358.650390625,24361.19921875,24356.75,24360.05078125,0
2026-08-12 10:52:00+05:30,24359.75,24360.94921875,24356.44921875,24357.94921875,0
2026-08-12 10:53:00+05:30,24358.150390625,24360.75,24357.75,24358.19921875,0
2026-08-12 10:54:00+05:30,24358.19921875,24361.099609375,24357.150390625,24359.5,0
2026-08-12 10:55:00+05:30,24359.30078125,24361.80078125,24356.0,24356.0,0
2026-08-12 10:56:00+05:30,24355.400390625,24356.55078125,24346.69921875,24347.55078125,0
2026-08-12 10:57:00+05:30,24348.849609375,24352.599609375,24343.75,24343.75,0
2026-08-12 10:58:00+05:30,24344.19921875,24348.099609375,24309.400390625,24326.599609375,0
2026-08-12 10:59:00+05:30,24327.650390625,24330.75,24317.650390625,24318.30078125,0
2026-08-12 11:00:00+05:30,24318.650390625,24322.69921875,24313.150390625,24313.150390625,0
2026-08-12 11:01:00+05:30,24313.150390625,24314.30078125,24308.94921875,24310.80078125,0
2026-08-12 11:02:00+05:30,24311.099609375,24312.400390625,24303.05078125,24303.55078125,0
2026-08-12 11:03:00+05:30,24303.25,24305.0,24297.25,24297.400390625,0
2026-08-12 11:04:00+05:30,24297.55078125,24303.599609375,24297.44921875,24299.94921875,0
2026-08-12 11:05:00+05:30,24300.30078125,24300.75,24293.69921875,24296.349609375,0
2026-08-12 11:06:00+05:30,24296.75,24305.849609375,24295.55078125,24305.5,0
2026-08-12 11:07:00+05:30,24305.80078125,24310.19921875,24300.099609375,24304.19921875,0
2026-08-12 11:08:00+05:30,24304.349609375,24305.0,24296.650390625,24301.849609375,0
2026-08-12 11:09:00+05:30,24302.099609375,24308.349609375,24300.349609375,24305.849609375,0
2026-08-12 11:10:00+05:30,24305.599609375,24311.400390625,24304.849609375,24310.25,0
2026-08-12 11:11:00+05:30,24310.80078125,24316.099609375,24310.099609375,24315.650390625,0
2026-08-12 11:12:00+05:30,24315.44921875,24316.900390625,24294.400390625,24298.69921875,0
2026-08-12 11:13:00+05:30,24298.5,24303.69921875,24297.69921875,24300.900390625,0
2026-08-12 11:14:00+05:30,24300.94921875,24303.150390625,24299.150390625,24302.400390625,0
2026-08-12 11:15:00+05:30,24302.900390625,24307.19921875,24300.900390625,24306.55078125,0
2026-08-12 11:16:00+05:30,24306.75,24307.599609375,24303.5,24304.599609375,0
2026-08-12 11:17:00+05:30,24304.94921875,24306.30078125,24299.0,24301.80078125,0
2026-08-12 11:18:00+05:30,24301.80078125,24305.05078125,24300.44921875,24303.0,0
2026-08-12 11:19:00+05:30,24303.80078125,24308.5,24303.69921875,24307.349609375,0
2026-08-12 11:20:00+05:30,24307.05078125,24309.5,24304.650390625,24309.099609375,0
2026-08-12 11:21:00+05:30,24309.150390625,24310.25,24305.75,24307.099609375,0
2026-08-12 11:22:00+05:30,24307.25,24311.0,24304.099609375,24309.44921875,0
2026-08-12 11:23:00+05:30,24308.69921875,24318.80078125,24307.900390625,24317.44921875,0
2026-08-12 11:24:00+05:30,24317.30078125,24318.55078125,24303.30078125,24303.55078125,0
2026-08-12 11:25:00+05:30,24305.30078125,24307.900390625,24300.5,24304.25,0
2026-08-12 11:26:00+05:30,24302.099609375,24308.94921875,24301.44921875,24306.599609375,0
2026-08-12 11:27:00+05:30,24305.0,24306.69921875,24298.349609375,24299.80078125,0
2026-08-12 11:28:00+05:30,24299.69921875,24302.5,24293.099609375,24300.599609375,0
2026-08-12 11:29:00+05:30,24300.69921875,24304.19921875,24296.349609375,24296.94921875,0
2026-08-12 11:30:00+05:30,24297.05078125,24297.599609375,24286.19921875,24289.099609375,0
2026-08-12 11:31:00+05:30,24289.44921875,24292.69921875,24287.0,24291.599609375,0
2026-08-12 11:32:00+05:30,24292.5,24297.55078125,24290.44921875,24293.94921875,0
2026-08-12 11:33:00+05:30,24294.349609375,24297.150390625,24290.900390625,24294.05078125,0
2026-08-12 11:34:00+05:30,24293.599609375,24304.69921875,24291.849609375,24301.69921875,0
2026-08-12 11:35:00+05:30,24302.349609375,24303.0,24294.349609375,24296.05078125,0
2026-08-12 11:36:00+05:30,24296.05078125,24298.44921875,24293.5,24295.05078125,0
2026-08-12 11:37:00+05:30,24295.400390625,24296.099609375,24292.19921875,24293.44921875,0
2026-08-12 11:38:00+05:30,24293.849609375,24294.94921875,24290.099609375,24291.099609375,0
2026-08-12 11:39:00+05:30,24290.849609375,24291.900390625,24284.400390625,24285.94921875,0
2026-08-12 11:40:00+05:30,24285.94921875,24288.150390625,24278.5,24280.900390625,0
2026-08-12 11:41:00+05:30,24281.05078125,24285.25,24280.099609375,24283.75,0
2026-08-12 11:42:00+05:30,24283.849609375,24291.05078125,24283.55078125,24284.0,0
2026-08-12 11:43:00+05:30,24284.150390625,24287.349609375,24283.0,24285.30078125,0
2026-08-12 11:44:00+05:30,24285.599609375,24297.19921875,24285.599609375,24293.69921875,0
2026-08-12 11:45:00+05:30,24294.19921875,24298.05078125,24291.44921875,24293.0,0
2026-08-12 11:46:00+05:30,24294.80078125,24297.55078125,24293.349609375,24293.94921875,0
2026-08-12 11:47:00+05:30,24293.900390625,24295.849609375,24286.599609375,24289.599609375,0
2026-08-12 11:48:00+05:30,24289.25,24291.400390625,24286.75,24291.0,0
2026-08-12 11:49:00+05:30,24290.5,24294.400390625,24290.19921875,24291.099609375,0
2026-08-12 11:50:00+05:30,24290.599609375,24292.400390625,24285.25,24286.44921875,0
2026-08-12 11:51:00+05:30,24286.25,24289.30078125,24285.75,24287.44921875,0
2026-08-12 11:52:00+05:30,24286.900390625,24289.5,24284.30078125,24285.400390625,0
2026-08-12 11:53:00+05:30,24285.150390625,24289.19921875,24282.599609375,24283.69921875,0
2026-08-12 11:54:00+05:30,24283.650390625,24289.0,24281.5,24281.599609375,0
2026-08-12 11:55:00+05:30,24282.099609375,24283.400390625,24271.25,24279.55078125,0
2026-08-12 11:56:00+05:30,24280.69921875,24284.400390625,24279.150390625,24284.0,0
2026-08-12 11:57:00+05:30,24284.150390625,24285.099609375,24281.0,24281.849609375,0
2026-08-12 11:58:00+05:30,24281.849609375,24283.349609375,24277.44921875,24278.25,0
2026-08-12 11:59:00+05:30,24278.099609375,24285.349609375,24276.19921875,24279.55078125,0
2026-08-12 12:00:00+05:30,24279.650390625,24280.75,24277.150390625,24278.75,0
2026-08-12 12:01:00+05:30,24278.849609375,24282.25,24278.55078125,24278.650390625,0
2026-08-12 12:02:00+05:30,24278.900390625,24279.650390625,24275.25,24277.30078125,0
2026-08-12 12:03:00+05:30,24277.25,24279.25,24274.55078125,24276.5,0
2026-08-12 12:04:00+05:30,24276.150390625,24279.099609375,24271.44921875,24272.75,0
2026-08-12 12:05:00+05:30,24272.55078125,24276.900390625,24270.69921875,24276.400390625,0
2026-08-12 12:06:00+05:30,24276.349609375,24279.94921875,24275.599609375,24278.80078125,0
2026-08-12 12:07:00+05:30,24278.44921875,24281.75,24274.80078125,24274.80078125,0
2026-08-12 12:08:00+05:30,24274.80078125,24279.69921875,24274.05078125,24275.05078125,0
2026-08-12 12:09:00+05:30,24275.30078125,24277.44921875,24271.55078125,24272.349609375,0
2026-08-12 12:10:00+05:30,24272.69921875,24274.30078125,24269.80078125,24270.25,0
2026-08-12 12:11:00+05:30,24270.349609375,24275.650390625,24269.69921875,24272.349609375,0
2026-08-12 12:12:00+05:30,24272.0,24275.150390625,24271.05078125,24271.400390625,0
2026-08-12 12:13:00+05:30,24271.94921875,24273.599609375,24265.94921875,24268.30078125,0
2026-08-12 12:14:00+05:30,24267.849609375,24270.44921875,24266.19921875,24267.099609375,0
2026-08-12 12:15:00+05:30,24267.099609375,24278.55078125,24266.400390625,24273.75,0
2026-08-12 12:16:00+05:30,24273.099609375,24277.75,24272.400390625,24274.599609375,0
2026-08-12 12:17:00+05:30,24274.80078125,24278.05078125,24273.55078125,24276.900390625,0
2026-08-12 12:18:00+05:30,24277.150390625,24280.099609375,24274.80078125,24278.05078125,0
2026-08-12 12:19:00+05:30,24278.099609375,24280.05078125,24276.25,24277.5,0
2026-08-12 12:20:00+05:30,24277.44921875,24278.400390625,24274.75,24275.400390625,0
2026-08-12 12:21:00+05:30,24275.55078125,24276.599609375,24273.900390625,24275.400390625,0
2026-08-12 12:22:00+05:30,24275.25,24277.349609375,24273.0,24273.80078125,0
2026-08-12 12:23:00+05:30,24273.44921875,24278.80078125,24272.349609375,24274.150390625,0
2026-08-12 12:24:00+05:30,24274.349609375,24277.5,24271.650390625,24274.44921875,0
2026-08-12 12:25:00+05:30,24274.599609375,24278.349609375,24272.25,24275.69921875,0
2026-08-12 12:26:00+05:30,24275.44921875,24278.400390625,24275.44921875,24277.900390625,0
2026-08-12 12:27:00+05:30,24277.599609375,24279.44921875,24274.150390625,24276.94921875,0
2026-08-12 12:28:00+05:30,24276.349609375,24279.19921875,24275.55078125,24279.0,0
2026-08-12 12:29:00+05:30,24279.19921875,24282.80078125,24278.05078125,24281.30078125,0
2026-08-12 12:30:00+05:30,24282.099609375,24283.650390625,24278.599609375,24278.94921875,0
2026-08-12 12:31:00+05:30,24278.94921875,24281.30078125,24275.25,24280.650390625,0
2026-08-12 12:32:00+05:30,24280.69921875,24282.55078125,24276.099609375,24281.19921875,0
2026-08-12 12:33:00+05:30,24281.25,24287.80078125,24280.94921875,24287.349609375,0
2026-08-12 12:34:00+05:30,24287.349609375,24292.75,24287.349609375,24288.599609375,0
2026-08-12 12:35:00+05:30,24288.69921875,24290.849609375,24287.05078125,24287.849609375,0
2026-08-12 12:36:00+05:30,24287.30078125,24290.0,24285.599609375,24286.80078125,0
2026-08-12 12:37:00+05:30,24286.75,24288.400390625,24284.75,24284.75,0
2026-08-12 12:38:00+05:30,24284.69921875,24288.150390625,24284.150390625,24286.55078125,0
2026-08-12 12:39:00+05:30,24286.650390625,24289.75,24285.5,24289.75,0
2026-08-12 12:40:00+05:30,24289.44921875,24292.94921875,24288.80078125,24291.599609375,0
2026-08-12 12:41:00+05:30,24292.05078125,24299.849609375,24290.30078125,24298.19921875,0
2026-08-12 12:42:00+05:30,24297.650390625,24303.19921875,24294.150390625,24294.150390625,0
2026-08-12 12:43:00+05:30,24293.900390625,24295.75,24280.400390625,24282.75,0
2026-08-12 12:44:00+05:30,24282.80078125,24285.849609375,24281.400390625,24283.099609375,0
2026-08-12 12:45:00+05:30,24283.19921875,24287.150390625,24281.25,24281.900390625,0
2026-08-12 12:46:00+05:30,24281.30078125,24283.69921875,24276.30078125,24276.599609375,0
2026-08-12 12:47:00+05:30,24276.900390625,24285.44921875,24275.650390625,24283.849609375,0
2026-08-12 12:48:00+05:30,24284.25,24288.55078125,24282.5,24286.69921875,0
2026-08-12 12:49:00+05:30,24286.75,24288.349609375,24281.650390625,24283.19921875,0
2026-08-12 12:50:00+05:30,24283.30078125,24284.19921875,24280.5,24283.55078125,0
2026-08-12 12:51:00+05:30,24283.650390625,24289.69921875,24283.400390625,24287.900390625,0
2026-08-12 12:52:00+05:30,24288.349609375,24289.75,24284.849609375,24286.349609375,0
2026-08-12 12:53:00+05:30,24286.44921875,24287.55078125,24282.400390625,24283.349609375,0
2026-08-12 12:54:00+05:30,24283.400390625,24285.349609375,24274.900390625,24275.69921875,0
2026-08-12 12:55:00+05:30,24275.150390625,24276.80078125,24271.349609375,24272.69921875,0
2026-08-12 12:56:00+05:30,24272.80078125,24275.0,24270.80078125,24273.19921875,0
2026-08-12 12:57:00+05:30,24274.25,24274.650390625,24270.150390625,24271.900390625,0
2026-08-12 12:58:00+05:30,24271.900390625,24274.650390625,24270.150390625,24273.5,0
2026-08-12 12:59:00+05:30,24273.900390625,24276.849609375,24272.0,24275.900390625,0
2026-08-12 13:00:00+05:30,24276.55078125,24279.94921875,24272.900390625,24277.849609375,0
2026-08-12 13:01:00+05:30,24278.0,24281.75,24275.849609375,24280.5,0
2026-08-12 13:02:00+05:30,24280.44921875,24284.900390625,24280.099609375,24283.599609375,0
2026-08-12 13:03:00+05:30,24283.5,24285.5,24282.400390625,24284.5,0
2026-08-12 13:04:00+05:30,24284.849609375,24286.599609375,24281.349609375,24281.69921875,0
2026-08-12 13:05:00+05:30,24280.80078125,24282.099609375,24278.75,24279.94921875,0
2026-08-12 13:06:00+05:30,24279.80078125,24282.44921875,24279.80078125,24280.69921875,0
2026-08-12 13:07:00+05:30,24280.150390625,24282.69921875,24278.400390625,24281.05078125,0
2026-08-12 13:08:00+05:30,24280.94921875,24282.099609375,24279.0,24279.900390625,0
2026-08-12 13:09:00+05:30,24279.349609375,24281.650390625,24277.75,24281.099609375,0
2026-08-12 13:10:00+05:30,24280.94921875,24282.19921875,24279.30078125,24279.75,0
2026-08-12 13:11:00+05:30,24280.150390625,24282.80078125,24278.94921875,24281.400390625,0
2026-08-12 13:12:00+05:30,24281.400390625,24282.349609375,24278.94921875,24280.900390625,0
2026-08-12 13:13:00+05:30,24280.849609375,24283.0,24279.900390625,24281.75,0
2026-08-12 13:14:00+05:30,24281.599609375,24288.400390625,24281.599609375,24287.94921875,0
2026-08-12 13:15:00+05:30,24288.25,24288.69921875,24284.400390625,24287.5,0
2026-08-12 13:16:00+05:30,24286.94921875,24293.30078125,24285.900390625,24293.05078125,0
2026-08-12 13:17:00+05:30,24293.05078125,24295.80078125,24291.55078125,24293.099609375,0
2026-08-12 13:18:00+05:30,24292.94921875,24298.650390625,24292.400390625,24298.30078125,0
2026-08-12 13:19:00+05:30,24298.150390625,24300.69921875,24295.94921875,24296.75,0
2026-08-12 13:20:00+05:30,24295.94921875,24297.19921875,24291.599609375,24295.400390625,0
2026-08-12 13:21:00+05:30,24294.94921875,24296.05078125,24292.05078125,24292.150390625,0
2026-08-12 13:22:00+05:30,24292.349609375,24295.19921875,24292.0,24294.69921875,0
2026-08-12 13:23:00+05:30,24294.599609375,24294.94921875,24292.599609375,24294.05078125,0
2026-08-12 13:24:00+05:30,24294.099609375,24298.05078125,24294.099609375,24296.0,0
2026-08-12 13:25:00+05:30,24296.150390625,24298.19921875,24287.05078125,24293.94921875,0
2026-08-12 13:26:00+05:30,24295.05078125,24296.30078125,24291.849609375,24291.849609375,0
2026-08-12 13:27:00+05:30,24292.25,24294.349609375,24286.5,24287.75,0
2026-08-12 13:28:00+05:30,24288.0,24292.5,24282.0,24289.55078125,0
2026-08-12 13:29:00+05:30,24288.80078125,24294.0,24286.75,24291.55078125,0
2026-08-12 13:30:00+05:30,24292.849609375,24298.400390625,24292.849609375,24297.349609375,0
2026-08-12 13:31:00+05:30,24297.150390625,24298.599609375,24291.849609375,24294.900390625,0
2026-08-12 13:32:00+05:30,24294.69921875,24298.349609375,24292.099609375,24293.099609375,0
2026-08-12 13:33:00+05:30,24294.30078125,24296.44921875,24291.650390625,24294.30078125,0
2026-08-12 13:34:00+05:30,24293.80078125,24295.80078125,24290.650390625,24293.44921875,0
2026-08-12 13:35:00+05:30,24293.5,24299.099609375,24293.05078125,24296.94921875,0
2026-08-12 13:36:00+05:30,24297.400390625,24301.44921875,24296.75,24299.150390625,0
2026-08-12 13:37:00+05:30,24299.05078125,24300.94921875,24295.150390625,24295.349609375,0
2026-08-12 13:38:00+05:30,24295.80078125,24295.80078125,24288.650390625,24289.30078125,0
2026-08-12 13:39:00+05:30,24289.150390625,24293.5,24288.900390625,24293.5,0
2026-08-12 13:40:00+05:30,24294.0,24298.75,24294.0,24296.94921875,0
2026-08-12 13:41:00+05:30,24296.44921875,24299.5,24289.80078125,24289.80078125,0
2026-08-12 13:42:00+05:30,24289.75,24291.69921875,24288.0,24289.05078125,0
2026-08-12 13:43:00+05:30,24289.150390625,24290.849609375,24286.05078125,24288.94921875,0
2026-08-12 13:44:00+05:30,24289.0,24290.94921875,24285.55078125,24289.30078125,0
2026-08-12 13:45:00+05:30,24289.69921875,24292.400390625,24285.849609375,24287.599609375,0
2026-08-12 13:46:00+05:30,24287.25,24289.099609375,24286.099609375,24286.150390625,0
2026-08-12 13:47:00+05:30,24286.150390625,24288.19921875,24284.150390625,24285.849609375,0
2026-08-12 13:48:00+05:30,24285.849609375,24287.150390625,24283.400390625,24283.94921875,0
2026-08-12 13:49:00+05:30,24284.150390625,24291.05078125,24283.900390625,24289.099609375,0
2026-08-12 13:50:00+05:30,24289.94921875,24292.05078125,24286.599609375,24287.900390625,0
2026-08-12 13:51:00+05:30,24287.80078125,24290.30078125,24287.19921875,24288.44921875,0
2026-08-12 13:52:00+05:30,24288.69921875,24290.19921875,24287.150390625,24289.400390625,0
2026-08-12 13:53:00+05:30,24288.900390625,24290.80078125,24287.25,24287.75,0
2026-08-12 13:54:00+05:30,24287.80078125,24290.099609375,24285.25,24286.599609375,0
2026-08-12 13:55:00+05:30,24286.650390625,24290.19921875,24286.650390625,24287.25,0
2026-08-12 13:56:00+05:30,24287.44921875,24288.900390625,24284.599609375,24284.69921875,0
2026-08-12 13:57:00+05:30,24285.0,24286.30078125,24281.150390625,24281.19921875,0
2026-08-12 13:58:00+05:30,24281.44921875,24283.099609375,24280.0,24281.849609375,0
2026-08-12 13:59:00+05:30,24282.349609375,24287.55078125,24281.349609375,24286.44921875,0
2026-08-12 14:00:00+05:30,24286.400390625,24288.900390625,24284.05078125,24286.55078125,0
2026-08-12 14:01:00+05:30,24286.5,24287.650390625,24282.650390625,24283.30078125,0
2026-08-12 14:02:00+05:30,24283.69921875,24287.0,24281.349609375,24282.0,0
2026-08-12 14:03:00+05:30,24282.0,24285.80078125,24281.349609375,24283.55078125,0
2026-08-12 14:04:00+05:30,24283.30078125,24285.5,24276.849609375,24278.55078125,0
2026-08-12 14:05:00+05:30,24278.69921875,24283.05078125,24278.599609375,24279.19921875,0
2026-08-12 14:06:00+05:30,24279.650390625,24282.900390625,24279.55078125,24281.05078125,0
2026-08-12 14:07:00+05:30,24281.55078125,24282.80078125,24279.400390625,24282.5,0
2026-08-12 14:08:00+05:30,24282.349609375,24284.69921875,24281.0,24281.650390625,0
2026-08-12 14:09:00+05:30,24282.0,24286.099609375,24281.25,24284.30078125,0
2026-08-12 14:10:00+05:30,24284.349609375,24287.94921875,24281.900390625,24283.849609375,0
2026-08-12 14:11:00+05:30,24283.80078125,24285.349609375,24277.44921875,24279.5,0
2026-08-12 14:12:00+05:30,24280.150390625,24282.349609375,24278.849609375,24279.94921875,0
2026-08-12 14:13:00+05:30,24280.55078125,24282.099609375,24276.900390625,24278.55078125,0
2026-08-12 14:14:00+05:30,24278.44921875,24280.19921875,24275.400390625,24278.400390625,0
2026-08-12 14:15:00+05:30,24278.19921875,24283.849609375,24277.44921875,24283.0,0
2026-08-12 14:16:00+05:30,24283.30078125,24288.900390625,24281.94921875,24288.05078125,0
2026-08-12 14:17:00+05:30,24288.75,24290.69921875,24287.19921875,24289.25,0
2026-08-12 14:18:00+05:30,24289.44921875,24291.25,24286.55078125,24287.5,0
2026-08-12 14:19:00+05:30,24287.25,24291.05078125,24286.05078125,24290.0,0
2026-08-12 14:20:00+05:30,24289.650390625,24292.94921875,24287.400390625,24288.80078125,0
2026-08-12 14:21:00+05:30,24288.849609375,24292.400390625,24287.5,24290.25,0
2026-08-12 14:22:00+05:30,24290.0,24292.849609375,24288.30078125,24289.55078125,0
2026-08-12 14:23:00+05:30,24290.0,24294.599609375,24290.0,24294.0,0
2026-08-12 14:24:00+05:30,24294.05078125,24296.0,24290.25,24290.44921875,0
2026-08-12 14:25:00+05:30,24290.30078125,24295.650390625,24290.30078125,24293.69921875,0
2026-08-12 14:26:00+05:30,24293.900390625,24296.599609375,24293.30078125,24295.44921875,0
2026-08-12 14:27:00+05:30,24296.19921875,24299.400390625,24294.19921875,24296.25,0
2026-08-12 14:28:00+05:30,24296.30078125,24298.75,24291.150390625,24294.349609375,0
2026-08-12 14:29:00+05:30,24294.099609375,24300.69921875,24293.150390625,24297.5,0
2026-08-12 14:30:00+05:30,24298.55078125,24309.5,24297.75,24305.599609375,0
2026-08-12 14:31:00+05:30,24305.75,24312.55078125,24298.849609375,24303.849609375,0
2026-08-12 14:32:00+05:30,24306.349609375,24327.25,24302.599609375,24326.599609375,0
2026-08-12 14:33:00+05:30,24326.55078125,24331.30078125,24324.349609375,24328.75,0
2026-08-12 14:34:00+05:30,24329.349609375,24330.30078125,24321.349609375,24321.94921875,0
2026-08-12 14:35:00+05:30,24321.599609375,24325.80078125,24318.55078125,24318.650390625,0
2026-08-12 14:36:00+05:30,24318.650390625,24322.75,24314.75,24318.400390625,0
2026-08-12 14:37:00+05:30,24318.150390625,24320.05078125,24312.55078125,24314.44921875,0
2026-08-12 14:38:00+05:30,24313.94921875,24320.75,24313.599609375,24315.400390625,0
2026-08-12 14:39:00+05:30,24318.650390625,24320.900390625,24315.69921875,24315.69921875,0
2026-08-12 14:40:00+05:30,24315.80078125,24318.80078125,24314.30078125,24318.19921875,0
2026-08-12 14:41:00+05:30,24317.75,24322.05078125,24317.349609375,24320.25,0
2026-08-12 14:42:00+05:30,24321.19921875,24328.5,24320.150390625,24327.69921875,0
2026-08-12 14:43:00+05:30,24327.650390625,24334.69921875,24323.849609375,24324.55078125,0
2026-08-12 14:44:00+05:30,24324.650390625,24329.650390625,24320.849609375,24325.94921875,0
2026-08-12 14:45:00+05:30,24326.0,24332.150390625,24324.150390625,24324.150390625,0
2026-08-12 14:46:00+05:30,24324.599609375,24332.44921875,24323.400390625,24332.44921875,0
2026-08-12 14:47:00+05:30,24332.599609375,24333.19921875,24326.5,24327.849609375,0
2026-08-12 14:48:00+05:30,24328.650390625,24331.150390625,24323.5,24323.900390625,0
2026-08-12 14:49:00+05:30,24324.150390625,24325.849609375,24316.75,24322.900390625,0
2026-08-12 14:50:00+05:30,24322.19921875,24329.5,24322.19921875,24326.650390625,0
2026-08-12 14:51:00+05:30,24326.75,24328.5,24319.30078125,24320.25,0
2026-08-12 14:52:00+05:30,24320.5,24334.0,24320.349609375,24333.05078125,0
2026-08-12 14:53:00+05:30,24333.69921875,24342.900390625,24333.25,24342.349609375,0
2026-08-12 14:54:00+05:30,24342.94921875,24373.94921875,24342.94921875,24373.94921875,0
2026-08-12 14:55:00+05:30,24374.599609375,24384.900390625,24366.05078125,24367.44921875,0
2026-08-12 14:56:00+05:30,24367.400390625,24369.400390625,24354.19921875,24355.55078125,0
2026-08-12 14:57:00+05:30,24355.650390625,24365.5,24353.599609375,24364.44921875,0
2026-08-12 14:58:00+05:30,24365.150390625,24367.44921875,24359.05078125,24362.75,0
2026-08-12 14:59:00+05:30,24362.400390625,24371.099609375,24362.400390625,24370.05078125,0
2026-08-12 15:00:00+05:30,24371.150390625,24372.30078125,24365.099609375,24365.5,0
2026-08-12 15:01:00+05:30,24366.349609375,24372.44921875,24365.150390625,24371.94921875,0
2026-08-12 15:02:00+05:30,24371.25,24375.44921875,24367.30078125,24368.55078125,0
2026-08-12 15:03:00+05:30,24368.849609375,24371.44921875,24361.400390625,24364.69921875,0
2026-08-12 15:04:00+05:30,24364.650390625,24365.5,24361.80078125,24364.0,0
2026-08-12 15:05:00+05:30,24363.69921875,24364.19921875,24356.5,24358.400390625,0
2026-08-12 15:06:00+05:30,24358.900390625,24361.650390625,24351.900390625,24351.94921875,0
2026-08-12 15:07:00+05:30,24351.599609375,24353.94921875,24349.05078125,24351.44921875,0
2026-08-12 15:08:00+05:30,24351.30078125,24352.5,24345.650390625,24347.0,0
2026-08-12 15:09:00+05:30,24347.099609375,24355.75,24341.80078125,24355.75,0
2026-08-12 15:10:00+05:30,24356.5,24358.400390625,24350.80078125,24356.0,0
2026-08-12 15:11:00+05:30,24356.05078125,24369.5,24355.69921875,24368.25,0
2026-08-12 15:12:00+05:30,24368.69921875,24375.55078125,24364.19921875,24367.25,0
2026-08-12 15:13:00+05:30,24366.099609375,24373.349609375,24364.19921875,24367.19921875,0
2026-08-12 15:14:00+05:30,24367.349609375,24374.650390625,24361.80078125,24369.30078125,0
2026-08-12 15:15:00+05:30,24361.69921875,24361.69921875,24361.69921875,24361.69921875,0
2026-08-12 15:16:00+05:30,24361.69921875,24361.69921875,24361.69921875,24361.69921875,0
2026-08-12 15:17:00+05:30,24361.69921875,24361.69921875,24361.69921875,24361.69921875,0
2026-08-12 15:18:00+05:30,24361.69921875,24361.69921875,24361.69921875,24361.69921875,0
2026-08-12 15:19:00+05:30,24361.69921875,24361.69921875,24361.69921875,24361.69921875,0
2026-08-12 15:20:00+05:30,24361.69921875,24361.69921875,24361.69921875,24361.69921875,0
2026-08-12 15:21:00+05:30,24361.69921875,24361.69921875,24361.69921875,24361.69921875,0
2026-08-12 15:22:00+05:30,24361.69921875,24361.69921875,24361.69921875,24361.69921875,0
2026-08-12 15:23:00+05:30,24361.69921875,24361.69921875,24361.69921875,24361.69921875,0
2026-08-12 15:24:00+05:30,24361.69921875,24361.69921875,24361.69921875,24361.69921875,0
2026-08-12 15:25:00+05:30,24361.69921875,24361.69921875,24361.69921875,24361.69921875,0
2026-08-12 15:26:00+05:30,24361.69921875,24361.69921875,24361.69921875,24361.69921875,0
2026-08-12 15:27:00+05:30,24361.69921875,24361.69921875,24361.69921875,24361.69921875,0
2026-08-12 15:28:00+05:30,24361.69921875,24435.94921875,24361.69921875,24435.94921875,0
2026-08-12 15:29:00+05:30,24435.94921875,24435.94921875,24435.94921875,24435.94921875,0
2026-08-13 09:15:00+05:30,24428.900390625,24428.900390625,24351.349609375,24361.25,0
2026-08-13 09:16:00+05:30,24363.25,24371.650390625,24348.30078125,24354.650390625,0
2026-08-13 09:17:00+05:30,24355.650390625,24355.650390625,24336.150390625,24345.0,0
2026-08-13 09:18:00+05:30,24345.400390625,24345.5,24337.19921875,24342.69921875,0
2026-08-13 09:19:00+05:30,24344.94921875,24348.650390625,24340.69921875,24342.55078125,0
2026-08-13 09:20:00+05:30,24344.900390625,24348.19921875,24339.69921875,24346.94921875,0
2026-08-13 09:21:00+05:30,24348.400390625,24358.55078125,24346.44921875,24346.94921875,0
2026-08-13 09:22:00+05:30,24349.900390625,24353.099609375,24342.349609375,24351.5,0
2026-08-13 09:23:00+05:30,24354.80078125,24354.80078125,24341.849609375,24344.900390625,0
2026-08-13 09:24:00+05:30,24347.55078125,24350.099609375,24340.55078125,24348.19921875,0
2026-08-13 09:25:00+05:30,24351.150390625,24352.30078125,24342.5,24347.55078125,0
2026-08-13 09:26:00+05:30,24349.55078125,24349.55078125,24337.30078125,24338.30078125,0
2026-08-13 09:27:00+05:30,24341.599609375,24341.599609375,24330.75,24331.900390625,0
2026-08-13 09:28:00+05:30,24333.25,24334.400390625,24327.5,24329.55078125,0
2026-08-13 09:29:00+05:30,24332.150390625,24340.099609375,24326.75,24339.150390625,0
2026-08-13 09:30:00+05:30,24342.05078125,24344.150390625,24326.94921875,24327.30078125,0
2026-08-13 09:31:00+05:30,24329.900390625,24333.400390625,24324.80078125,24327.19921875,0
2026-08-13 09:32:00+05:30,24328.05078125,24328.05078125,24319.650390625,24324.900390625,0
2026-08-13 09:33:00+05:30,24326.599609375,24327.099609375,24317.650390625,24318.0,0
2026-08-13 09:34:00+05:30,24319.349609375,24325.75,24316.5,24324.349609375,0
2026-08-13 09:35:00+05:30,24326.25,24328.30078125,24322.599609375,24328.0,0
2026-08-13 09:36:00+05:30,24328.75,24330.94921875,24325.55078125,24325.80078125,0
2026-08-13 09:37:00+05:30,24327.19921875,24329.0,24324.19921875,24325.849609375,0
2026-08-13 09:38:00+05:30,24327.400390625,24336.150390625,24325.400390625,24335.75,0
2026-08-13 09:39:00+05:30,24338.05078125,24342.0,24335.650390625,24339.650390625,0
2026-08-13 09:40:00+05:30,24341.94921875,24345.849609375,24335.80078125,24341.5,0
2026-08-13 09:41:00+05:30,24343.099609375,24344.900390625,24338.849609375,24339.599609375,0
2026-08-13 09:42:00+05:30,24340.650390625,24342.650390625,24337.099609375,24340.30078125,0
2026-08-13 09:43:00+05:30,24342.349609375,24350.849609375,24339.44921875,24348.05078125,0
2026-08-13 09:44:00+05:30,24349.44921875,24350.94921875,24344.5,24346.349609375,0
2026-08-13 09:45:00+05:30,24347.5,24348.30078125,24342.55078125,24347.55078125,0
2026-08-13 09:46:00+05:30,24350.099609375,24351.900390625,24341.400390625,24341.400390625,0
2026-08-13 09:47:00+05:30,24342.599609375,24342.599609375,24336.650390625,24339.05078125,0
2026-08-13 09:48:00+05:30,24341.0,24355.30078125,24339.400390625,24352.30078125,0
2026-08-13 09:49:00+05:30,24354.55078125,24354.55078125,24346.599609375,24349.55078125,0
2026-08-13 09:50:00+05:30,24350.849609375,24356.650390625,24349.30078125,24350.19921875,0
2026-08-13 09:51:00+05:30,24351.30078125,24354.400390625,24347.69921875,24349.75,0
2026-08-13 09:52:00+05:30,24350.849609375,24350.849609375,24337.55078125,24338.05078125,0
2026-08-13 09:53:00+05:30,24338.80078125,24349.75,24338.099609375,24348.25,0
2026-08-13 09:54:00+05:30,24351.19921875,24356.0,24348.69921875,24354.0,0
2026-08-13 09:55:00+05:30,24355.900390625,24355.900390625,24350.849609375,24354.19921875,0
2026-08-13 09:56:00+05:30,24355.69921875,24356.19921875,24349.900390625,24353.05078125,0
2026-08-13 09:57:00+05:30,24353.349609375,24353.94921875,24346.55078125,24348.69921875,0
2026-08-13 09:58:00+05:30,24348.80078125,24351.400390625,24344.80078125,24351.0,0
2026-08-13 09:59:00+05:30,24351.80078125,24352.69921875,24347.900390625,24351.55078125,0
2026-08-13 10:00:00+05:30,24351.400390625,24353.150390625,24345.94921875,24346.25,0
2026-08-13 10:01:00+05:30,24347.44921875,24350.55078125,24343.80078125,24350.150390625,0
2026-08-13 10:02:00+05:30,24350.25,24353.44921875,24346.099609375,24347.349609375,0
2026-08-13 10:03:00+05:30,24348.849609375,24354.55078125,24346.05078125,24346.650390625,0
2026-08-13 10:04:00+05:30,24347.69921875,24348.5,24342.349609375,24342.80078125,0
2026-08-13 10:05:00+05:30,24345.30078125,24351.25,24340.599609375,24350.44921875,0
2026-08-13 10:06:00+05:30,24350.94921875,24352.599609375,24345.599609375,24352.349609375,0
2026-08-13 10:07:00+05:30,24353.349609375,24353.349609375,24343.05078125,24344.44921875,0
2026-08-13 10:08:00+05:30,24346.05078125,24346.05078125,24341.05078125,24343.80078125,0
2026-08-13 10:09:00+05:30,24343.5,24344.30078125,24336.94921875,24337.19921875,0
2026-08-13 10:10:00+05:30,24338.94921875,24340.94921875,24335.30078125,24336.650390625,0
2026-08-13 10:11:00+05:30,24338.19921875,24338.19921875,24330.30078125,24332.400390625,0
2026-08-13 10:12:00+05:30,24335.75,24341.05078125,24331.80078125,24341.05078125,0
2026-08-13 10:13:00+05:30,24342.44921875,24350.30078125,24341.25,24347.55078125,0
2026-08-13 10:14:00+05:30,24347.69921875,24349.30078125,24343.55078125,24343.55078125,0
2026-08-13 10:15:00+05:30,24346.25,24346.25,24339.55078125,24340.349609375,0
2026-08-13 10:16:00+05:30,24341.69921875,24341.69921875,24334.099609375,24338.19921875,0
2026-08-13 10:17:00+05:30,24339.30078125,24339.30078125,24331.650390625,24333.44921875,0
2026-08-13 10:18:00+05:30,24335.69921875,24339.30078125,24333.400390625,24338.650390625,0
2026-08-13 10:19:00+05:30,24340.400390625,24342.55078125,24335.5,24336.599609375,0
2026-08-13 10:20:00+05:30,24338.349609375,24340.25,24332.44921875,24334.05078125,0
2026-08-13 10:21:00+05:30,24334.349609375,24338.099609375,24332.150390625,24337.599609375,0
2026-08-13 10:22:00+05:30,24337.94921875,24338.25,24332.75,24336.349609375,0
2026-08-13 10:23:00+05:30,24336.650390625,24336.80078125,24327.55078125,24328.0,0
2026-08-13 10:24:00+05:30,24330.05078125,24334.25,24328.099609375,24329.150390625,0
2026-08-13 10:25:00+05:30,24330.900390625,24330.900390625,24325.80078125,24327.150390625,0
2026-08-13 10:26:00+05:30,24328.400390625,24331.849609375,24326.349609375,24331.400390625,0
2026-08-13 10:27:00+05:30,24332.599609375,24332.599609375,24326.599609375,24328.900390625,0
2026-08-13 10:28:00+05:30,24329.650390625,24329.650390625,24326.0,24327.05078125,0
2026-08-13 10:29:00+05:30,24328.150390625,24328.150390625,24318.19921875,24319.150390625,0
2026-08-13 10:30:00+05:30,24320.400390625,24320.400390625,24311.44921875,24313.0,0
2026-08-13 10:31:00+05:30,24312.599609375,24318.05078125,24312.5,24314.69921875,0
2026-08-13 10:32:00+05:30,24316.849609375,24323.0,24313.80078125,24320.44921875,0
2026-08-13 10:33:00+05:30,24324.55078125,24325.0,24318.55078125,24319.19921875,0
2026-08-13 10:34:00+05:30,24320.349609375,24322.75,24317.75,24322.05078125,0
2026-08-13 10:35:00+05:30,24322.5,24326.25,24319.75,24325.25,0
2026-08-13 10:36:00+05:30,24325.25,24325.25,24318.25,24325.05078125,0
2026-08-13 10:37:00+05:30,24326.349609375,24329.80078125,24324.849609375,24327.150390625,0
2026-08-13 10:38:00+05:30,24330.349609375,24330.349609375,24324.099609375,24326.55078125,0
2026-08-13 10:39:00+05:30,24327.900390625,24328.650390625,24325.349609375,24327.099609375,0
2026-08-13 10:40:00+05:30,24328.150390625,24330.0,24325.75,24326.849609375,0
2026-08-13 10:41:00+05:30,24329.25,24330.80078125,24324.75,24329.30078125,0
2026-08-13 10:42:00+05:30,24330.55078125,24330.75,24328.25,24329.650390625,0
2026-08-13 10:43:00+05:30,24330.55078125,24331.69921875,24327.150390625,24329.150390625,0
2026-08-13 10:44:00+05:30,24330.099609375,24332.80078125,24327.900390625,24330.80078125,0
2026-08-13 10:45:00+05:30,24331.099609375,24331.55078125,24326.69921875,24329.69921875,0
2026-08-13 10:46:00+05:30,24330.849609375,24332.75,24328.150390625,24330.75,0
2026-08-13 10:47:00+05:30,24332.5,24335.900390625,24330.0,24335.900390625,0
2026-08-13 10:48:00+05:30,24337.05078125,24339.69921875,24332.650390625,24338.69921875,0
2026-08-13 10:49:00+05:30,24341.44921875,24341.69921875,24337.099609375,24339.650390625,0
2026-08-13 10:50:00+05:30,24340.349609375,24342.69921875,24338.650390625,24342.599609375,0
2026-08-13 10:51:00+05:30,24344.0,24345.75,24341.19921875,24345.75,0
2026-08-13 10:52:00+05:30,24346.400390625,24348.650390625,24342.44921875,24343.5,0
2026-08-13 10:53:00+05:30,24346.75,24347.5,24343.25,24343.25,0
2026-08-13 10:54:00+05:30,24344.44921875,24347.599609375,24339.099609375,24339.44921875,0
2026-08-13 10:55:00+05:30,24342.19921875,24344.80078125,24340.400390625,24342.900390625,0
2026-08-13 10:56:00+05:30,24344.69921875,24345.099609375,24340.55078125,24341.150390625,0
2026-08-13 10:57:00+05:30,24343.19921875,24343.75,24338.69921875,24340.849609375,0
2026-08-13 10:58:00+05:30,24341.69921875,24342.69921875,24337.30078125,24337.69921875,0
2026-08-13 10:59:00+05:30,24337.400390625,24339.650390625,24336.75,24338.25,0
2026-08-13 11:00:00+05:30,24339.849609375,24339.94921875,24334.19921875,24338.349609375,0
2026-08-13 11:01:00+05:30,24340.0,24340.0,24330.099609375,24330.099609375,0
2026-08-13 11:02:00+05:30,24332.75,24333.400390625,24326.0,24327.80078125,0
2026-08-13 11:03:00+05:30,24328.400390625,24330.25,24325.75,24327.599609375,0
2026-08-13 11:04:00+05:30,24328.80078125,24328.80078125,24322.099609375,24325.80078125,0
2026-08-13 11:05:00+05:30,24325.55078125,24325.599609375,24320.5,24322.75,0
2026-08-13 11:06:00+05:30,24323.80078125,24324.599609375,24320.349609375,24320.44921875,0
2026-08-13 11:07:00+05:30,24321.94921875,24321.94921875,24314.30078125,24317.05078125,0
2026-08-13 11:08:00+05:30,24318.69921875,24320.849609375,24317.25,24319.5,0
2026-08-13 11:09:00+05:30,24320.69921875,24325.25,24319.400390625,24324.5,0
2026-08-13 11:10:00+05:30,24325.900390625,24329.099609375,24324.75,24325.55078125,0
2026-08-13 11:11:00+05:30,24327.650390625,24327.650390625,24323.69921875,24323.69921875,0
2026-08-13 11:12:00+05:30,24325.19921875,24325.19921875,24321.099609375,24323.25,0
2026-08-13 11:13:00+05:30,24324.599609375,24325.44921875,24320.19921875,24320.19921875,0
2026-08-13 11:14:00+05:30,24322.25,24322.25,24316.94921875,24319.05078125,0
2026-08-13 11:15:00+05:30,24319.849609375,24322.30078125,24317.80078125,24322.099609375,0
2026-08-13 11:16:00+05:30,24322.94921875,24323.900390625,24317.94921875,24318.5,0
2026-08-13 11:17:00+05:30,24320.5,24322.900390625,24318.25,24320.44921875,0
2026-08-13 11:18:00+05:30,24321.30078125,24324.0,24319.94921875,24323.19921875,0
2026-08-13 11:19:00+05:30,24324.55078125,24326.5,24322.900390625,24324.650390625,0
2026-08-13 11:20:00+05:30,24326.0,24326.0,24322.150390625,24324.19921875,0
2026-08-13 11:21:00+05:30,24325.400390625,24325.400390625,24320.19921875,24321.599609375,0
2026-08-13 11:22:00+05:30,24324.05078125,24328.44921875,24322.25,24328.44921875,0
2026-08-13 11:23:00+05:30,24329.599609375,24330.80078125,24325.900390625,24325.900390625,0
2026-08-13 11:24:00+05:30,24328.30078125,24328.30078125,24323.5,24327.25,0
2026-08-13 11:25:00+05:30,24327.099609375,24334.44921875,24326.19921875,24331.900390625,0
2026-08-13 11:26:00+05:30,24333.05078125,24333.80078125,24329.849609375,24331.94921875,0
2026-08-13 11:27:00+05:30,24333.099609375,24339.599609375,24331.25,24335.849609375,0
2026-08-13 11:28:00+05:30,24336.650390625,24337.19921875,24333.900390625,24336.099609375,0
2026-08-13 11:29:00+05:30,24336.599609375,24339.599609375,24333.94921875,24338.80078125,0
2026-08-13 11:30:00+05:30,24339.650390625,24344.0,24338.099609375,24343.099609375,0
2026-08-13 11:31:00+05:30,24343.75,24346.69921875,24341.599609375,24346.5,0
2026-08-13 11:32:00+05:30,24347.650390625,24348.099609375,24343.25,24344.19921875,0
2026-08-13 11:33:00+05:30,24345.05078125,24347.5,24342.94921875,24347.05078125,0
2026-08-13 11:34:00+05:30,24348.25,24348.25,24344.75,24345.44921875,0
2026-08-13 11:35:00+05:30,24346.75,24348.5,24344.849609375,24346.30078125,0
2026-08-13 11:36:00+05:30,24347.5,24353.650390625,24344.150390625,24352.599609375,0
2026-08-13 11:37:00+05:30,24353.55078125,24355.5,24351.69921875,24352.099609375,0
2026-08-13 11:38:00+05:30,24353.849609375,24356.5,24352.30078125,24353.69921875,0
2026-08-13 11:39:00+05:30,24354.650390625,24359.849609375,24353.25,24358.5,0
2026-08-13 11:40:00+05:30,24360.19921875,24363.349609375,24354.25,24355.69921875,0
2026-08-13 11:41:00+05:30,24356.75,24357.099609375,24350.55078125,24351.150390625,0
2026-08-13 11:42:00+05:30,24352.400390625,24352.400390625,24347.44921875,24348.69921875,0
2026-08-13 11:43:00+05:30,24350.0,24351.5,24347.44921875,24349.25,0
2026-08-13 11:44:00+05:30,24351.19921875,24353.849609375,24348.30078125,24350.05078125,0
2026-08-13 11:45:00+05:30,24350.650390625,24352.599609375,24347.650390625,24349.099609375,0
2026-08-13 11:46:00+05:30,24350.0,24350.099609375,24346.849609375,24347.650390625,0
2026-08-13 11:47:00+05:30,24349.69921875,24355.05078125,24348.30078125,24352.44921875,0
2026-08-13 11:48:00+05:30,24353.900390625,24356.05078125,24352.400390625,24353.80078125,0
2026-08-13 11:49:00+05:30,24355.900390625,24358.19921875,24353.849609375,24357.19921875,0
2026-08-13 11:50:00+05:30,24358.599609375,24359.75,24355.94921875,24356.30078125,0
2026-08-13 11:51:00+05:30,24358.19921875,24360.30078125,24355.25,24359.75,0
2026-08-13 11:52:00+05:30,24360.349609375,24362.5,24357.349609375,24360.44921875,0
2026-08-13 11:53:00+05:30,24361.69921875,24362.099609375,24358.25,24360.599609375,0
2026-08-13 11:54:00+05:30,24361.900390625,24361.900390625,24356.099609375,24357.44921875,0
2026-08-13 11:55:00+05:30,24358.80078125,24359.30078125,24355.69921875,24357.94921875,0
2026-08-13 11:56:00+05:30,24360.150390625,24364.099609375,24356.30078125,24361.94921875,0
2026-08-13 11:57:00+05:30,24364.30078125,24371.19921875,24361.30078125,24371.19921875,0
2026-08-13 11:58:00+05:30,24372.849609375,24377.150390625,24370.349609375,24376.849609375,0
2026-08-13 11:59:00+05:30,24378.19921875,24386.80078125,24375.44921875,24386.44921875,0
2026-08-13 12:00:00+05:30,24387.599609375,24407.650390625,24386.30078125,24403.400390625,0
2026-08-13 12:01:00+05:30,24404.25,24404.25,24399.150390625,24401.75,0
2026-08-13 12:02:00+05:30,24403.30078125,24406.55078125,24398.55078125,24406.0,0
2026-08-13 12:03:00+05:30,24407.849609375,24414.75,24404.150390625,24412.94921875,0
2026-08-13 12:04:00+05:30,24414.900390625,24414.900390625,24407.30078125,24407.55078125,0
2026-08-13 12:05:00+05:30,24409.099609375,24413.80078125,24407.55078125,24411.30078125,0
2026-08-13 12:06:00+05:30,24413.099609375,24413.099609375,24406.94921875,24408.099609375,0
2026-08-13 12:07:00+05:30,24409.55078125,24409.900390625,24401.94921875,24408.150390625,0
2026-08-13 12:08:00+05:30,24410.400390625,24410.400390625,24405.80078125,24406.44921875,0
2026-08-13 12:09:00+05:30,24407.849609375,24408.69921875,24402.099609375,24402.849609375,0
2026-08-13 12:10:00+05:30,24404.80078125,24406.44921875,24401.30078125,24402.55078125,0
2026-08-13 12:11:00+05:30,24403.650390625,24403.650390625,24395.400390625,24396.05078125,0
2026-08-13 12:12:00+05:30,24399.69921875,24399.69921875,24392.0,24392.05078125,0
2026-08-13 12:13:00+05:30,24394.150390625,24396.099609375,24391.80078125,24395.25,0
2026-08-13 12:14:00+05:30,24396.30078125,24397.19921875,24394.150390625,24395.650390625,0
2026-08-13 12:15:00+05:30,24397.400390625,24399.150390625,24390.400390625,24395.599609375,0
2026-08-13 12:16:00+05:30,24397.099609375,24399.05078125,24394.099609375,24395.849609375,0
2026-08-13 12:17:00+05:30,24396.80078125,24398.30078125,24390.900390625,24391.69921875,0
2026-08-13 12:18:00+05:30,24394.0,24394.0,24390.650390625,24393.0,0
2026-08-13 12:19:00+05:30,24394.55078125,24395.55078125,24390.5,24392.150390625,0
2026-08-13 12:20:00+05:30,24393.19921875,24393.44921875,24389.75,24391.400390625,0
2026-08-13 12:21:00+05:30,24393.75,24393.75,24389.400390625,24389.599609375,0
2026-08-13 12:22:00+05:30,24392.25,24393.25,24388.25,24392.30078125,0
2026-08-13 12:23:00+05:30,24393.75,24398.150390625,24391.80078125,24397.25,0
2026-08-13 12:24:00+05:30,24398.25,24401.44921875,24395.80078125,24399.19921875,0
2026-08-13 12:25:00+05:30,24401.099609375,24403.55078125,24397.5,24401.849609375,0
2026-08-13 12:26:00+05:30,24402.69921875,24402.80078125,24398.150390625,24398.150390625,0
2026-08-13 12:27:00+05:30,24399.19921875,24400.0,24394.94921875,24396.05078125,0
2026-08-13 12:28:00+05:30,24397.25,24399.0,24391.5,24392.5,0
2026-08-13 12:29:00+05:30,24394.099609375,24394.80078125,24391.05078125,24393.349609375,0
2026-08-13 12:30:00+05:30,24395.80078125,24398.94921875,24392.30078125,24394.5,0
2026-08-13 12:31:00+05:30,24396.55078125,24396.55078125,24391.900390625,24394.30078125,0
2026-08-13 12:32:00+05:30,24396.30078125,24396.75,24391.650390625,24394.75,0
2026-08-13 12:33:00+05:30,24396.25,24396.55078125,24393.349609375,24395.599609375,0
2026-08-13 12:34:00+05:30,24396.849609375,24399.55078125,24394.05078125,24398.599609375,0
2026-08-13 12:35:00+05:30,24399.75,24400.0,24396.849609375,24397.75,0
2026-08-13 12:36:00+05:30,24399.55078125,24400.19921875,24395.349609375,24396.650390625,0
2026-08-13 12:37:00+05:30,24398.900390625,24398.900390625,24391.599609375,24391.80078125,0
2026-08-13 12:38:00+05:30,24393.44921875,24393.44921875,24385.599609375,24388.599609375,0
2026-08-13 12:39:00+05:30,24389.30078125,24391.400390625,24385.650390625,24390.400390625,0
2026-08-13 12:40:00+05:30,24391.599609375,24397.400390625,24390.55078125,24396.80078125,0
2026-08-13 12:41:00+05:30,24398.150390625,24401.25,24395.80078125,24395.80078125,0
2026-08-13 12:42:00+05:30,24396.05078125,24397.55078125,24393.400390625,24393.900390625,0
2026-08-13 12:43:00+05:30,24394.900390625,24394.900390625,24389.150390625,24391.19921875,0
2026-08-13 12:44:00+05:30,24392.30078125,24396.099609375,24390.30078125,24391.69921875,0
2026-08-13 12:45:00+05:30,24393.55078125,24393.55078125,24388.25,24390.150390625,0
2026-08-13 12:46:00+05:30,24392.25,24392.25,24383.5,24384.5,0
2026-08-13 12:47:00+05:30,24386.099609375,24386.099609375,24378.5,24379.94921875,0
2026-08-13 12:48:00+05:30,24380.599609375,24382.650390625,24375.650390625,24376.599609375,0
2026-08-13 12:49:00+05:30,24379.0,24379.0,24372.150390625,24372.400390625,0
2026-08-13 12:50:00+05:30,24373.849609375,24373.849609375,24368.55078125,24369.80078125,0
2026-08-13 12:51:00+05:30,24370.30078125,24370.30078125,24361.349609375,24365.05078125,0
2026-08-13 12:52:00+05:30,24366.19921875,24370.75,24365.0,24369.5,0
2026-08-13 12:53:00+05:30,24371.400390625,24372.599609375,24367.05078125,24368.849609375,0
2026-08-13 12:54:00+05:30,24370.349609375,24371.150390625,24366.19921875,24370.099609375,0
2026-08-13 12:55:00+05:30,24370.94921875,24370.94921875,24367.150390625,24369.25,0
2026-08-13 12:56:00+05:30,24370.69921875,24370.69921875,24364.69921875,24365.80078125,0
2026-08-13 12:57:00+05:30,24367.44921875,24367.44921875,24362.55078125,24363.099609375,0
2026-08-13 12:58:00+05:30,24365.5,24365.599609375,24361.400390625,24363.900390625,0
2026-08-13 12:59:00+05:30,24365.19921875,24369.150390625,24362.900390625,24369.150390625,0
2026-08-13 13:00:00+05:30,24370.150390625,24371.75,24368.0,24369.0,0
2026-08-13 13:01:00+05:30,24370.849609375,24371.650390625,24368.150390625,24368.650390625,0
2026-08-13 13:02:00+05:30,24371.19921875,24371.349609375,24367.69921875,24369.19921875,0
2026-08-13 13:03:00+05:30,24370.75,24370.80078125,24364.69921875,24367.150390625,0
2026-08-13 13:04:00+05:30,24368.0,24368.0,24360.55078125,24361.55078125,0
2026-08-13 13:05:00+05:30,24363.69921875,24365.849609375,24361.150390625,24363.69921875,0
2026-08-13 13:06:00+05:30,24365.55078125,24367.900390625,24363.25,24366.19921875,0
2026-08-13 13:07:00+05:30,24366.5,24366.69921875,24362.69921875,24364.80078125,0
2026-08-13 13:08:00+05:30,24365.400390625,24365.400390625,24361.94921875,24362.44921875,0
2026-08-13 13:09:00+05:30,24365.25,24369.349609375,24362.55078125,24367.150390625,0
2026-08-13 13:10:00+05:30,24368.75,24371.849609375,24365.69921875,24369.44921875,0
2026-08-13 13:11:00+05:30,24371.599609375,24371.599609375,24361.69921875,24363.69921875,0
2026-08-13 13:12:00+05:30,24365.25,24365.849609375,24355.650390625,24357.599609375,0
2026-08-13 13:13:00+05:30,24359.5,24360.349609375,24353.599609375,24357.099609375,0
2026-08-13 13:14:00+05:30,24358.0,24363.900390625,24355.849609375,24362.25,0
2026-08-13 13:15:00+05:30,24364.599609375,24364.599609375,24348.900390625,24349.849609375,0
2026-08-13 13:16:00+05:30,24356.099609375,24357.69921875,24352.849609375,24356.55078125,0
2026-08-13 13:17:00+05:30,24358.69921875,24372.80078125,24357.75,24369.19921875,0
2026-08-13 13:18:00+05:30,24370.400390625,24370.400390625,24356.349609375,24357.69921875,0
2026-08-13 13:19:00+05:30,24361.400390625,24361.400390625,24351.75,24355.25,0
2026-08-13 13:20:00+05:30,24357.30078125,24359.900390625,24355.0,24359.150390625,0
2026-08-13 13:21:00+05:30,24361.0,24365.0,24359.0,24363.25,0
2026-08-13 13:22:00+05:30,24365.55078125,24365.55078125,24358.150390625,24358.150390625,0
2026-08-13 13:23:00+05:30,24360.44921875,24360.44921875,24350.94921875,24352.30078125,0
2026-08-13 13:24:00+05:30,24354.19921875,24356.94921875,24351.650390625,24356.19921875,0
2026-08-13 13:25:00+05:30,24357.25,24357.25,24348.849609375,24351.599609375,0
2026-08-13 13:26:00+05:30,24353.349609375,24358.30078125,24351.349609375,24357.80078125,0
2026-08-13 13:27:00+05:30,24358.900390625,24361.44921875,24355.900390625,24359.0,0
2026-08-13 13:28:00+05:30,24361.30078125,24361.849609375,24357.19921875,24357.19921875,0
2026-08-13 13:29:00+05:30,24359.05078125,24359.05078125,24356.349609375,24356.75,0
2026-08-13 13:30:00+05:30,24358.55078125,24358.55078125,24351.94921875,24351.94921875,0
2026-08-13 13:31:00+05:30,24353.75,24357.099609375,24348.80078125,24356.19921875,0
2026-08-13 13:32:00+05:30,24357.25,24357.5,24352.55078125,24357.400390625,0
2026-08-13 13:33:00+05:30,24359.30078125,24362.75,24357.75,24358.849609375,0
2026-08-13 13:34:00+05:30,24360.150390625,24361.0,24350.650390625,24351.349609375,0
2026-08-13 13:35:00+05:30,24353.099609375,24358.94921875,24350.5,24355.30078125,0
2026-08-13 13:36:00+05:30,24357.19921875,24359.05078125,24354.849609375,24356.849609375,0
2026-08-13 13:37:00+05:30,24358.400390625,24361.5,24354.44921875,24359.400390625,0
2026-08-13 13:38:00+05:30,24361.400390625,24362.94921875,24357.94921875,24361.05078125,0
2026-08-13 13:39:00+05:30,24362.69921875,24364.80078125,24360.150390625,24363.44921875,0
2026-08-13 13:40:00+05:30,24365.349609375,24368.30078125,24363.94921875,24366.099609375,0
2026-08-13 13:41:00+05:30,24368.05078125,24369.44921875,24361.05078125,24368.44921875,0
2026-08-13 13:42:00+05:30,24370.55078125,24375.349609375,24368.349609375,24372.30078125,0
2026-08-13 13:43:00+05:30,24374.900390625,24383.849609375,24372.44921875,24379.94921875,0
2026-08-13 13:44:00+05:30,24383.0,24388.0,24380.0,24383.80078125,0
2026-08-13 13:45:00+05:30,24385.05078125,24385.05078125,24380.05078125,24381.599609375,0
2026-08-13 13:46:00+05:30,24382.30078125,24384.05078125,24379.5,24382.349609375,0
2026-08-13 13:47:00+05:30,24383.0,24395.099609375,24382.400390625,24390.5,0
2026-08-13 13:48:00+05:30,24391.44921875,24391.44921875,24374.150390625,24375.650390625,0
2026-08-13 13:49:00+05:30,24378.25,24380.80078125,24370.650390625,24377.349609375,0
2026-08-13 13:50:00+05:30,24381.349609375,24381.349609375,24374.55078125,24375.650390625,0
2026-08-13 13:51:00+05:30,24376.19921875,24381.19921875,24375.849609375,24380.80078125,0
2026-08-13 13:52:00+05:30,24380.650390625,24382.69921875,24377.69921875,24381.75,0
2026-08-13 13:53:00+05:30,24382.599609375,24383.400390625,24379.0,24382.30078125,0
2026-08-13 13:54:00+05:30,24383.25,24388.30078125,24380.849609375,24385.349609375,0
2026-08-13 13:55:00+05:30,24388.0,24393.19921875,24386.349609375,24392.19921875,0
2026-08-13 13:56:00+05:30,24394.55078125,24396.55078125,24390.349609375,24393.44921875,0
2026-08-13 13:57:00+05:30,24394.150390625,24394.150390625,24388.0,24391.55078125,0
2026-08-13 13:58:00+05:30,24393.19921875,24393.19921875,24385.25,24387.44921875,0
2026-08-13 13:59:00+05:30,24388.94921875,24396.19921875,24387.650390625,24394.19921875,0
2026-08-13 14:00:00+05:30,24395.30078125,24395.75,24382.25,24383.150390625,0
2026-08-13 14:01:00+05:30,24384.75,24384.849609375,24377.150390625,24379.599609375,0
2026-08-13 14:02:00+05:30,24379.900390625,24380.80078125,24376.0,24377.55078125,0
2026-08-13 14:03:00+05:30,24378.69921875,24379.900390625,24374.349609375,24376.0,0
2026-08-13 14:04:00+05:30,24378.150390625,24381.25,24375.80078125,24378.150390625,0
2026-08-13 14:05:00+05:30,24379.599609375,24382.400390625,24372.900390625,24373.69921875,0
2026-08-13 14:06:00+05:30,24375.900390625,24376.25,24369.400390625,24369.80078125,0
2026-08-13 14:07:00+05:30,24371.80078125,24371.849609375,24366.099609375,24366.30078125,0
2026-08-13 14:08:00+05:30,24367.599609375,24367.599609375,24359.30078125,24359.599609375,0
2026-08-13 14:09:00+05:30,24362.0,24362.0,24356.30078125,24359.0,0
2026-08-13 14:10:00+05:30,24360.650390625,24360.650390625,24356.44921875,24360.0,0
2026-08-13 14:11:00+05:30,24361.44921875,24363.900390625,24357.69921875,24358.69921875,0
2026-08-13 14:12:00+05:30,24360.19921875,24360.19921875,24354.44921875,24357.400390625,0
2026-08-13 14:13:00+05:30,24360.05078125,24360.55078125,24355.5,24355.69921875,0
2026-08-13 14:14:00+05:30,24358.349609375,24358.349609375,24353.150390625,24356.05078125,0
2026-08-13 14:15:00+05:30,24356.400390625,24358.849609375,24353.80078125,24357.650390625,0
2026-08-13 14:16:00+05:30,24359.349609375,24360.0,24356.44921875,24358.44921875,0
2026-08-13 14:17:00+05:30,24359.599609375,24359.599609375,24350.94921875,24351.599609375,0
2026-08-13 14:18:00+05:30,24352.150390625,24353.80078125,24349.19921875,24350.599609375,0
2026-08-13 14:19:00+05:30,24353.30078125,24363.900390625,24349.900390625,24360.80078125,0
2026-08-13 14:20:00+05:30,24363.099609375,24369.44921875,24362.400390625,24368.44921875,0
2026-08-13 14:21:00+05:30,24368.30078125,24373.5,24366.94921875,24373.099609375,0
2026-08-13 14:22:00+05:30,24373.94921875,24375.650390625,24370.150390625,24371.0,0
2026-08-13 14:23:00+05:30,24372.19921875,24375.5,24371.150390625,24373.05078125,0
2026-08-13 14:24:00+05:30,24374.599609375,24377.5,24372.099609375,24372.80078125,0
2026-08-13 14:25:00+05:30,24376.099609375,24376.150390625,24369.69921875,24369.69921875,0
2026-08-13 14:26:00+05:30,24373.599609375,24375.44921875,24368.849609375,24374.349609375,0
2026-08-13 14:27:00+05:30,24375.5,24377.19921875,24372.349609375,24375.5,0
2026-08-13 14:28:00+05:30,24376.80078125,24376.80078125,24368.099609375,24368.099609375,0
2026-08-13 14:29:00+05:30,24372.400390625,24376.05078125,24366.099609375,24371.650390625,0
2026-08-13 14:30:00+05:30,24373.5,24375.5,24368.69921875,24370.44921875,0
2026-08-13 14:31:00+05:30,24372.5,24372.5,24363.94921875,24367.349609375,0
2026-08-13 14:32:00+05:30,24368.400390625,24368.599609375,24360.25,24361.44921875,0
2026-08-13 14:33:00+05:30,24364.150390625,24364.150390625,24358.80078125,24361.650390625,0
2026-08-13 14:34:00+05:30,24363.30078125,24363.650390625,24357.94921875,24361.099609375,0
2026-08-13 14:35:00+05:30,24363.650390625,24364.94921875,24360.19921875,24361.900390625,0
2026-08-13 14:36:00+05:30,24363.650390625,24363.650390625,24353.099609375,24358.19921875,0
2026-08-13 14:37:00+05:30,24360.599609375,24366.05078125,24358.150390625,24364.400390625,0
2026-08-13 14:38:00+05:30,24366.599609375,24367.349609375,24362.849609375,24364.80078125,0
2026-08-13 14:39:00+05:30,24366.80078125,24366.900390625,24364.099609375,24365.25,0
2026-08-13 14:40:00+05:30,24366.55078125,24371.19921875,24364.69921875,24368.599609375,0
2026-08-13 14:41:00+05:30,24370.849609375,24371.849609375,24366.849609375,24367.44921875,0
2026-08-13 14:42:00+05:30,24369.400390625,24370.25,24365.849609375,24366.099609375,0
2026-08-13 14:43:00+05:30,24368.150390625,24368.150390625,24363.69921875,24364.849609375,0
2026-08-13 14:44:00+05:30,24365.25,24365.25,24358.44921875,24359.94921875,0
2026-08-13 14:45:00+05:30,24362.44921875,24362.44921875,24355.75,24357.55078125,0
2026-08-13 14:46:00+05:30,24357.69921875,24359.849609375,24354.80078125,24359.349609375,0
2026-08-13 14:47:00+05:30,24359.05078125,24361.0,24353.5,24354.5,0
2026-08-13 14:48:00+05:30,24356.099609375,24356.099609375,24349.80078125,24353.69921875,0
2026-08-13 14:49:00+05:30,24353.650390625,24354.900390625,24350.0,24352.25,0
2026-08-13 14:50:00+05:30,24354.75,24357.849609375,24351.0,24354.599609375,0
2026-08-13 14:51:00+05:30,24355.400390625,24355.400390625,24348.599609375,24351.25,0
2026-08-13 14:52:00+05:30,24353.650390625,24355.05078125,24350.94921875,24352.69921875,0
2026-08-13 14:53:00+05:30,24353.25,24353.650390625,24347.599609375,24350.900390625,0
2026-08-13 14:54:00+05:30,24351.849609375,24353.650390625,24347.150390625,24351.900390625,0
2026-08-13 14:55:00+05:30,24353.650390625,24355.80078125,24350.599609375,24351.599609375,0
2026-08-13 14:56:00+05:30,24352.19921875,24352.599609375,24347.650390625,24348.349609375,0
2026-08-13 14:57:00+05:30,24349.5,24353.25,24346.849609375,24350.900390625,0
2026-08-13 14:58:00+05:30,24351.44921875,24351.599609375,24336.5,24337.05078125,0
2026-08-13 14:59:00+05:30,24338.0,24348.55078125,24338.0,24344.30078125,0
2026-08-13 15:00:00+05:30,24345.19921875,24345.69921875,24339.25,24342.44921875,0
2026-08-13 15:01:00+05:30,24345.650390625,24353.099609375,24345.400390625,24352.650390625,0
2026-08-13 15:02:00+05:30,24351.650390625,24360.5,24351.19921875,24357.900390625,0
2026-08-13 15:03:00+05:30,24355.599609375,24360.099609375,24349.80078125,24356.650390625,0
2026-08-13 15:04:00+05:30,24354.25,24360.25,24354.25,24356.94921875,0
2026-08-13 15:05:00+05:30,24357.55078125,24357.55078125,24347.30078125,24348.19921875,0
2026-08-13 15:06:00+05:30,24349.849609375,24350.44921875,24343.19921875,24344.75,0
2026-08-13 15:07:00+05:30,24345.55078125,24352.69921875,24343.349609375,24352.30078125,0
2026-08-13 15:08:00+05:30,24352.099609375,24355.19921875,24348.0,24352.900390625,0
2026-08-13 15:09:00+05:30,24352.80078125,24354.400390625,24342.150390625,24347.75,0
2026-08-13 15:10:00+05:30,24348.44921875,24359.349609375,24345.650390625,24357.25,0
2026-08-13 15:11:00+05:30,24357.30078125,24358.25,24348.69921875,24349.849609375,0
2026-08-13 15:12:00+05:30,24350.55078125,24352.849609375,24342.25,24351.900390625,0
2026-08-13 15:13:00+05:30,24353.599609375,24364.5,24349.599609375,24362.0,0
2026-08-13 15:14:00+05:30,24361.69921875,24364.400390625,24350.25,24352.69921875,0
2026-08-13 15:15:00+05:30,24353.349609375,24353.349609375,24353.349609375,24353.349609375,0
2026-08-13 15:16:00+05:30,24353.349609375,24353.349609375,24353.349609375,24353.349609375,0
2026-08-13 15:17:00+05:30,24353.349609375,24353.349609375,24353.349609375,24353.349609375,0
2026-08-13 15:18:00+05:30,24353.349609375,24353.349609375,24353.349609375,24353.349609375,0
2026-08-13 15:19:00+05:30,24353.349609375,24353.349609375,24353.349609375,24353.349609375,0
2026-08-13 15:20:00+05:30,24353.349609375,24353.349609375,24353.349609375,24353.349609375,0
2026-08-13 15:21:00+05:30,24353.349609375,24353.349609375,24353.349609375,24353.349609375,0
2026-08-13 15:22:00+05:30,24353.349609375,24353.349609375,24353.349609375,24353.349609375,0
2026-08-13 15:23:00+05:30,24353.349609375,24353.349609375,24353.349609375,24353.349609375,0
2026-08-13 15:24:00+05:30,24353.349609375,24353.349609375,24353.349609375,24353.349609375,0
2026-08-13 15:25:00+05:30,24353.349609375,24353.349609375,24353.349609375,24353.349609375,0
2026-08-13 15:26:00+05:30,24353.349609375,24353.349609375,24353.349609375,24353.349609375,0
2026-08-13 15:27:00+05:30,24353.349609375,24353.349609375,24353.349609375,24353.349609375,0
2026-08-13 15:28:00+05:30,24353.349609375,24353.349609375,24353.349609375,24353.349609375,0
2026-08-13 15:29:00+05:30,24353.349609375,24395.849609375,24353.349609375,24395.849609375,0
2026-08-14 09:15:00+05:30,24363.75,24363.75,24318.150390625,24327.75,0
2026-08-14 09:16:00+05:30,24329.0,24333.099609375,24318.05078125,24331.80078125,0
2026-08-14 09:17:00+05:30,24332.599609375,24332.599609375,24319.05078125,24322.099609375,0
2026-08-14 09:18:00+05:30,24324.05078125,24327.69921875,24315.650390625,24318.75,0
2026-08-14 09:19:00+05:30,24320.400390625,24325.30078125,24314.099609375,24322.69921875,0
2026-08-14 09:20:00+05:30,24323.69921875,24324.400390625,24317.5,24319.0,0
2026-08-14 09:21:00+05:30,24317.849609375,24323.900390625,24315.75,24322.599609375,0
2026-08-14 09:22:00+05:30,24323.19921875,24326.25,24319.30078125,24322.05078125,0
2026-08-14 09:23:00+05:30,24323.80078125,24328.69921875,24322.0,24328.650390625,0
2026-08-14 09:24:00+05:30,24328.55078125,24335.900390625,24324.55078125,24324.849609375,0
2026-08-14 09:25:00+05:30,24324.94921875,24325.75,24318.05078125,24325.349609375,0
2026-08-14 09:26:00+05:30,24324.849609375,24326.05078125,24320.69921875,24323.55078125,0
2026-08-14 09:27:00+05:30,24324.650390625,24324.94921875,24318.80078125,24320.650390625,0
2026-08-14 09:28:00+05:30,24321.900390625,24323.55078125,24317.25,24317.5,0
2026-08-14 09:29:00+05:30,24318.0,24318.0,24307.19921875,24309.099609375,0
2026-08-14 09:30:00+05:30,24309.44921875,24309.900390625,24305.0,24306.349609375,0
2026-08-14 09:31:00+05:30,24307.400390625,24313.19921875,24304.599609375,24312.25,0
2026-08-14 09:32:00+05:30,24312.150390625,24326.900390625,24311.849609375,24320.05078125,0
2026-08-14 09:33:00+05:30,24320.599609375,24336.44921875,24319.0,24335.849609375,0
2026-08-14 09:34:00+05:30,24336.69921875,24336.69921875,24324.0,24325.099609375,0
2026-08-14 09:35:00+05:30,24327.44921875,24334.900390625,24326.44921875,24333.69921875,0
2026-08-14 09:36:00+05:30,24333.94921875,24337.849609375,24332.650390625,24332.849609375,0
2026-08-14 09:37:00+05:30,24332.599609375,24337.099609375,24329.30078125,24337.0,0
2026-08-14 09:38:00+05:30,24337.30078125,24342.349609375,24337.30078125,24341.19921875,0
2026-08-14 09:39:00+05:30,24342.05078125,24345.19921875,24336.900390625,24337.650390625,0
2026-08-14 09:40:00+05:30,24338.44921875,24338.650390625,24332.94921875,24333.5,0
2026-08-14 09:41:00+05:30,24335.25,24337.05078125,24328.849609375,24336.150390625,0
2026-08-14 09:42:00+05:30,24336.75,24338.25,24333.30078125,24334.69921875,0
2026-08-14 09:43:00+05:30,24334.900390625,24336.400390625,24329.30078125,24331.0,0
2026-08-14 09:44:00+05:30,24330.75,24332.75,24326.150390625,24332.05078125,0
2026-08-14 09:45:00+05:30,24333.150390625,24336.94921875,24332.099609375,24336.44921875,0
2026-08-14 09:46:00+05:30,24336.849609375,24345.0,24336.19921875,24344.30078125,0
2026-08-14 09:47:00+05:30,24344.44921875,24346.80078125,24339.150390625,24343.099609375,0
2026-08-14 09:48:00+05:30,24344.150390625,24345.30078125,24341.30078125,24343.80078125,0
2026-08-14 09:49:00+05:30,24344.19921875,24344.400390625,24339.05078125,24341.599609375,0
2026-08-14 09:50:00+05:30,24341.150390625,24345.19921875,24339.900390625,24343.25,0
2026-08-14 09:51:00+05:30,24340.05078125,24344.05078125,24338.75,24341.80078125,0
2026-08-14 09:52:00+05:30,24339.150390625,24342.55078125,24336.5,24338.19921875,0
2026-08-14 09:53:00+05:30,24336.44921875,24340.0,24330.400390625,24332.80078125,0
2026-08-14 09:54:00+05:30,24330.80078125,24334.849609375,24324.19921875,24324.69921875,0
2026-08-14 09:55:00+05:30,24326.44921875,24332.349609375,24322.55078125,24330.80078125,0
2026-08-14 09:56:00+05:30,24331.80078125,24339.94921875,24330.80078125,24337.400390625,0
2026-08-14 09:57:00+05:30,24337.650390625,24339.099609375,24335.69921875,24337.650390625,0
2026-08-14 09:58:00+05:30,24337.94921875,24343.0,24335.0,24341.55078125,0
2026-08-14 09:59:00+05:30,24341.650390625,24344.849609375,24340.150390625,24343.55078125,0
2026-08-14 10:00:00+05:30,24343.55078125,24347.94921875,24342.5,24346.349609375,0
2026-08-14 10:01:00+05:30,24347.099609375,24347.30078125,24340.650390625,24344.69921875,0
2026-08-14 10:02:00+05:30,24345.05078125,24353.349609375,24343.75,24351.349609375,0
2026-08-14 10:03:00+05:30,24351.0,24353.44921875,24347.55078125,24347.55078125,0
2026-08-14 10:04:00+05:30,24347.400390625,24350.75,24344.19921875,24350.69921875,0
2026-08-14 10:05:00+05:30,24350.849609375,24351.80078125,24348.25,24349.19921875,0
2026-08-14 10:06:00+05:30,24349.69921875,24350.599609375,24343.19921875,24343.75,0
2026-08-14 10:07:00+05:30,24344.30078125,24353.099609375,24344.099609375,24352.849609375,0
2026-08-14 10:08:00+05:30,24352.44921875,24353.19921875,24348.69921875,24350.69921875,0
2026-08-14 10:09:00+05:30,24350.25,24355.150390625,24349.349609375,24355.150390625,0
2026-08-14 10:10:00+05:30,24354.650390625,24358.94921875,24352.69921875,24358.19921875,0
2026-08-14 10:11:00+05:30,24358.599609375,24359.19921875,24352.30078125,24352.849609375,0
2026-08-14 10:12:00+05:30,24353.55078125,24353.650390625,24346.69921875,24347.19921875,0
2026-08-14 10:13:00+05:30,24348.0,24348.099609375,24342.849609375,24344.099609375,0
2026-08-14 10:14:00+05:30,24345.150390625,24347.099609375,24342.650390625,24345.44921875,0
2026-08-14 10:15:00+05:30,24345.150390625,24345.69921875,24342.55078125,24343.30078125,0
2026-08-14 10:16:00+05:30,24344.599609375,24345.099609375,24341.30078125,24342.80078125,0
2026-08-14 10:17:00+05:30,24343.900390625,24346.69921875,24340.94921875,24344.650390625,0
2026-08-14 10:18:00+05:30,24345.400390625,24347.0,24340.25,24340.25,0
2026-08-14 10:19:00+05:30,24341.599609375,24342.69921875,24336.19921875,24336.900390625,0
2026-08-14 10:20:00+05:30,24337.400390625,24341.099609375,24334.80078125,24335.5,0
2026-08-14 10:21:00+05:30,24338.19921875,24338.19921875,24332.94921875,24336.05078125,0
2026-08-14 10:22:00+05:30,24336.349609375,24337.94921875,24333.05078125,24334.44921875,0
2026-08-14 10:23:00+05:30,24335.55078125,24336.80078125,24332.30078125,24334.25,0
2026-08-14 10:24:00+05:30,24334.44921875,24335.19921875,24332.150390625,24333.80078125,0
2026-08-14 10:25:00+05:30,24334.849609375,24338.099609375,24333.44921875,24334.69921875,0
2026-08-14 10:26:00+05:30,24335.400390625,24335.849609375,24330.25,24331.900390625,0
2026-08-14 10:27:00+05:30,24332.25,24335.75,24331.349609375,24333.75,0
2026-08-14 10:28:00+05:30,24334.30078125,24335.599609375,24331.349609375,24331.94921875,0
2026-08-14 10:29:00+05:30,24332.599609375,24332.849609375,24329.55078125,24331.25,0
2026-08-14 10:30:00+05:30,24331.900390625,24332.25,24323.30078125,24323.75,0
2026-08-14 10:31:00+05:30,24324.69921875,24325.0,24309.55078125,24311.599609375,0
2026-08-14 10:32:00+05:30,24312.900390625,24313.69921875,24298.349609375,24304.25,0
2026-08-14 10:33:00+05:30,24304.19921875,24306.25,24299.25,24303.599609375,0
2026-08-14 10:34:00+05:30,24305.80078125,24309.75,24301.55078125,24309.25,0
2026-08-14 10:35:00+05:30,24309.0,24315.25,24307.099609375,24314.849609375,0
2026-08-14 10:36:00+05:30,24315.5,24318.05078125,24312.5,24312.5,0
2026-08-14 10:37:00+05:30,24313.0,24316.30078125,24310.150390625,24314.5,0
2026-08-14 10:38:00+05:30,24315.650390625,24319.849609375,24315.30078125,24318.30078125,0
2026-08-14 10:39:00+05:30,24317.650390625,24321.80078125,24316.19921875,24321.75,0
2026-08-14 10:40:00+05:30,24322.19921875,24322.5,24318.44921875,24319.349609375,0
2026-08-14 10:41:00+05:30,24319.55078125,24322.30078125,24316.75,24321.849609375,0
2026-08-14 10:42:00+05:30,24322.80078125,24322.80078125,24319.05078125,24320.849609375,0
2026-08-14 10:43:00+05:30,24319.94921875,24322.55078125,24317.44921875,24321.25,0
2026-08-14 10:44:00+05:30,24322.75,24325.69921875,24320.80078125,24324.69921875,0
2026-08-14 10:45:00+05:30,24325.25,24327.349609375,24324.099609375,24326.55078125,0
2026-08-14 10:46:00+05:30,24328.19921875,24330.30078125,24325.75,24328.900390625,0
2026-08-14 10:47:00+05:30,24329.44921875,24331.599609375,24327.5,24329.19921875,0
2026-08-14 10:48:00+05:30,24330.099609375,24335.19921875,24329.25,24334.69921875,0
2026-08-14 10:49:00+05:30,24335.099609375,24335.19921875,24332.099609375,24333.80078125,0
2026-08-14 10:50:00+05:30,24334.349609375,24336.44921875,24331.19921875,24335.599609375,0
2026-08-14 10:51:00+05:30,24335.599609375,24338.69921875,24334.150390625,24336.19921875,0
2026-08-14 10:52:00+05:30,24336.650390625,24336.650390625,24332.94921875,24334.5,0
2026-08-14 10:53:00+05:30,24334.55078125,24338.650390625,24333.0,24336.30078125,0
2026-08-14 10:54:00+05:30,24337.69921875,24338.650390625,24334.849609375,24336.69921875,0
2026-08-14 10:55:00+05:30,24335.44921875,24337.75,24332.0,24332.55078125,0
2026-08-14 10:56:00+05:30,24333.0,24334.400390625,24330.400390625,24332.94921875,0
2026-08-14 10:57:00+05:30,24334.44921875,24334.44921875,24325.0,24326.44921875,0
2026-08-14 10:58:00+05:30,24326.650390625,24327.05078125,24318.5,24319.69921875,0
2026-08-14 10:59:00+05:30,24320.75,24320.75,24312.0,24312.19921875,0
2026-08-14 11:00:00+05:30,24313.05078125,24313.05078125,24306.400390625,24308.05078125,0
2026-08-14 11:01:00+05:30,24309.150390625,24312.349609375,24306.94921875,24308.44921875,0
2026-08-14 11:02:00+05:30,24308.80078125,24317.849609375,24307.94921875,24317.599609375,0
2026-08-14 11:03:00+05:30,24318.05078125,24321.150390625,24315.849609375,24319.25,0
2026-08-14 11:04:00+05:30,24320.599609375,24322.349609375,24316.80078125,24320.19921875,0
2026-08-14 11:05:00+05:30,24321.94921875,24321.94921875,24315.94921875,24317.94921875,0
2026-08-14 11:06:00+05:30,24319.19921875,24319.75,24314.5,24317.19921875,0
2026-08-14 11:07:00+05:30,24316.75,24318.25,24314.05078125,24315.75,0
2026-08-14 11:08:00+05:30,24316.44921875,24316.94921875,24310.849609375,24311.94921875,0
2026-08-14 11:09:00+05:30,24312.150390625,24314.849609375,24309.349609375,24314.25,0
2026-08-14 11:10:00+05:30,24314.80078125,24318.349609375,24313.25,24317.55078125,0
2026-08-14 11:11:00+05:30,24318.25,24318.25,24312.94921875,24316.55078125,0
2026-08-14 11:12:00+05:30,24316.94921875,24317.69921875,24311.69921875,24313.900390625,0
2026-08-14 11:13:00+05:30,24315.0,24316.5,24312.599609375,24313.69921875,0
2026-08-14 11:14:00+05:30,24314.099609375,24316.650390625,24312.650390625,24315.0,0
2026-08-14 11:15:00+05:30,24315.5,24318.55078125,24313.94921875,24318.099609375,0
2026-08-14 11:16:00+05:30,24318.849609375,24322.650390625,24317.19921875,24319.94921875,0
2026-08-14 11:17:00+05:30,24319.650390625,24321.94921875,24317.30078125,24321.69921875,0
2026-08-14 11:18:00+05:30,24321.80078125,24324.900390625,24319.650390625,24324.30078125,0
2026-08-14 11:19:00+05:30,24324.0,24329.94921875,24322.69921875,24327.849609375,0
2026-08-14 11:20:00+05:30,24328.44921875,24328.69921875,24326.55078125,24327.80078125,0
2026-08-14 11:21:00+05:30,24328.400390625,24332.25,24326.400390625,24330.25,0
2026-08-14 11:22:00+05:30,24331.349609375,24331.80078125,24322.94921875,24327.849609375,0
2026-08-14 11:23:00+05:30,24328.05078125,24329.80078125,24324.94921875,24326.099609375,0
2026-08-14 11:24:00+05:30,24327.69921875,24329.650390625,24324.44921875,24327.69921875,0
2026-08-14 11:25:00+05:30,24328.25,24329.849609375,24325.5,24326.94921875,0
2026-08-14 11:26:00+05:30,24327.30078125,24327.44921875,24318.30078125,24319.400390625,0
2026-08-14 11:27:00+05:30,24322.150390625,24323.400390625,24319.05078125,24320.55078125,0
2026-08-14 11:28:00+05:30,24321.349609375,24321.349609375,24316.400390625,24317.0,0
2026-08-14 11:29:00+05:30,24317.30078125,24319.349609375,24313.44921875,24315.80078125,0
2026-08-14 11:30:00+05:30,24315.69921875,24316.349609375,24309.400390625,24311.349609375,0
2026-08-14 11:31:00+05:30,24312.44921875,24317.349609375,24311.94921875,24315.80078125,0
2026-08-14 11:32:00+05:30,24316.599609375,24316.900390625,24312.30078125,24315.69921875,0
2026-08-14 11:33:00+05:30,24316.19921875,24321.80078125,24315.099609375,24321.19921875,0
2026-08-14 11:34:00+05:30,24320.599609375,24321.400390625,24315.599609375,24318.75,0
2026-08-14 11:35:00+05:30,24318.44921875,24320.150390625,24315.650390625,24319.150390625,0
2026-08-14 11:36:00+05:30,24320.0,24320.650390625,24316.55078125,24317.0,0
2026-08-14 11:37:00+05:30,24317.5,24317.5,24312.349609375,24313.69921875,0
2026-08-14 11:38:00+05:30,24313.900390625,24316.400390625,24312.55078125,24314.69921875,0
2026-08-14 11:39:00+05:30,24314.849609375,24322.349609375,24314.30078125,24320.44921875,0
2026-08-14 11:40:00+05:30,24322.19921875,24324.0,24319.30078125,24323.650390625,0
2026-08-14 11:41:00+05:30,24322.44921875,24325.650390625,24320.94921875,24321.25,0
2026-08-14 11:42:00+05:30,24322.0,24323.599609375,24319.849609375,24322.0,0
2026-08-14 11:43:00+05:30,24322.80078125,24327.25,24322.80078125,24326.099609375,0
2026-08-14 11:44:00+05:30,24327.19921875,24330.69921875,24326.150390625,24327.69921875,0
2026-08-14 11:45:00+05:30,24328.0,24329.94921875,24325.25,24328.55078125,0
2026-08-14 11:46:00+05:30,24329.44921875,24336.94921875,24328.44921875,24335.349609375,0
2026-08-14 11:47:00+05:30,24336.19921875,24336.349609375,24330.55078125,24332.150390625,0
2026-08-14 11:48:00+05:30,24332.400390625,24333.25,24326.94921875,24329.25,0
2026-08-14 11:49:00+05:30,24329.05078125,24329.5,24325.55078125,24326.94921875,0
2026-08-14 11:50:00+05:30,24327.650390625,24330.0,24325.19921875,24329.099609375,0
2026-08-14 11:51:00+05:30,24329.650390625,24330.19921875,24326.75,24329.150390625,0
2026-08-14 11:52:00+05:30,24330.150390625,24332.349609375,24327.5,24331.849609375,0
2026-08-14 11:53:00+05:30,24332.30078125,24336.25,24331.0,24335.0,0
2026-08-14 11:54:00+05:30,24333.25,24336.099609375,24328.25,24329.75,0
2026-08-14 11:55:00+05:30,24330.55078125,24333.349609375,24328.849609375,24332.400390625,0
2026-08-14 11:56:00+05:30,24333.19921875,24333.599609375,24328.19921875,24328.599609375,0
2026-08-14 11:57:00+05:30,24329.400390625,24329.400390625,24321.94921875,24325.650390625,0
2026-08-14 11:58:00+05:30,24326.650390625,24328.349609375,24324.55078125,24327.30078125,0
2026-08-14 11:59:00+05:30,24328.05078125,24330.599609375,24325.849609375,24326.900390625,0
2026-08-14 12:00:00+05:30,24328.19921875,24329.650390625,24324.349609375,24326.05078125,0
2026-08-14 12:01:00+05:30,24326.5,24326.5,24321.94921875,24321.94921875,0
2026-08-14 12:02:00+05:30,24323.099609375,24325.349609375,24320.349609375,24323.75,0
2026-08-14 12:03:00+05:30,24325.25,24325.599609375,24321.05078125,24322.94921875,0
2026-08-14 12:04:00+05:30,24323.44921875,24323.599609375,24319.25,24321.69921875,0
2026-08-14 12:05:00+05:30,24321.900390625,24327.94921875,24321.44921875,24326.75,0
2026-08-14 12:06:00+05:30,24327.849609375,24335.0,24326.55078125,24332.599609375,0
2026-08-14 12:07:00+05:30,24334.25,24340.650390625,24331.5,24337.94921875,0
2026-08-14 12:08:00+05:30,24338.349609375,24338.849609375,24334.55078125,24335.69921875,0
2026-08-14 12:09:00+05:30,24336.25,24337.900390625,24333.349609375,24335.349609375,0
2026-08-14 12:10:00+05:30,24335.75,24339.69921875,24335.099609375,24339.69921875,0
2026-08-14 12:11:00+05:30,24339.69921875,24343.69921875,24337.25,24341.5,0
2026-08-14 12:12:00+05:30,24342.650390625,24345.55078125,24338.099609375,24340.650390625,0
2026-08-14 12:13:00+05:30,24340.75,24342.55078125,24338.75,24340.30078125,0
2026-08-14 12:14:00+05:30,24340.80078125,24342.400390625,24338.650390625,24341.44921875,0
2026-08-14 12:15:00+05:30,24342.0,24344.0,24339.900390625,24342.80078125,0
2026-08-14 12:16:00+05:30,24342.900390625,24343.69921875,24340.94921875,24342.75,0
2026-08-14 12:17:00+05:30,24343.150390625,24344.55078125,24341.44921875,24343.099609375,0
2026-08-14 12:18:00+05:30,24344.19921875,24346.44921875,24342.80078125,24345.599609375,0
2026-08-14 12:19:00+05:30,24346.150390625,24349.25,24343.900390625,24349.0,0
2026-08-14 12:20:00+05:30,24349.30078125,24349.599609375,24345.69921875,24347.25,0
2026-08-14 12:21:00+05:30,24348.05078125,24349.849609375,24345.900390625,24346.69921875,0
2026-08-14 12:22:00+05:30,24347.099609375,24350.69921875,24345.5,24349.349609375,0
2026-08-14 12:23:00+05:30,24349.25,24351.94921875,24347.650390625,24349.150390625,0
2026-08-14 12:24:00+05:30,24349.44921875,24354.0,24348.30078125,24351.650390625,0
2026-08-14 12:25:00+05:30,24353.75,24354.650390625,24348.099609375,24349.400390625,0
2026-08-14 12:26:00+05:30,24350.150390625,24350.150390625,24343.55078125,24345.44921875,0
2026-08-14 12:27:00+05:30,24345.75,24348.44921875,24343.25,24345.849609375,0
2026-08-14 12:28:00+05:30,24346.55078125,24350.94921875,24344.900390625,24345.80078125,0
2026-08-14 12:29:00+05:30,24346.75,24349.0,24344.650390625,24347.30078125,0
2026-08-14 12:30:00+05:30,24346.80078125,24347.94921875,24344.05078125,24345.55078125,0
2026-08-14 12:31:00+05:30,24346.30078125,24347.099609375,24340.900390625,24341.900390625,0
2026-08-14 12:32:00+05:30,24342.400390625,24344.5,24340.150390625,24340.44921875,0
2026-08-14 12:33:00+05:30,24342.0,24345.44921875,24340.0,24344.599609375,0
2026-08-14 12:34:00+05:30,24344.849609375,24346.75,24342.650390625,24344.5,0
2026-08-14 12:35:00+05:30,24344.099609375,24346.05078125,24341.55078125,24344.75,0
2026-08-14 12:36:00+05:30,24344.849609375,24346.80078125,24339.650390625,24339.650390625,0
2026-08-14 12:37:00+05:30,24340.55078125,24343.400390625,24338.849609375,24342.80078125,0
2026-08-14 12:38:00+05:30,24343.650390625,24345.150390625,24341.25,24344.69921875,0
2026-08-14 12:39:00+05:30,24344.69921875,24346.25,24340.900390625,24340.900390625,0
2026-08-14 12:40:00+05:30,24342.0,24346.099609375,24340.44921875,24342.650390625,0
2026-08-14 12:41:00+05:30,24342.44921875,24344.19921875,24336.75,24337.75,0
2026-08-14 12:42:00+05:30,24338.69921875,24338.69921875,24333.650390625,24334.30078125,0
2026-08-14 12:43:00+05:30,24335.75,24339.5,24333.44921875,24336.80078125,0
2026-08-14 12:44:00+05:30,24337.0,24338.849609375,24334.5,24336.55078125,0
2026-08-14 12:45:00+05:30,24336.650390625,24340.19921875,24334.80078125,24335.650390625,0
2026-08-14 12:46:00+05:30,24336.44921875,24341.30078125,24335.650390625,24337.94921875,0
2026-08-14 12:47:00+05:30,24337.599609375,24341.099609375,24336.650390625,24339.05078125,0
2026-08-14 12:48:00+05:30,24338.19921875,24347.349609375,24337.349609375,24344.349609375,0
2026-08-14 12:49:00+05:30,24344.099609375,24347.69921875,24342.599609375,24345.30078125,0
2026-08-14 12:50:00+05:30,24345.44921875,24349.349609375,24343.69921875,24348.599609375,0
2026-08-14 12:51:00+05:30,24348.25,24351.349609375,24347.349609375,24348.650390625,0
2026-08-14 12:52:00+05:30,24348.849609375,24352.25,24347.150390625,24348.599609375,0
2026-08-14 12:53:00+05:30,24349.150390625,24352.599609375,24347.400390625,24348.44921875,0
2026-08-14 12:54:00+05:30,24348.44921875,24353.30078125,24348.05078125,24350.69921875,0
2026-08-14 12:55:00+05:30,24349.900390625,24351.599609375,24347.400390625,24348.150390625,0
2026-08-14 12:56:00+05:30,24348.599609375,24351.25,24347.94921875,24349.0,0
2026-08-14 12:57:00+05:30,24349.5,24352.0,24347.099609375,24349.349609375,0
2026-08-14 12:58:00+05:30,24349.599609375,24350.150390625,24344.400390625,24345.650390625,0
2026-08-14 12:59:00+05:30,24345.650390625,24349.80078125,24344.150390625,24349.55078125,0
2026-08-14 13:00:00+05:30,24349.400390625,24352.150390625,24347.650390625,24347.849609375,0
2026-08-14 13:01:00+05:30,24348.19921875,24349.849609375,24345.44921875,24346.650390625,0
2026-08-14 13:02:00+05:30,24346.599609375,24349.0,24345.25,24348.0,0
2026-08-14 13:03:00+05:30,24348.55078125,24348.55078125,24345.25,24345.75,0
2026-08-14 13:04:00+05:30,24346.75,24347.69921875,24343.94921875,24344.900390625,0
2026-08-14 13:05:00+05:30,24345.150390625,24347.349609375,24343.150390625,24345.150390625,0
2026-08-14 13:06:00+05:30,24345.19921875,24346.650390625,24343.25,24344.0,0
2026-08-14 13:07:00+05:30,24343.75,24345.44921875,24340.75,24342.0,0
2026-08-14 13:08:00+05:30,24342.25,24343.69921875,24340.44921875,24342.55078125,0
2026-08-14 13:09:00+05:30,24341.69921875,24344.19921875,24341.05078125,24342.0,0
2026-08-14 13:10:00+05:30,24341.80078125,24346.05078125,24341.599609375,24343.80078125,0
2026-08-14 13:11:00+05:30,24343.94921875,24344.349609375,24340.75,24344.30078125,0
2026-08-14 13:12:00+05:30,24343.650390625,24345.05078125,24341.30078125,24343.30078125,0
2026-08-14 13:13:00+05:30,24343.5,24347.150390625,24342.80078125,24345.650390625,0
2026-08-14 13:14:00+05:30,24345.150390625,24348.349609375,24343.599609375,24346.849609375,0
2026-08-14 13:15:00+05:30,24347.0,24348.80078125,24345.099609375,24345.80078125,0
2026-08-14 13:16:00+05:30,24346.19921875,24347.099609375,24339.44921875,24340.94921875,0
2026-08-14 13:17:00+05:30,24341.150390625,24345.94921875,24339.44921875,24344.0,0
2026-08-14 13:18:00+05:30,24344.94921875,24347.099609375,24341.69921875,24345.30078125,0
2026-08-14 13:19:00+05:30,24345.75,24346.05078125,24342.099609375,24343.75,0
2026-08-14 13:20:00+05:30,24344.19921875,24345.599609375,24341.69921875,24344.19921875,0
2026-08-14 13:21:00+05:30,24344.0,24348.099609375,24342.94921875,24344.80078125,0
2026-08-14 13:22:00+05:30,24344.80078125,24346.5,24343.0,24343.900390625,0
2026-08-14 13:23:00+05:30,24343.099609375,24345.0,24341.69921875,24342.900390625,0
2026-08-14 13:24:00+05:30,24343.19921875,24346.25,24342.349609375,24343.75,0
2026-08-14 13:25:00+05:30,24343.5,24344.69921875,24338.599609375,24339.099609375,0
2026-08-14 13:26:00+05:30,24339.30078125,24340.849609375,24337.30078125,24338.599609375,0
2026-08-14 13:27:00+05:30,24338.5,24340.94921875,24337.5,24339.19921875,0
2026-08-14 13:28:00+05:30,24339.0,24342.30078125,24338.05078125,24341.94921875,0
2026-08-14 13:29:00+05:30,24342.0,24344.099609375,24339.849609375,24340.55078125,0
2026-08-14 13:30:00+05:30,24340.19921875,24341.650390625,24337.5,24338.94921875,0
2026-08-14 13:31:00+05:30,24338.55078125,24341.55078125,24337.05078125,24338.19921875,0
2026-08-14 13:32:00+05:30,24338.349609375,24339.19921875,24333.30078125,24334.30078125,0
2026-08-14 13:33:00+05:30,24334.55078125,24335.55078125,24332.0,24332.599609375,0
2026-08-14 13:34:00+05:30,24333.80078125,24334.400390625,24328.349609375,24330.05078125,0
2026-08-14 13:35:00+05:30,24329.75,24331.150390625,24327.349609375,24329.0,0
2026-08-14 13:36:00+05:30,24328.900390625,24331.19921875,24328.150390625,24330.5,0
2026-08-14 13:37:00+05:30,24329.94921875,24335.150390625,24329.849609375,24334.0,0
2026-08-14 13:38:00+05:30,24333.400390625,24340.25,24333.0,24339.650390625,0
2026-08-14 13:39:00+05:30,24340.099609375,24349.5,24339.599609375,24348.30078125,0
2026-08-14 13:40:00+05:30,24348.69921875,24352.94921875,24348.19921875,24352.400390625,0
2026-08-14 13:41:00+05:30,24352.19921875,24353.400390625,24349.849609375,24350.69921875,0
2026-08-14 13:42:00+05:30,24350.349609375,24353.400390625,24350.150390625,24352.05078125,0
2026-08-14 13:43:00+05:30,24351.80078125,24357.19921875,24351.80078125,24355.849609375,0
2026-08-14 13:44:00+05:30,24356.150390625,24358.30078125,24355.150390625,24357.349609375,0
2026-08-14 13:45:00+05:30,24357.400390625,24384.44921875,24356.80078125,24383.55078125,0
2026-08-14 13:46:00+05:30,24383.400390625,24391.099609375,24383.400390625,24388.75,0
2026-08-14 13:47:00+05:30,24389.19921875,24389.650390625,24378.44921875,24379.5,0
2026-08-14 13:48:00+05:30,24379.75,24381.44921875,24376.75,24377.599609375,0
2026-08-14 13:49:00+05:30,24377.44921875,24385.19921875,24377.44921875,24383.69921875,0
2026-08-14 13:50:00+05:30,24383.69921875,24388.650390625,24383.5,24387.650390625,0
2026-08-14 13:51:00+05:30,24387.650390625,24389.099609375,24382.400390625,24383.05078125,0
2026-08-14 13:52:00+05:30,24383.900390625,24384.69921875,24380.400390625,24383.55078125,0
2026-08-14 13:53:00+05:30,24383.69921875,24387.099609375,24382.80078125,24384.849609375,0
2026-08-14 13:54:00+05:30,24385.05078125,24389.099609375,24384.5,24385.599609375,0
2026-08-14 13:55:00+05:30,24386.400390625,24388.5,24383.099609375,24383.099609375,0
2026-08-14 13:56:00+05:30,24383.44921875,24385.75,24381.599609375,24382.80078125,0
2026-08-14 13:57:00+05:30,24383.69921875,24390.599609375,24383.44921875,24388.19921875,0
2026-08-14 13:58:00+05:30,24389.150390625,24395.05078125,24389.150390625,24392.599609375,0
2026-08-14 13:59:00+05:30,24392.05078125,24397.80078125,24392.05078125,24395.0,0
2026-08-14 14:00:00+05:30,24395.0,24399.400390625,24394.150390625,24396.30078125,0
2026-08-14 14:01:00+05:30,24396.80078125,24401.5,24396.25,24401.05078125,0
2026-08-14 14:02:00+05:30,24400.849609375,24405.19921875,24400.400390625,24402.05078125,0
2026-08-14 14:03:00+05:30,24402.75,24405.19921875,24399.30078125,24399.400390625,0
2026-08-14 14:04:00+05:30,24400.349609375,24400.849609375,24393.0,24395.30078125,0
2026-08-14 14:05:00+05:30,24395.900390625,24398.80078125,24395.30078125,24396.25,0
2026-08-14 14:06:00+05:30,24395.69921875,24396.0,24387.349609375,24393.599609375,0
2026-08-14 14:07:00+05:30,24393.75,24394.349609375,24390.5,24391.349609375,0
2026-08-14 14:08:00+05:30,24391.900390625,24392.69921875,24388.44921875,24390.849609375,0
2026-08-14 14:09:00+05:30,24391.349609375,24393.69921875,24389.69921875,24389.94921875,0
2026-08-14 14:10:00+05:30,24390.5,24392.05078125,24387.5,24390.44921875,0
2026-08-14 14:11:00+05:30,24389.69921875,24390.19921875,24386.19921875,24387.400390625,0
2026-08-14 14:12:00+05:30,24387.05078125,24389.849609375,24382.80078125,24384.69921875,0
2026-08-14 14:13:00+05:30,24385.599609375,24388.69921875,24384.69921875,24386.849609375,0
2026-08-14 14:14:00+05:30,24386.75,24387.150390625,24382.5,24383.349609375,0
2026-08-14 14:15:00+05:30,24383.19921875,24386.349609375,24381.599609375,24384.44921875,0
2026-08-14 14:16:00+05:30,24384.400390625,24389.0,24383.349609375,24389.0,0
2026-08-14 14:17:00+05:30,24388.150390625,24389.19921875,24384.30078125,24384.650390625,0
2026-08-14 14:18:00+05:30,24385.400390625,24385.75,24381.25,24382.80078125,0
2026-08-14 14:19:00+05:30,24382.75,24383.349609375,24378.650390625,24379.94921875,0
2026-08-14 14:20:00+05:30,24378.69921875,24381.0,24376.94921875,24378.599609375,0
2026-08-14 14:21:00+05:30,24378.599609375,24380.400390625,24374.05078125,24375.25,0
2026-08-14 14:22:00+05:30,24376.400390625,24377.75,24372.80078125,24373.55078125,0
2026-08-14 14:23:00+05:30,24373.94921875,24377.099609375,24372.80078125,24376.19921875,0
2026-08-14 14:24:00+05:30,24376.30078125,24378.25,24374.19921875,24376.900390625,0
2026-08-14 14:25:00+05:30,24377.30078125,24379.19921875,24375.55078125,24377.05078125,0
2026-08-14 14:26:00+05:30,24377.900390625,24378.5,24374.19921875,24376.400390625,0
2026-08-14 14:27:00+05:30,24376.69921875,24377.19921875,24370.30078125,24371.44921875,0
2026-08-14 14:28:00+05:30,24371.400390625,24374.25,24369.650390625,24373.0,0
2026-08-14 14:29:00+05:30,24373.650390625,24374.44921875,24370.400390625,24371.599609375,0
2026-08-14 14:30:00+05:30,24372.599609375,24373.44921875,24367.55078125,24371.30078125,0
2026-08-14 14:31:00+05:30,24371.75,24374.849609375,24369.55078125,24372.849609375,0
2026-08-14 14:32:00+05:30,24372.44921875,24375.0,24370.19921875,24372.599609375,0
2026-08-14 14:33:00+05:30,24373.80078125,24373.900390625,24370.099609375,24370.849609375,0
2026-08-14 14:34:00+05:30,24371.099609375,24372.5,24369.25,24371.599609375,0
2026-08-14 14:35:00+05:30,24371.94921875,24372.69921875,24369.099609375,24370.5,0
2026-08-14 14:36:00+05:30,24370.599609375,24373.5,24369.25,24372.94921875,0
2026-08-14 14:37:00+05:30,24373.30078125,24373.5,24366.400390625,24368.0,0
2026-08-14 14:38:00+05:30,24368.0,24372.30078125,24367.44921875,24370.55078125,0
2026-08-14 14:39:00+05:30,24370.75,24371.19921875,24368.0,24369.349609375,0
2026-08-14 14:40:00+05:30,24369.349609375,24373.099609375,24368.400390625,24371.849609375,0
2026-08-14 14:41:00+05:30,24371.55078125,24373.75,24370.099609375,24372.099609375,0
2026-08-14 14:42:00+05:30,24372.19921875,24373.80078125,24371.0,24372.900390625,0
2026-08-14 14:43:00+05:30,24373.0,24373.849609375,24370.349609375,24371.05078125,0
2026-08-14 14:44:00+05:30,24371.849609375,24372.19921875,24368.599609375,24369.44921875,0
2026-08-14 14:45:00+05:30,24370.0,24374.150390625,24368.25,24371.44921875,0
2026-08-14 14:46:00+05:30,24371.099609375,24373.150390625,24367.900390625,24368.849609375,0
2026-08-14 14:47:00+05:30,24367.30078125,24369.30078125,24365.5,24366.25,0
2026-08-14 14:48:00+05:30,24365.05078125,24367.80078125,24364.900390625,24366.650390625,0
2026-08-14 14:49:00+05:30,24365.75,24368.0,24364.75,24366.80078125,0
2026-08-14 14:50:00+05:30,24365.650390625,24371.05078125,24365.650390625,24370.349609375,0
2026-08-14 14:51:00+05:30,24367.849609375,24379.650390625,24367.400390625,24377.5,0
2026-08-14 14:52:00+05:30,24376.0,24380.900390625,24376.0,24380.55078125,0
2026-08-14 14:53:00+05:30,24379.55078125,24382.05078125,24377.05078125,24379.099609375,0
2026-08-14 14:54:00+05:30,24377.55078125,24383.400390625,24377.44921875,24382.400390625,0
2026-08-14 14:55:00+05:30,24380.900390625,24384.400390625,24378.5,24380.94921875,0
2026-08-14 14:56:00+05:30,24378.69921875,24383.400390625,24378.69921875,24381.05078125,0
2026-08-14 14:57:00+05:30,24379.25,24383.099609375,24379.25,24381.80078125,0
2026-08-14 14:58:00+05:30,24381.400390625,24381.5,24375.599609375,24377.75,0
2026-08-14 14:59:00+05:30,24376.400390625,24378.25,24373.400390625,24374.599609375,0
2026-08-14 15:00:00+05:30,24374.25,24379.0,24370.69921875,24377.30078125,0
2026-08-14 15:01:00+05:30,24378.099609375,24381.44921875,24376.30078125,24381.19921875,0
2026-08-14 15:02:00+05:30,24381.69921875,24382.25,24378.80078125,24379.650390625,0
2026-08-14 15:03:00+05:30,24379.75,24381.44921875,24377.150390625,24377.69921875,0
2026-08-14 15:04:00+05:30,24378.05078125,24378.349609375,24374.650390625,24375.44921875,0
2026-08-14 15:05:00+05:30,24375.75,24376.05078125,24370.55078125,24374.400390625,0
2026-08-14 15:06:00+05:30,24375.19921875,24375.849609375,24368.25,24371.599609375,0
2026-08-14 15:07:00+05:30,24371.150390625,24375.349609375,24370.150390625,24374.25,0
2026-08-14 15:08:00+05:30,24373.099609375,24377.44921875,24372.94921875,24375.099609375,0
2026-08-14 15:09:00+05:30,24375.44921875,24376.05078125,24368.30078125,24371.05078125,0
2026-08-14 15:10:00+05:30,24371.150390625,24373.099609375,24370.5,24371.69921875,0
2026-08-14 15:11:00+05:30,24370.69921875,24372.75,24368.80078125,24370.69921875,0
2026-08-14 15:12:00+05:30,24369.75,24375.19921875,24365.30078125,24370.19921875,0
2026-08-14 15:13:00+05:30,24370.150390625,24374.349609375,24364.55078125,24370.349609375,0
2026-08-14 15:14:00+05:30,24367.0,24372.25,24354.44921875,24354.44921875,0
2026-08-14 15:15:00+05:30,24354.849609375,24354.849609375,24354.849609375,24354.849609375,0
2026-08-14 15:16:00+05:30,24354.849609375,24354.849609375,24354.849609375,24354.849609375,0
2026-08-14 15:17:00+05:30,24354.849609375,24354.849609375,24354.849609375,24354.849609375,0
2026-08-14 15:18:00+05:30,24354.849609375,24354.849609375,24354.849609375,24354.849609375,0
2026-08-14 15:19:00+05:30,24354.849609375,24354.849609375,24354.849609375,24354.849609375,0
2026-08-14 15:20:00+05:30,24354.849609375,24354.849609375,24354.849609375,24354.849609375,0
2026-08-14 15:21:00+05:30,24354.849609375,24354.849609375,24354.849609375,24354.849609375,0
2026-08-14 15:22:00+05:30,24354.849609375,24354.849609375,24354.849609375,24354.849609375,0
2026-08-14 15:23:00+05:30,24354.849609375,24354.849609375,24354.849609375,24354.849609375,0
2026-08-14 15:24:00+05:30,24354.849609375,24354.849609375,24354.849609375,24354.849609375,0
2026-08-14 15:25:00+05:30,24354.849609375,24354.849609375,24354.849609375,24354.849609375,0
2026-08-14 15:26:00+05:30,24354.849609375,24354.849609375,24354.849609375,24354.849609375,0
2026-08-14 15:27:00+05:30,24354.849609375,24354.849609375,24354.849609375,24354.849609375,0
2026-08-14 15:28:00+05:30,24354.849609375,24366.0,24354.849609375,24366.0,0
2026-08-14 15:29:00+05:30,24366.0,24366.0,24366.0,24366.0,0
2026-08-17 09:15:00+05:30,24343.44921875,24357.599609375,24297.650390625,24307.94921875,0
2026-08-17 09:16:00+05:30,24296.400390625,24305.900390625,24294.849609375,24294.849609375,0
2026-08-17 09:17:00+05:30,24295.30078125,24301.19921875,24292.599609375,24294.0,0
2026-08-17 09:18:00+05:30,24293.19921875,24297.94921875,24283.05078125,24295.80078125,0
2026-08-17 09:19:00+05:30,24295.19921875,24307.30078125,24291.80078125,24306.650390625,0
2026-08-17 09:20:00+05:30,24306.05078125,24306.69921875,24294.44921875,24304.94921875,0
2026-08-17 09:21:00+05:30,24305.94921875,24310.19921875,24301.94921875,24303.44921875,0
2026-08-17 09:22:00+05:30,24303.44921875,24303.44921875,24294.44921875,24299.5,0
2026-08-17 09:23:00+05:30,24299.05078125,24307.19921875,24293.25,24306.400390625,0
2026-08-17 09:24:00+05:30,24306.099609375,24310.0,24298.75,24303.400390625,0
2026-08-17 09:25:00+05:30,24303.099609375,24307.44921875,24296.650390625,24306.150390625,0
2026-08-17 09:26:00+05:30,24306.650390625,24311.94921875,24306.150390625,24311.94921875,0
2026-08-17 09:27:00+05:30,24311.75,24312.400390625,24299.05078125,24300.44921875,0
2026-08-17 09:28:00+05:30,24299.30078125,24305.44921875,24298.599609375,24301.349609375,0
2026-08-17 09:29:00+05:30,24300.650390625,24310.150390625,24300.650390625,24306.349609375,0
2026-08-17 09:30:00+05:30,24306.05078125,24307.75,24294.849609375,24295.94921875,0
2026-08-17 09:31:00+05:30,24295.849609375,24300.150390625,24291.94921875,24293.75,0
2026-08-17 09:32:00+05:30,24294.30078125,24295.5,24286.55078125,24286.55078125,0
2026-08-17 09:33:00+05:30,24286.349609375,24288.44921875,24281.44921875,24283.69921875,0
2026-08-17 09:34:00+05:30,24283.75,24288.05078125,24283.0,24287.69921875,0
2026-08-17 09:35:00+05:30,24287.099609375,24294.30078125,24286.5,24290.55078125,0
2026-08-17 09:36:00+05:30,24290.25,24296.599609375,24289.150390625,24294.05078125,0
2026-08-17 09:37:00+05:30,24293.650390625,24299.599609375,24290.19921875,24299.30078125,0
2026-08-17 09:38:00+05:30,24299.099609375,24302.900390625,24297.55078125,24300.900390625,0
2026-08-17 09:39:00+05:30,24300.150390625,24300.650390625,24291.05078125,24293.30078125,0
2026-08-17 09:40:00+05:30,24293.150390625,24300.400390625,24293.150390625,24300.0,0
2026-08-17 09:41:00+05:30,24299.05078125,24308.099609375,24299.05078125,24308.099609375,0
2026-08-17 09:42:00+05:30,24308.0,24312.44921875,24302.69921875,24302.69921875,0
2026-08-17 09:43:00+05:30,24301.80078125,24308.25,24300.80078125,24302.69921875,0
2026-08-17 09:44:00+05:30,24304.05078125,24305.349609375,24300.80078125,24301.0,0
2026-08-17 09:45:00+05:30,24301.349609375,24304.44921875,24298.94921875,24302.19921875,0
2026-08-17 09:46:00+05:30,24302.400390625,24304.650390625,24297.900390625,24300.05078125,0
2026-08-17 09:47:00+05:30,24300.25,24301.25,24296.05078125,24297.44921875,0
2026-08-17 09:48:00+05:30,24297.400390625,24302.94921875,24296.5,24301.5,0
2026-08-17 09:49:00+05:30,24302.0,24307.0,24301.05078125,24304.650390625,0
2026-08-17 09:50:00+05:30,24305.05078125,24309.25,24303.150390625,24306.0,0
2026-08-17 09:51:00+05:30,24306.599609375,24309.099609375,24302.94921875,24306.80078125,0
2026-08-17 09:52:00+05:30,24306.30078125,24308.94921875,24303.5,24304.55078125,0
2026-08-17 09:53:00+05:30,24304.55078125,24305.80078125,24299.849609375,24301.80078125,0
2026-08-17 09:54:00+05:30,24302.0,24302.599609375,24295.44921875,24300.30078125,0
2026-08-17 09:55:00+05:30,24300.150390625,24301.69921875,24297.75,24299.900390625,0
2026-08-17 09:56:00+05:30,24299.55078125,24300.849609375,24291.94921875,24292.349609375,0
2026-08-17 09:57:00+05:30,24292.19921875,24295.44921875,24291.80078125,24293.400390625,0
2026-08-17 09:58:00+05:30,24293.5,24295.5,24288.599609375,24288.650390625,0
2026-08-17 09:59:00+05:30,24289.25,24291.05078125,24283.849609375,24283.849609375,0
2026-08-17 10:00:00+05:30,24283.94921875,24287.05078125,24283.650390625,24285.599609375,0
2026-08-17 10:01:00+05:30,24286.19921875,24294.05078125,24284.599609375,24292.44921875,0
2026-08-17 10:02:00+05:30,24292.900390625,24295.650390625,24290.349609375,24291.099609375,0
2026-08-17 10:03:00+05:30,24291.25,24293.0,24287.150390625,24288.599609375,0
2026-08-17 10:04:00+05:30,24288.599609375,24292.44921875,24285.599609375,24291.150390625,0
2026-08-17 10:05:00+05:30,24291.30078125,24294.05078125,24288.44921875,24291.80078125,0
2026-08-17 10:06:00+05:30,24291.44921875,24294.150390625,24287.5,24293.19921875,0
2026-08-17 10:07:00+05:30,24293.44921875,24295.05078125,24288.30078125,24288.69921875,0
2026-08-17 10:08:00+05:30,24288.44921875,24292.0,24286.5,24291.150390625,0
2026-08-17 10:09:00+05:30,24290.5,24293.349609375,24288.55078125,24290.94921875,0
2026-08-17 10:10:00+05:30,24291.30078125,24292.400390625,24286.94921875,24287.94921875,0
2026-08-17 10:11:00+05:30,24287.80078125,24290.099609375,24280.5,24280.55078125,0
2026-08-17 10:12:00+05:30,24279.900390625,24282.099609375,24277.400390625,24278.44921875,0
2026-08-17 10:13:00+05:30,24279.05078125,24282.349609375,24277.55078125,24280.150390625,0
2026-08-17 10:14:00+05:30,24280.75,24283.80078125,24277.400390625,24281.5,0
2026-08-17 10:15:00+05:30,24281.44921875,24283.80078125,24280.05078125,24282.650390625,0
2026-08-17 10:16:00+05:30,24281.69921875,24283.900390625,24280.150390625,24280.94921875,0
2026-08-17 10:17:00+05:30,24281.19921875,24282.650390625,24264.0,24266.0,0
2026-08-17 10:18:00+05:30,24266.25,24268.69921875,24259.55078125,24261.19921875,0
2026-08-17 10:19:00+05:30,24261.19921875,24265.349609375,24259.900390625,24263.599609375,0
2026-08-17 10:20:00+05:30,24264.25,24264.69921875,24260.69921875,24261.75,0
2026-08-17 10:21:00+05:30,24261.94921875,24263.0,24257.150390625,24258.44921875,0
2026-08-17 10:22:00+05:30,24258.69921875,24262.55078125,24258.0,24259.650390625,0
2026-08-17 10:23:00+05:30,24259.400390625,24260.599609375,24256.30078125,24257.80078125,0
2026-08-17 10:24:00+05:30,24257.849609375,24258.849609375,24251.900390625,24252.80078125,0
2026-08-17 10:25:00+05:30,24252.69921875,24254.400390625,24250.80078125,24252.25,0
2026-08-17 10:26:00+05:30,24252.349609375,24255.599609375,24250.0,24253.099609375,0
2026-08-17 10:27:00+05:30,24253.900390625,24260.19921875,24252.599609375,24258.44921875,0
2026-08-17 10:28:00+05:30,24259.05078125,24263.05078125,24257.19921875,24261.5,0
2026-08-17 10:29:00+05:30,24261.55078125,24262.5,24258.599609375,24260.30078125,0
2026-08-17 10:30:00+05:30,24260.44921875,24261.900390625,24257.099609375,24258.69921875,0
2026-08-17 10:31:00+05:30,24259.19921875,24260.650390625,24252.650390625,24253.80078125,0
2026-08-17 10:32:00+05:30,24258.05078125,24258.5,24254.30078125,24256.94921875,0
2026-08-17 10:33:00+05:30,24256.75,24261.099609375,24254.75,24255.94921875,0
2026-08-17 10:34:00+05:30,24255.55078125,24257.55078125,24252.349609375,24256.30078125,0
2026-08-17 10:35:00+05:30,24255.0,24258.19921875,24254.349609375,24257.30078125,0
2026-08-17 10:36:00+05:30,24257.349609375,24258.19921875,24254.30078125,24256.30078125,0
2026-08-17 10:37:00+05:30,24256.25,24259.30078125,24252.30078125,24254.099609375,0
2026-08-17 10:38:00+05:30,24253.900390625,24256.05078125,24250.849609375,24252.80078125,0
2026-08-17 10:39:00+05:30,24251.400390625,24256.69921875,24250.099609375,24254.400390625,0
2026-08-17 10:40:00+05:30,24254.30078125,24256.75,24250.19921875,24251.94921875,0
2026-08-17 10:41:00+05:30,24251.900390625,24255.19921875,24249.150390625,24251.94921875,0
2026-08-17 10:42:00+05:30,24250.5,24251.75,24240.849609375,24242.0,0
2026-08-17 10:43:00+05:30,24241.75,24244.55078125,24235.650390625,24237.349609375,0
2026-08-17 10:44:00+05:30,24237.75,24240.25,24235.55078125,24238.75,0
2026-08-17 10:45:00+05:30,24237.650390625,24240.0,24229.80078125,24231.25,0
2026-08-17 10:46:00+05:30,24231.099609375,24233.5,24228.55078125,24232.650390625,0
2026-08-17 10:47:00+05:30,24233.05078125,24235.400390625,24228.44921875,24230.849609375,0
2026-08-17 10:48:00+05:30,24230.75,24235.0,24229.30078125,24234.25,0
2026-08-17 10:49:00+05:30,24234.05078125,24239.900390625,24233.75,24238.25,0
2026-08-17 10:50:00+05:30,24238.400390625,24241.650390625,24236.650390625,24240.05078125,0
2026-08-17 10:51:00+05:30,24240.349609375,24243.849609375,24238.900390625,24240.05078125,0
2026-08-17 10:52:00+05:30,24239.69921875,24243.44921875,24237.80078125,24241.650390625,0
2026-08-17 10:53:00+05:30,24241.80078125,24246.5,24241.44921875,24245.80078125,0
2026-08-17 10:54:00+05:30,24246.05078125,24246.599609375,24241.69921875,24242.099609375,0
2026-08-17 10:55:00+05:30,24241.94921875,24243.75,24239.44921875,24240.0,0
2026-08-17 10:56:00+05:30,24239.900390625,24246.30078125,24239.099609375,24245.900390625,0
2026-08-17 10:57:00+05:30,24245.80078125,24247.44921875,24244.099609375,24246.30078125,0
2026-08-17 10:58:00+05:30,24246.400390625,24247.150390625,24241.349609375,24243.0,0
2026-08-17 10:59:00+05:30,24243.099609375,24244.0,24236.75,24238.19921875,0
2026-08-17 11:00:00+05:30,24237.55078125,24238.849609375,24233.900390625,24236.400390625,0
2026-08-17 11:01:00+05:30,24236.69921875,24238.650390625,24233.400390625,24236.44921875,0
2026-08-17 11:02:00+05:30,24236.19921875,24236.400390625,24232.5,24234.44921875,0
2026-08-17 11:03:00+05:30,24234.5,24240.05078125,24233.5,24240.05078125,0
2026-08-17 11:04:00+05:30,24240.349609375,24246.599609375,24238.80078125,24240.349609375,0
2026-08-17 11:05:00+05:30,24240.599609375,24242.69921875,24233.150390625,24234.44921875,0
2026-08-17 11:06:00+05:30,24234.349609375,24237.599609375,24233.400390625,24235.400390625,0
2026-08-17 11:07:00+05:30,24235.30078125,24236.900390625,24231.75,24233.30078125,0
2026-08-17 11:08:00+05:30,24233.599609375,24238.94921875,24231.44921875,24237.75,0
2026-08-17 11:09:00+05:30,24237.80078125,24240.75,24233.55078125,24235.44921875,0
2026-08-17 11:10:00+05:30,24235.69921875,24238.400390625,24233.349609375,24235.650390625,0
2026-08-17 11:11:00+05:30,24235.25,24238.19921875,24232.849609375,24233.900390625,0
2026-08-17 11:12:00+05:30,24234.0,24238.69921875,24233.44921875,24235.25,0
2026-08-17 11:13:00+05:30,24235.25,24237.400390625,24233.150390625,24234.900390625,0
2026-08-17 11:14:00+05:30,24234.599609375,24237.69921875,24233.0,24236.44921875,0
2026-08-17 11:15:00+05:30,24236.19921875,24238.55078125,24234.44921875,24236.400390625,0
2026-08-17 11:16:00+05:30,24236.05078125,24238.400390625,24233.400390625,24236.55078125,0
2026-08-17 11:17:00+05:30,24236.80078125,24238.099609375,24234.400390625,24235.099609375,0
2026-08-17 11:18:00+05:30,24235.099609375,24240.0,24233.75,24238.150390625,0
2026-08-17 11:19:00+05:30,24238.0,24238.94921875,24234.349609375,24235.80078125,0
2026-08-17 11:20:00+05:30,24235.650390625,24237.80078125,24233.05078125,24234.650390625,0
2026-08-17 11:21:00+05:30,24233.599609375,24236.44921875,24232.5,24233.349609375,0
2026-08-17 11:22:00+05:30,24233.400390625,24233.650390625,24229.099609375,24230.5,0
2026-08-17 11:23:00+05:30,24230.25,24232.400390625,24228.30078125,24228.900390625,0
2026-08-17 11:24:00+05:30,24228.650390625,24232.05078125,24226.94921875,24230.400390625,0
2026-08-17 11:25:00+05:30,24229.94921875,24233.650390625,24228.099609375,24231.44921875,0
2026-08-17 11:26:00+05:30,24231.19921875,24243.25,24230.19921875,24240.05078125,0
2026-08-17 11:27:00+05:30,24240.05078125,24241.94921875,24237.44921875,24241.849609375,0
2026-08-17 11:28:00+05:30,24241.150390625,24243.599609375,24238.349609375,24240.05078125,0
2026-08-17 11:29:00+05:30,24240.349609375,24241.900390625,24237.55078125,24240.0,0
2026-08-17 11:30:00+05:30,24239.849609375,24242.44921875,24236.650390625,24238.849609375,0
2026-08-17 11:31:00+05:30,24239.0,24243.650390625,24234.349609375,24235.05078125,0
2026-08-17 11:32:00+05:30,24234.849609375,24243.69921875,24234.25,24242.05078125,0
2026-08-17 11:33:00+05:30,24241.80078125,24244.94921875,24239.849609375,24241.05078125,0
2026-08-17 11:34:00+05:30,24240.5,24243.900390625,24239.099609375,24241.44921875,0
2026-08-17 11:35:00+05:30,24241.400390625,24247.150390625,24240.400390625,24244.75,0
2026-08-17 11:36:00+05:30,24245.150390625,24248.349609375,24242.44921875,24243.75,0
2026-08-17 11:37:00+05:30,24243.099609375,24245.099609375,24240.5,24244.349609375,0
2026-08-17 11:38:00+05:30,24244.25,24245.900390625,24240.05078125,24240.44921875,0
2026-08-17 11:39:00+05:30,24240.80078125,24243.849609375,24235.55078125,24239.400390625,0
2026-08-17 11:40:00+05:30,24239.44921875,24244.650390625,24235.75,24243.75,0
2026-08-17 11:41:00+05:30,24243.05078125,24247.44921875,24242.44921875,24244.75,0
2026-08-17 11:42:00+05:30,24244.80078125,24248.19921875,24242.400390625,24243.849609375,0
2026-08-17 11:43:00+05:30,24243.599609375,24246.94921875,24242.599609375,24244.25,0
2026-08-17 11:44:00+05:30,24244.05078125,24246.75,24242.5,24244.69921875,0
2026-08-17 11:45:00+05:30,24244.75,24248.650390625,24243.94921875,24245.94921875,0
2026-08-17 11:46:00+05:30,24246.05078125,24249.05078125,24242.150390625,24243.69921875,0
2026-08-17 11:47:00+05:30,24243.650390625,24251.5,24242.099609375,24248.69921875,0
2026-08-17 11:48:00+05:30,24248.75,24255.69921875,24247.849609375,24254.400390625,0
2026-08-17 11:49:00+05:30,24254.30078125,24257.55078125,24252.099609375,24254.25,0
2026-08-17 11:50:00+05:30,24254.349609375,24263.69921875,24253.5,24263.400390625,0
2026-08-17 11:51:00+05:30,24263.25,24267.55078125,24262.099609375,24266.44921875,0
2026-08-17 11:52:00+05:30,24267.349609375,24272.599609375,24266.849609375,24272.05078125,0
2026-08-17 11:53:00+05:30,24272.0,24273.25,24260.599609375,24262.30078125,0
2026-08-17 11:54:00+05:30,24262.5,24267.19921875,24261.19921875,24263.94921875,0
2026-08-17 11:55:00+05:30,24263.75,24273.150390625,24262.900390625,24271.05078125,0
2026-08-17 11:56:00+05:30,24272.400390625,24275.25,24268.849609375,24268.849609375,0
2026-08-17 11:57:00+05:30,24268.44921875,24271.5,24266.400390625,24267.44921875,0
2026-08-17 11:58:00+05:30,24268.099609375,24271.650390625,24266.69921875,24270.0,0
2026-08-17 11:59:00+05:30,24269.80078125,24273.650390625,24269.05078125,24271.69921875,0
2026-08-17 12:00:00+05:30,24271.650390625,24274.900390625,24269.599609375,24271.0,0
2026-08-17 12:01:00+05:30,24270.650390625,24274.80078125,24269.900390625,24271.599609375,0
2026-08-17 12:02:00+05:30,24271.69921875,24274.900390625,24269.94921875,24271.849609375,0
2026-08-17 12:03:00+05:30,24272.05078125,24275.650390625,24271.30078125,24273.900390625,0
2026-08-17 12:04:00+05:30,24273.75,24274.099609375,24263.849609375,24266.75,0
2026-08-17 12:05:00+05:30,24266.650390625,24270.099609375,24265.150390625,24268.599609375,0
2026-08-17 12:06:00+05:30,24268.5,24268.80078125,24261.69921875,24262.0,0
2026-08-17 12:07:00+05:30,24262.30078125,24267.19921875,24260.75,24265.30078125,0
2026-08-17 12:08:00+05:30,24265.150390625,24266.69921875,24261.650390625,24263.599609375,0
2026-08-17 12:09:00+05:30,24263.55078125,24265.349609375,24261.099609375,24265.0,0
2026-08-17 12:10:00+05:30,24264.44921875,24268.900390625,24262.849609375,24266.05078125,0
2026-08-17 12:11:00+05:30,24265.69921875,24268.400390625,24256.55078125,24259.849609375,0
2026-08-17 12:12:00+05:30,24259.900390625,24265.900390625,24257.849609375,24263.30078125,0
2026-08-17 12:13:00+05:30,24263.150390625,24268.94921875,24262.400390625,24267.69921875,0
2026-08-17 12:14:00+05:30,24267.44921875,24272.5,24266.25,24270.75,0
2026-08-17 12:15:00+05:30,24270.75,24274.44921875,24269.80078125,24271.599609375,0
2026-08-17 12:16:00+05:30,24271.849609375,24278.349609375,24271.0,24277.5,0
2026-08-17 12:17:00+05:30,24276.94921875,24284.25,24276.94921875,24281.849609375,0
2026-08-17 12:18:00+05:30,24281.55078125,24284.599609375,24279.55078125,24283.150390625,0
2026-08-17 12:19:00+05:30,24283.30078125,24287.599609375,24282.5,24285.5,0
2026-08-17 12:20:00+05:30,24285.69921875,24286.349609375,24282.80078125,24283.400390625,0
2026-08-17 12:21:00+05:30,24283.0,24285.650390625,24282.25,24282.55078125,0
2026-08-17 12:22:00+05:30,24282.599609375,24285.05078125,24281.5,24283.30078125,0
2026-08-17 12:23:00+05:30,24283.5,24287.75,24283.05078125,24284.150390625,0
2026-08-17 12:24:00+05:30,24284.400390625,24288.75,24283.349609375,24286.849609375,0
2026-08-17 12:25:00+05:30,24286.650390625,24288.44921875,24283.75,24284.19921875,0
2026-08-17 12:26:00+05:30,24284.599609375,24287.55078125,24283.44921875,24285.599609375,0
2026-08-17 12:27:00+05:30,24285.849609375,24289.0,24284.650390625,24287.349609375,0
2026-08-17 12:28:00+05:30,24286.400390625,24292.0,24286.099609375,24289.5,0
2026-08-17 12:29:00+05:30,24289.05078125,24291.5,24287.30078125,24290.80078125,0
2026-08-17 12:30:00+05:30,24289.94921875,24291.44921875,24286.099609375,24288.30078125,0
2026-08-17 12:31:00+05:30,24288.30078125,24290.900390625,24287.5,24288.55078125,0
2026-08-17 12:32:00+05:30,24287.75,24295.19921875,24287.75,24293.19921875,0
2026-08-17 12:33:00+05:30,24293.25,24296.099609375,24290.900390625,24295.150390625,0
2026-08-17 12:34:00+05:30,24294.80078125,24300.05078125,24294.0,24295.150390625,0
2026-08-17 12:35:00+05:30,24294.69921875,24296.900390625,24291.94921875,24293.69921875,0
2026-08-17 12:36:00+05:30,24293.19921875,24299.400390625,24293.05078125,24297.75,0
2026-08-17 12:37:00+05:30,24297.80078125,24302.75,24296.94921875,24299.650390625,0
2026-08-17 12:38:00+05:30,24299.69921875,24305.69921875,24298.25,24298.25,0
2026-08-17 12:39:00+05:30,24297.05078125,24299.900390625,24295.80078125,24297.30078125,0
2026-08-17 12:40:00+05:30,24297.19921875,24301.400390625,24295.599609375,24299.69921875,0
2026-08-17 12:41:00+05:30,24299.69921875,24303.25,24298.400390625,24301.5,0
2026-08-17 12:42:00+05:30,24300.75,24303.55078125,24299.44921875,24303.400390625,0
2026-08-17 12:43:00+05:30,24303.0,24306.75,24301.25,24302.44921875,0
2026-08-17 12:44:00+05:30,24302.599609375,24306.69921875,24301.05078125,24303.5,0
2026-08-17 12:45:00+05:30,24303.19921875,24310.25,24302.400390625,24309.75,0
2026-08-17 12:46:00+05:30,24309.849609375,24327.05078125,24309.099609375,24327.05078125,0
2026-08-17 12:47:00+05:30,24325.400390625,24332.0,24323.849609375,24327.900390625,0
2026-08-17 12:48:00+05:30,24327.80078125,24328.849609375,24319.599609375,24323.900390625,0
2026-08-17 12:49:00+05:30,24323.69921875,24325.05078125,24319.55078125,24321.599609375,0
2026-08-17 12:50:00+05:30,24321.349609375,24328.80078125,24321.349609375,24327.849609375,0
2026-08-17 12:51:00+05:30,24328.05078125,24333.900390625,24327.099609375,24331.400390625,0
2026-08-17 12:52:00+05:30,24331.849609375,24336.69921875,24329.400390625,24332.400390625,0
2026-08-17 12:53:00+05:30,24332.05078125,24335.30078125,24331.0,24331.55078125,0
2026-08-17 12:54:00+05:30,24331.55078125,24331.849609375,24325.900390625,24328.69921875,0
2026-08-17 12:55:00+05:30,24328.5,24335.0,24328.30078125,24330.30078125,0
2026-08-17 12:56:00+05:30,24330.69921875,24330.69921875,24324.150390625,24324.849609375,0
2026-08-17 12:57:00+05:30,24325.44921875,24327.25,24321.099609375,24322.44921875,0
2026-08-17 12:58:00+05:30,24322.25,24327.349609375,24321.5,24326.849609375,0
2026-08-17 12:59:00+05:30,24327.25,24334.30078125,24326.150390625,24333.94921875,0
2026-08-17 13:00:00+05:30,24334.0,24347.44921875,24332.5,24341.75,0
2026-08-17 13:01:00+05:30,24342.0,24343.349609375,24336.25,24342.349609375,0
2026-08-17 13:02:00+05:30,24341.19921875,24350.05078125,24339.900390625,24348.80078125,0
2026-08-17 13:03:00+05:30,24348.55078125,24354.30078125,24346.80078125,24353.25,0
2026-08-17 13:04:00+05:30,24353.400390625,24353.400390625,24341.900390625,24344.0,0
2026-08-17 13:05:00+05:30,24343.94921875,24350.55078125,24342.849609375,24347.599609375,0
2026-08-17 13:06:00+05:30,24347.55078125,24349.94921875,24344.19921875,24345.5,0
2026-08-17 13:07:00+05:30,24344.849609375,24346.30078125,24342.400390625,24344.44921875,0
2026-08-17 13:08:00+05:30,24344.400390625,24345.900390625,24341.19921875,24342.44921875,0
2026-08-17 13:09:00+05:30,24341.55078125,24344.05078125,24335.650390625,24338.44921875,0
2026-08-17 13:10:00+05:30,24338.5,24342.099609375,24335.19921875,24336.44921875,0
2026-08-17 13:11:00+05:30,24336.25,24343.5,24335.599609375,24342.349609375,0
2026-08-17 13:12:00+05:30,24342.599609375,24346.94921875,24341.30078125,24345.650390625,0
2026-08-17 13:13:00+05:30,24345.05078125,24352.94921875,24344.849609375,24348.55078125,0
2026-08-17 13:14:00+05:30,24349.25,24349.75,24346.0,24346.349609375,0
2026-08-17 13:15:00+05:30,24346.599609375,24355.05078125,24346.150390625,24352.400390625,0
2026-08-17 13:16:00+05:30,24352.05078125,24354.0,24349.55078125,24351.30078125,0
2026-08-17 13:17:00+05:30,24351.05078125,24352.5,24345.80078125,24347.849609375,0
2026-08-17 13:18:00+05:30,24347.69921875,24348.650390625,24344.94921875,24347.19921875,0
2026-08-17 13:19:00+05:30,24346.55078125,24351.099609375,24346.44921875,24349.30078125,0
2026-08-17 13:20:00+05:30,24349.25,24353.05078125,24347.19921875,24348.5,0
2026-08-17 13:21:00+05:30,24348.349609375,24350.69921875,24346.19921875,24348.25,0
2026-08-17 13:22:00+05:30,24348.0,24348.94921875,24342.30078125,24342.900390625,0
2026-08-17 13:23:00+05:30,24343.650390625,24346.75,24342.099609375,24345.349609375,0
2026-08-17 13:24:00+05:30,24345.25,24346.400390625,24342.150390625,24345.5,0
2026-08-17 13:25:00+05:30,24346.30078125,24347.05078125,24342.30078125,24345.849609375,0
2026-08-17 13:26:00+05:30,24346.25,24349.150390625,24344.44921875,24345.900390625,0
2026-08-17 13:27:00+05:30,24346.650390625,24353.650390625,24345.44921875,24352.75,0
2026-08-17 13:28:00+05:30,24352.349609375,24356.150390625,24350.75,24352.55078125,0
2026-08-17 13:29:00+05:30,24352.849609375,24354.900390625,24351.599609375,24351.849609375,0
2026-08-17 13:30:00+05:30,24352.94921875,24357.650390625,24351.69921875,24352.650390625,0
2026-08-17 13:31:00+05:30,24352.69921875,24355.05078125,24350.19921875,24353.650390625,0
2026-08-17 13:32:00+05:30,24354.19921875,24355.400390625,24349.900390625,24354.0,0
2026-08-17 13:33:00+05:30,24353.05078125,24354.0,24346.150390625,24347.150390625,0
2026-08-17 13:34:00+05:30,24347.30078125,24351.400390625,24345.19921875,24349.150390625,0
2026-08-17 13:35:00+05:30,24349.150390625,24350.75,24342.599609375,24342.599609375,0
2026-08-17 13:36:00+05:30,24343.099609375,24346.099609375,24339.80078125,24346.099609375,0
2026-08-17 13:37:00+05:30,24346.19921875,24346.19921875,24341.0,24342.599609375,0
2026-08-17 13:38:00+05:30,24342.400390625,24349.349609375,24340.05078125,24346.69921875,0
2026-08-17 13:39:00+05:30,24347.25,24347.55078125,24342.44921875,24345.80078125,0
2026-08-17 13:40:00+05:30,24346.0,24347.599609375,24340.44921875,24346.94921875,0
2026-08-17 13:41:00+05:30,24346.650390625,24350.099609375,24343.30078125,24349.75,0
2026-08-17 13:42:00+05:30,24348.849609375,24359.30078125,24347.599609375,24355.30078125,0
2026-08-17 13:43:00+05:30,24355.599609375,24356.900390625,24351.150390625,24353.599609375,0
2026-08-17 13:44:00+05:30,24354.05078125,24355.75,24351.900390625,24353.25,0
2026-08-17 13:45:00+05:30,24353.650390625,24357.400390625,24353.599609375,24356.650390625,0
2026-08-17 13:46:00+05:30,24356.599609375,24359.349609375,24353.44921875,24354.05078125,0
2026-08-17 13:47:00+05:30,24354.900390625,24355.80078125,24351.25,24352.55078125,0
2026-08-17 13:48:00+05:30,24352.44921875,24352.650390625,24342.75,24343.19921875,0
2026-08-17 13:49:00+05:30,24343.349609375,24346.599609375,24341.599609375,24343.55078125,0
2026-08-17 13:50:00+05:30,24343.69921875,24344.75,24340.25,24341.099609375,0
2026-08-17 13:51:00+05:30,24341.599609375,24343.25,24335.900390625,24337.94921875,0
2026-08-17 13:52:00+05:30,24338.150390625,24341.30078125,24337.19921875,24338.30078125,0
2026-08-17 13:53:00+05:30,24339.75,24341.849609375,24337.94921875,24338.75,0
2026-08-17 13:54:00+05:30,24339.19921875,24342.69921875,24337.30078125,24339.75,0
2026-08-17 13:55:00+05:30,24339.80078125,24342.75,24337.75,24338.80078125,0
2026-08-17 13:56:00+05:30,24338.69921875,24340.19921875,24335.400390625,24336.099609375,0
2026-08-17 13:57:00+05:30,24336.5,24337.650390625,24332.44921875,24333.69921875,0
2026-08-17 13:58:00+05:30,24334.44921875,24337.849609375,24333.349609375,24337.849609375,0
2026-08-17 13:59:00+05:30,24337.849609375,24340.349609375,24334.94921875,24337.75,0
2026-08-17 14:00:00+05:30,24338.30078125,24339.55078125,24334.400390625,24339.19921875,0
2026-08-17 14:01:00+05:30,24338.80078125,24341.599609375,24336.25,24340.94921875,0
2026-08-17 14:02:00+05:30,24341.55078125,24346.75,24338.69921875,24342.55078125,0
2026-08-17 14:03:00+05:30,24343.44921875,24344.55078125,24339.599609375,24340.30078125,0
2026-08-17 14:04:00+05:30,24340.599609375,24343.5,24338.349609375,24342.400390625,0
2026-08-17 14:05:00+05:30,24342.94921875,24346.099609375,24340.80078125,24343.599609375,0
2026-08-17 14:06:00+05:30,24344.05078125,24344.55078125,24341.25,24342.900390625,0
2026-08-17 14:07:00+05:30,24343.25,24344.44921875,24340.30078125,24341.44921875,0
2026-08-17 14:08:00+05:30,24341.55078125,24342.849609375,24339.5,24341.30078125,0
2026-08-17 14:09:00+05:30,24341.30078125,24343.150390625,24340.0,24340.75,0
2026-08-17 14:10:00+05:30,24340.80078125,24342.150390625,24338.69921875,24340.599609375,0
2026-08-17 14:11:00+05:30,24340.650390625,24341.150390625,24334.650390625,24335.30078125,0
2026-08-17 14:12:00+05:30,24335.55078125,24339.69921875,24333.55078125,24336.849609375,0
2026-08-17 14:13:00+05:30,24337.44921875,24338.150390625,24329.94921875,24332.099609375,0
2026-08-17 14:14:00+05:30,24331.44921875,24333.349609375,24329.5,24331.0,0
2026-08-17 14:15:00+05:30,24331.150390625,24331.69921875,24328.25,24330.69921875,0
2026-08-17 14:16:00+05:30,24330.25,24335.75,24329.30078125,24334.75,0
2026-08-17 14:17:00+05:30,24335.099609375,24338.25,24334.400390625,24337.55078125,0
2026-08-17 14:18:00+05:30,24337.69921875,24343.05078125,24337.69921875,24341.94921875,0
2026-08-17 14:19:00+05:30,24341.69921875,24342.849609375,24338.25,24339.25,0
2026-08-17 14:20:00+05:30,24339.150390625,24339.5,24333.80078125,24338.900390625,0
2026-08-17 14:21:00+05:30,24339.099609375,24339.94921875,24332.0,24332.900390625,0
2026-08-17 14:22:00+05:30,24333.30078125,24334.150390625,24328.0,24330.0,0
2026-08-17 14:23:00+05:30,24330.150390625,24332.099609375,24323.75,24324.900390625,0
2026-08-17 14:24:00+05:30,24325.69921875,24328.75,24322.69921875,24324.19921875,0
2026-08-17 14:25:00+05:30,24324.5,24326.400390625,24322.69921875,24323.80078125,0
2026-08-17 14:26:00+05:30,24324.599609375,24328.650390625,24322.650390625,24326.94921875,0
2026-08-17 14:27:00+05:30,24326.25,24328.55078125,24323.150390625,24325.599609375,0
2026-08-17 14:28:00+05:30,24325.80078125,24327.349609375,24322.55078125,24324.599609375,0
2026-08-17 14:29:00+05:30,24325.69921875,24327.55078125,24324.349609375,24326.150390625,0
2026-08-17 14:30:00+05:30,24326.75,24332.099609375,24326.19921875,24329.19921875,0
2026-08-17 14:31:00+05:30,24329.44921875,24331.05078125,24325.599609375,24326.80078125,0
2026-08-17 14:32:00+05:30,24327.30078125,24331.69921875,24325.44921875,24329.599609375,0
2026-08-17 14:33:00+05:30,24329.0,24331.55078125,24325.900390625,24328.599609375,0
2026-08-17 14:34:00+05:30,24328.599609375,24330.44921875,24327.099609375,24328.349609375,0
2026-08-17 14:35:00+05:30,24328.349609375,24331.80078125,24324.69921875,24326.19921875,0
2026-08-17 14:36:00+05:30,24326.150390625,24326.25,24317.900390625,24320.900390625,0
2026-08-17 14:37:00+05:30,24321.150390625,24327.05078125,24320.650390625,24322.80078125,0
2026-08-17 14:38:00+05:30,24322.80078125,24327.19921875,24319.400390625,24319.599609375,0
2026-08-17 14:39:00+05:30,24320.400390625,24329.44921875,24320.150390625,24327.900390625,0
2026-08-17 14:40:00+05:30,24328.55078125,24333.19921875,24326.75,24331.30078125,0
2026-08-17 14:41:00+05:30,24332.349609375,24336.30078125,24329.099609375,24333.150390625,0
2026-08-17 14:42:00+05:30,24333.05078125,24337.150390625,24331.94921875,24336.69921875,0
2026-08-17 14:43:00+05:30,24336.25,24337.900390625,24334.19921875,24336.30078125,0
2026-08-17 14:44:00+05:30,24336.30078125,24336.599609375,24331.05078125,24334.349609375,0
2026-08-17 14:45:00+05:30,24335.400390625,24337.099609375,24333.69921875,24334.599609375,0
2026-08-17 14:46:00+05:30,24334.400390625,24336.0,24332.69921875,24335.099609375,0
2026-08-17 14:47:00+05:30,24334.55078125,24335.599609375,24330.94921875,24335.099609375,0
2026-08-17 14:48:00+05:30,24333.650390625,24340.599609375,24332.5,24339.099609375,0
2026-08-17 14:49:00+05:30,24337.400390625,24340.25,24337.0,24339.19921875,0
2026-08-17 14:50:00+05:30,24336.900390625,24346.05078125,24336.900390625,24343.75,0
2026-08-17 14:51:00+05:30,24344.650390625,24345.599609375,24336.30078125,24337.05078125,0
2026-08-17 14:52:00+05:30,24337.05078125,24340.5,24335.099609375,24336.19921875,0
2026-08-17 14:53:00+05:30,24336.150390625,24338.599609375,24333.900390625,24337.349609375,0
2026-08-17 14:54:00+05:30,24337.349609375,24345.849609375,24335.44921875,24343.94921875,0
2026-08-17 14:55:00+05:30,24343.94921875,24345.099609375,24340.44921875,24342.400390625,0
2026-08-17 14:56:00+05:30,24342.5,24345.0,24340.44921875,24342.30078125,0
2026-08-17 14:57:00+05:30,24342.650390625,24342.650390625,24336.55078125,24337.5,0
2026-08-17 14:58:00+05:30,24337.80078125,24339.400390625,24334.5,24337.25,0
2026-08-17 14:59:00+05:30,24336.25,24339.75,24336.25,24338.19921875,0
2026-08-17 15:00:00+05:30,24337.69921875,24337.80078125,24332.0,24333.25,0
2026-08-17 15:01:00+05:30,24331.849609375,24337.55078125,24331.80078125,24337.55078125,0
2026-08-17 15:02:00+05:30,24337.599609375,24347.650390625,24336.30078125,24345.55078125,0
2026-08-17 15:03:00+05:30,24346.349609375,24353.55078125,24344.849609375,24352.099609375,0
2026-08-17 15:04:00+05:30,24351.80078125,24353.849609375,24348.349609375,24351.349609375,0
2026-08-17 15:05:00+05:30,24352.05078125,24352.75,24341.599609375,24343.80078125,0
2026-08-17 15:06:00+05:30,24344.5,24347.55078125,24341.349609375,24345.349609375,0
2026-08-17 15:07:00+05:30,24345.05078125,24347.349609375,24342.55078125,24344.5,0
2026-08-17 15:08:00+05:30,24344.849609375,24352.349609375,24343.599609375,24351.650390625,0
2026-08-17 15:09:00+05:30,24352.05078125,24353.69921875,24347.150390625,24349.099609375,0
2026-08-17 15:10:00+05:30,24349.400390625,24353.849609375,24347.650390625,24352.349609375,0
2026-08-17 15:11:00+05:30,24352.44921875,24356.650390625,24349.05078125,24354.94921875,0
2026-08-17 15:12:00+05:30,24354.599609375,24359.900390625,24351.599609375,24357.44921875,0
2026-08-17 15:13:00+05:30,24356.150390625,24358.900390625,24350.900390625,24357.19921875,0
2026-08-17 15:14:00+05:30,24357.349609375,24357.349609375,24330.69921875,24341.900390625,0
2026-08-17 15:15:00+05:30,24339.599609375,24339.80078125,24339.599609375,24339.80078125,0
2026-08-17 15:16:00+05:30,24339.80078125,24339.80078125,24339.80078125,24339.80078125,0
2026-08-17 15:17:00+05:30,24339.80078125,24339.80078125,24339.80078125,24339.80078125,0
2026-08-17 15:18:00+05:30,24339.80078125,24339.80078125,24339.80078125,24339.80078125,0
2026-08-17 15:19:00+05:30,24339.80078125,24339.80078125,24339.80078125,24339.80078125,0
2026-08-17 15:20:00+05:30,24339.80078125,24339.80078125,24339.80078125,24339.80078125,0
2026-08-17 15:21:00+05:30,24339.80078125,24339.80078125,24339.80078125,24339.80078125,0
2026-08-17 15:22:00+05:30,24339.80078125,24339.80078125,24339.80078125,24339.80078125,0
2026-08-17 15:23:00+05:30,24339.80078125,24339.80078125,24339.80078125,24339.80078125,0
2026-08-17 15:24:00+05:30,24339.80078125,24339.80078125,24339.80078125,24339.80078125,0
2026-08-17 15:25:00+05:30,24339.80078125,24339.80078125,24339.80078125,24339.80078125,0
2026-08-17 15:26:00+05:30,24339.80078125,24339.80078125,24339.80078125,24339.80078125,0
2026-08-17 15:27:00+05:30,24339.80078125,24339.80078125,24339.80078125,24339.80078125,0
2026-08-17 15:28:00+05:30,24339.80078125,24339.80078125,24287.650390625,24287.650390625,0
2026-08-17 15:29:00+05:30,24287.650390625,24287.650390625,24287.650390625,24287.650390625,0
2026-08-18 09:15:00+05:30,24223.05078125,24253.94921875,24214.599609375,24244.349609375,0
2026-08-18 09:16:00+05:30,24245.599609375,24251.400390625,24237.650390625,24238.0,0
2026-08-18 09:17:00+05:30,24239.44921875,24239.80078125,24228.44921875,24232.69921875,0
2026-08-18 09:18:00+05:30,24233.94921875,24238.75,24230.150390625,24234.150390625,0
2026-08-18 09:19:00+05:30,24237.099609375,24240.19921875,24233.400390625,24238.849609375,0
2026-08-18 09:20:00+05:30,24239.599609375,24240.599609375,24232.44921875,24234.900390625,0
2026-08-18 09:21:00+05:30,24236.44921875,24238.0,24230.75,24232.849609375,0
2026-08-18 09:22:00+05:30,24234.25,24236.599609375,24229.849609375,24231.94921875,0
2026-08-18 09:23:00+05:30,24232.849609375,24239.44921875,24231.19921875,24237.94921875,0
2026-08-18 09:24:00+05:30,24238.94921875,24246.55078125,24237.19921875,24244.349609375,0
2026-08-18 09:25:00+05:30,24246.25,24248.150390625,24241.099609375,24247.30078125,0
2026-08-18 09:26:00+05:30,24248.94921875,24266.05078125,24248.349609375,24265.650390625,0
2026-08-18 09:27:00+05:30,24266.25,24269.5,24258.44921875,24259.30078125,0
2026-08-18 09:28:00+05:30,24259.69921875,24260.150390625,24248.099609375,24248.400390625,0
2026-08-18 09:29:00+05:30,24249.599609375,24252.25,24244.44921875,24245.099609375,0
2026-08-18 09:30:00+05:30,24246.400390625,24246.400390625,24229.0,24231.099609375,0
2026-08-18 09:31:00+05:30,24232.599609375,24233.55078125,24221.849609375,24224.099609375,0
2026-08-18 09:32:00+05:30,24223.19921875,24225.5,24220.650390625,24223.25,0
2026-08-18 09:33:00+05:30,24224.5,24227.05078125,24222.19921875,24227.05078125,0
2026-08-18 09:34:00+05:30,24227.599609375,24236.0,24226.099609375,24232.650390625,0
2026-08-18 09:35:00+05:30,24233.5,24233.94921875,24229.69921875,24232.30078125,0
2026-08-18 09:36:00+05:30,24234.650390625,24246.05078125,24233.0,24244.849609375,0
2026-08-18 09:37:00+05:30,24245.849609375,24246.0,24240.599609375,24243.0,0
2026-08-18 09:38:00+05:30,24244.30078125,24244.30078125,24235.69921875,24237.150390625,0
2026-08-18 09:39:00+05:30,24238.400390625,24248.69921875,24236.099609375,24247.30078125,0
2026-08-18 09:40:00+05:30,24249.19921875,24249.19921875,24240.349609375,24242.05078125,0
2026-08-18 09:41:00+05:30,24243.400390625,24246.25,24241.099609375,24243.900390625,0
2026-08-18 09:42:00+05:30,24245.25,24245.25,24233.94921875,24235.900390625,0
2026-08-18 09:43:00+05:30,24236.900390625,24237.849609375,24230.400390625,24231.94921875,0
2026-08-18 09:44:00+05:30,24234.05078125,24234.599609375,24222.94921875,24224.55078125,0
2026-08-18 09:45:00+05:30,24226.150390625,24226.150390625,24217.0,24219.900390625,0
2026-08-18 09:46:00+05:30,24221.400390625,24222.44921875,24216.44921875,24216.5,0
2026-08-18 09:47:00+05:30,24216.94921875,24223.75,24214.849609375,24223.75,0
2026-08-18 09:48:00+05:30,24224.099609375,24230.55078125,24222.599609375,24230.55078125,0
2026-08-18 09:49:00+05:30,24231.849609375,24232.05078125,24228.5,24228.5,0
2026-08-18 09:50:00+05:30,24230.80078125,24231.75,24227.900390625,24231.55078125,0
2026-08-18 09:51:00+05:30,24231.75,24233.69921875,24227.25,24227.44921875,0
2026-08-18 09:52:00+05:30,24229.900390625,24229.900390625,24224.150390625,24228.69921875,0
2026-08-18 09:53:00+05:30,24230.099609375,24239.900390625,24228.44921875,24239.900390625,0
2026-08-18 09:54:00+05:30,24240.94921875,24241.349609375,24235.30078125,24235.30078125,0
2026-08-18 09:55:00+05:30,24236.650390625,24237.30078125,24226.150390625,24227.5,0
2026-08-18 09:56:00+05:30,24228.19921875,24231.0,24225.650390625,24231.0,0
2026-08-18 09:57:00+05:30,24231.349609375,24232.44921875,24228.94921875,24229.0,0
2026-08-18 09:58:00+05:30,24230.0,24230.349609375,24221.5,24225.349609375,0
2026-08-18 09:59:00+05:30,24227.400390625,24234.5,24226.099609375,24234.5,0
2026-08-18 10:00:00+05:30,24234.099609375,24234.599609375,24222.80078125,24223.69921875,0
2026-08-18 10:01:00+05:30,24225.400390625,24226.55078125,24222.650390625,24222.94921875,0
2026-08-18 10:02:00+05:30,24223.400390625,24224.0,24215.69921875,24216.150390625,0
2026-08-18 10:03:00+05:30,24217.349609375,24220.19921875,24213.0,24218.25,0
2026-08-18 10:04:00+05:30,24218.599609375,24222.94921875,24215.44921875,24222.80078125,0
2026-08-18 10:05:00+05:30,24223.400390625,24225.30078125,24221.30078125,24224.599609375,0
2026-08-18 10:06:00+05:30,24226.150390625,24228.19921875,24223.400390625,24224.650390625,0
2026-08-18 10:07:00+05:30,24225.94921875,24228.400390625,24222.5,24225.0,0
2026-08-18 10:08:00+05:30,24226.599609375,24226.650390625,24223.44921875,24225.19921875,0
2026-08-18 10:09:00+05:30,24225.25,24226.25,24221.44921875,24221.599609375,0
2026-08-18 10:10:00+05:30,24223.05078125,24223.30078125,24220.19921875,24222.69921875,0
2026-08-18 10:11:00+05:30,24223.75,24224.900390625,24220.099609375,24222.30078125,0
2026-08-18 10:12:00+05:30,24223.55078125,24224.44921875,24220.05078125,24222.25,0
2026-08-18 10:13:00+05:30,24223.349609375,24224.099609375,24219.75,24220.349609375,0
2026-08-18 10:14:00+05:30,24222.0,24222.0,24218.0,24220.19921875,0
2026-08-18 10:15:00+05:30,24221.099609375,24221.099609375,24209.650390625,24210.349609375,0
2026-08-18 10:16:00+05:30,24211.849609375,24212.19921875,24209.150390625,24209.150390625,0
2026-08-18 10:17:00+05:30,24210.05078125,24211.80078125,24208.150390625,24210.650390625,0
2026-08-18 10:18:00+05:30,24211.05078125,24214.5,24209.80078125,24212.80078125,0
2026-08-18 10:19:00+05:30,24214.05078125,24215.94921875,24212.25,24213.900390625,0
2026-08-18 10:20:00+05:30,24215.05078125,24217.0,24210.80078125,24215.599609375,0
2026-08-18 10:21:00+05:30,24216.69921875,24217.150390625,24211.400390625,24214.849609375,0
2026-08-18 10:22:00+05:30,24215.80078125,24218.0,24215.150390625,24215.25,0
2026-08-18 10:23:00+05:30,24217.25,24220.75,24215.5,24215.849609375,0
2026-08-18 10:24:00+05:30,24217.349609375,24218.05078125,24212.349609375,24216.69921875,0
2026-08-18 10:25:00+05:30,24218.0,24221.44921875,24210.30078125,24214.099609375,0
2026-08-18 10:26:00+05:30,24216.30078125,24218.80078125,24212.150390625,24217.5,0
2026-08-18 10:27:00+05:30,24219.19921875,24228.05078125,24219.0,24226.25,0
2026-08-18 10:28:00+05:30,24227.099609375,24229.80078125,24225.44921875,24226.94921875,0
2026-08-18 10:29:00+05:30,24229.25,24231.05078125,24225.400390625,24226.099609375,0
2026-08-18 10:30:00+05:30,24227.0,24230.75,24226.19921875,24229.94921875,0
2026-08-18 10:31:00+05:30,24230.900390625,24230.94921875,24227.849609375,24229.650390625,0
2026-08-18 10:32:00+05:30,24230.80078125,24230.80078125,24225.400390625,24226.0,0
2026-08-18 10:33:00+05:30,24227.25,24229.400390625,24225.44921875,24227.55078125,0
2026-08-18 10:34:00+05:30,24228.599609375,24231.30078125,24226.849609375,24231.19921875,0
2026-08-18 10:35:00+05:30,24231.55078125,24233.400390625,24228.900390625,24231.80078125,0
2026-08-18 10:36:00+05:30,24232.80078125,24233.19921875,24228.05078125,24228.400390625,0
2026-08-18 10:37:00+05:30,24229.099609375,24231.5,24227.55078125,24230.5,0
2026-08-18 10:38:00+05:30,24231.650390625,24232.599609375,24229.94921875,24230.75,0
2026-08-18 10:39:00+05:30,24232.599609375,24232.80078125,24226.0,24226.099609375,0
2026-08-18 10:40:00+05:30,24227.30078125,24227.30078125,24217.55078125,24217.55078125,0
2026-08-18 10:41:00+05:30,24218.400390625,24223.400390625,24217.5,24221.55078125,0
2026-08-18 10:42:00+05:30,24223.400390625,24223.400390625,24211.80078125,24212.900390625,0
2026-08-18 10:43:00+05:30,24213.30078125,24215.05078125,24210.05078125,24213.900390625,0
2026-08-18 10:44:00+05:30,24215.94921875,24217.44921875,24214.0,24214.80078125,0
2026-08-18 10:45:00+05:30,24216.150390625,24216.400390625,24209.599609375,24210.25,0
2026-08-18 10:46:00+05:30,24211.44921875,24211.44921875,24203.44921875,24204.25,0
2026-08-18 10:47:00+05:30,24205.650390625,24205.650390625,24196.5,24196.5,0
2026-08-18 10:48:00+05:30,24198.099609375,24203.900390625,24196.099609375,24202.599609375,0
2026-08-18 10:49:00+05:30,24203.900390625,24206.5,24202.25,24204.75,0
2026-08-18 10:50:00+05:30,24206.25,24209.44921875,24204.94921875,24207.94921875,0
2026-08-18 10:51:00+05:30,24209.19921875,24210.0,24196.5,24197.75,0
2026-08-18 10:52:00+05:30,24198.849609375,24202.44921875,24195.650390625,24198.0,0
2026-08-18 10:53:00+05:30,24199.0,24199.55078125,24193.900390625,24194.44921875,0
2026-08-18 10:54:00+05:30,24194.75,24197.25,24192.599609375,24195.55078125,0
2026-08-18 10:55:00+05:30,24196.94921875,24197.400390625,24188.5,24189.25,0
2026-08-18 10:56:00+05:30,24191.650390625,24193.55078125,24187.650390625,24191.349609375,0
2026-08-18 10:57:00+05:30,24193.05078125,24195.0,24190.349609375,24193.349609375,0
2026-08-18 10:58:00+05:30,24194.599609375,24197.150390625,24192.25,24194.44921875,0
2026-08-18 10:59:00+05:30,24196.150390625,24201.80078125,24193.599609375,24200.25,0
2026-08-18 11:00:00+05:30,24201.94921875,24202.80078125,24197.5,24198.0,0
2026-08-18 11:01:00+05:30,24198.099609375,24198.900390625,24194.849609375,24197.80078125,0
2026-08-18 11:02:00+05:30,24198.80078125,24202.150390625,24196.150390625,24198.80078125,0
2026-08-18 11:03:00+05:30,24200.099609375,24203.849609375,24197.650390625,24203.650390625,0
2026-08-18 11:04:00+05:30,24204.30078125,24205.849609375,24202.25,24205.55078125,0
2026-08-18 11:05:00+05:30,24205.5,24207.19921875,24201.94921875,24203.400390625,0
2026-08-18 11:06:00+05:30,24204.80078125,24206.400390625,24201.69921875,24204.19921875,0
2026-08-18 11:07:00+05:30,24204.69921875,24209.0,24203.19921875,24205.55078125,0
2026-08-18 11:08:00+05:30,24206.75,24210.30078125,24205.80078125,24208.75,0
2026-08-18 11:09:00+05:30,24210.0,24211.5,24206.55078125,24207.25,0
2026-08-18 11:10:00+05:30,24208.25,24208.69921875,24201.94921875,24204.900390625,0
2026-08-18 11:11:00+05:30,24206.05078125,24206.30078125,24202.44921875,24203.80078125,0
2026-08-18 11:12:00+05:30,24204.80078125,24204.80078125,24199.69921875,24200.5,0
2026-08-18 11:13:00+05:30,24201.150390625,24203.30078125,24197.25,24202.94921875,0
2026-08-18 11:14:00+05:30,24204.099609375,24206.30078125,24201.5,24202.349609375,0
2026-08-18 11:15:00+05:30,24203.75,24208.55078125,24200.75,24206.900390625,0
2026-08-18 11:16:00+05:30,24208.0,24208.0,24201.5,24202.30078125,0
2026-08-18 11:17:00+05:30,24202.349609375,24203.25,24199.05078125,24199.75,0
2026-08-18 11:18:00+05:30,24200.69921875,24200.75,24194.94921875,24195.30078125,0
2026-08-18 11:19:00+05:30,24197.69921875,24198.75,24195.150390625,24197.75,0
2026-08-18 11:20:00+05:30,24198.80078125,24198.900390625,24195.19921875,24195.5,0
2026-08-18 11:21:00+05:30,24196.400390625,24196.55078125,24191.44921875,24191.650390625,0
2026-08-18 11:22:00+05:30,24192.849609375,24193.150390625,24190.05078125,24192.25,0
2026-08-18 11:23:00+05:30,24193.5,24193.69921875,24189.650390625,24190.900390625,0
2026-08-18 11:24:00+05:30,24192.400390625,24196.349609375,24190.099609375,24195.75,0
2026-08-18 11:25:00+05:30,24195.55078125,24195.599609375,24191.30078125,24192.5,0
2026-08-18 11:26:00+05:30,24192.900390625,24192.900390625,24189.849609375,24190.30078125,0
2026-08-18 11:27:00+05:30,24190.099609375,24190.099609375,24183.849609375,24185.349609375,0
2026-08-18 11:28:00+05:30,24186.599609375,24186.599609375,24183.599609375,24186.0,0
2026-08-18 11:29:00+05:30,24186.94921875,24188.0,24182.55078125,24182.650390625,0
2026-08-18 11:30:00+05:30,24183.75,24183.75,24175.0,24175.0,0
2026-08-18 11:31:00+05:30,24176.30078125,24179.44921875,24174.5,24176.94921875,0
2026-08-18 11:32:00+05:30,24178.099609375,24187.75,24177.0,24185.599609375,0
2026-08-18 11:33:00+05:30,24186.099609375,24189.900390625,24183.150390625,24184.75,0
2026-08-18 11:34:00+05:30,24185.05078125,24190.650390625,24184.69921875,24190.650390625,0
2026-08-18 11:35:00+05:30,24191.44921875,24193.94921875,24190.69921875,24192.400390625,0
2026-08-18 11:36:00+05:30,24193.69921875,24193.69921875,24188.849609375,24191.650390625,0
2026-08-18 11:37:00+05:30,24192.150390625,24194.55078125,24189.44921875,24190.599609375,0
2026-08-18 11:38:00+05:30,24192.099609375,24201.099609375,24191.30078125,24199.099609375,0
2026-08-18 11:39:00+05:30,24201.19921875,24201.900390625,24196.44921875,24196.599609375,0
2026-08-18 11:40:00+05:30,24198.0,24198.650390625,24193.849609375,24195.44921875,0
2026-08-18 11:41:00+05:30,24196.80078125,24199.44921875,24195.25,24196.94921875,0
2026-08-18 11:42:00+05:30,24198.099609375,24198.650390625,24196.44921875,24198.5,0
2026-08-18 11:43:00+05:30,24199.0,24199.75,24197.5,24198.400390625,0
2026-08-18 11:44:00+05:30,24198.94921875,24199.849609375,24197.05078125,24198.400390625,0
2026-08-18 11:45:00+05:30,24198.349609375,24200.599609375,24196.400390625,24198.94921875,0
2026-08-18 11:46:00+05:30,24200.5,24202.44921875,24198.150390625,24199.900390625,0
2026-08-18 11:47:00+05:30,24200.849609375,24203.80078125,24198.349609375,24199.55078125,0
2026-08-18 11:48:00+05:30,24200.400390625,24200.400390625,24196.849609375,24198.05078125,0
2026-08-18 11:49:00+05:30,24199.849609375,24201.44921875,24197.75,24200.099609375,0
2026-08-18 11:50:00+05:30,24201.650390625,24211.69921875,24200.5,24211.69921875,0
2026-08-18 11:51:00+05:30,24211.25,24214.400390625,24205.44921875,24206.0,0
2026-08-18 11:52:00+05:30,24207.400390625,24209.30078125,24205.400390625,24206.44921875,0
2026-08-18 11:53:00+05:30,24207.5,24208.599609375,24204.69921875,24205.650390625,0
2026-08-18 11:54:00+05:30,24206.75,24208.150390625,24198.30078125,24199.19921875,0
2026-08-18 11:55:00+05:30,24201.19921875,24201.849609375,24196.599609375,24200.849609375,0
2026-08-18 11:56:00+05:30,24201.25,24201.400390625,24195.900390625,24199.0,0
2026-08-18 11:57:00+05:30,24200.849609375,24205.650390625,24198.650390625,24204.400390625,0
2026-08-18 11:58:00+05:30,24204.55078125,24206.25,24200.900390625,24204.599609375,0
2026-08-18 11:59:00+05:30,24205.19921875,24208.5,24203.400390625,24206.80078125,0
2026-08-18 12:00:00+05:30,24208.30078125,24208.900390625,24206.099609375,24207.05078125,0
2026-08-18 12:01:00+05:30,24207.5,24207.900390625,24202.900390625,24203.099609375,0
2026-08-18 12:02:00+05:30,24204.849609375,24208.30078125,24201.849609375,24206.94921875,0
2026-08-18 12:03:00+05:30,24208.19921875,24209.849609375,24202.599609375,24209.849609375,0
2026-08-18 12:04:00+05:30,24210.0,24215.44921875,24208.44921875,24213.150390625,0
2026-08-18 12:05:00+05:30,24214.94921875,24218.30078125,24214.5,24215.44921875,0
2026-08-18 12:06:00+05:30,24217.0,24217.30078125,24212.900390625,24214.75,0
2026-08-18 12:07:00+05:30,24215.0,24219.94921875,24213.150390625,24219.5,0
2026-08-18 12:08:00+05:30,24219.900390625,24220.19921875,24213.25,24215.150390625,0
2026-08-18 12:09:00+05:30,24215.900390625,24218.05078125,24213.650390625,24215.80078125,0
2026-08-18 12:10:00+05:30,24217.44921875,24219.44921875,24213.80078125,24217.69921875,0
2026-08-18 12:11:00+05:30,24218.19921875,24220.80078125,24216.849609375,24217.650390625,0
2026-08-18 12:12:00+05:30,24218.75,24218.75,24213.94921875,24214.400390625,0
2026-08-18 12:13:00+05:30,24214.349609375,24216.349609375,24209.44921875,24211.44921875,0
2026-08-18 12:14:00+05:30,24212.099609375,24213.900390625,24208.099609375,24212.94921875,0
2026-08-18 12:15:00+05:30,24213.19921875,24215.099609375,24211.150390625,24211.900390625,0
2026-08-18 12:16:00+05:30,24212.849609375,24212.849609375,24205.44921875,24207.900390625,0
2026-08-18 12:17:00+05:30,24208.75,24211.0,24205.25,24208.400390625,0
2026-08-18 12:18:00+05:30,24210.0,24212.150390625,24208.25,24210.599609375,0
2026-08-18 12:19:00+05:30,24210.69921875,24211.599609375,24207.349609375,24209.19921875,0
2026-08-18 12:20:00+05:30,24210.0,24211.19921875,24205.69921875,24207.19921875,0
2026-08-18 12:21:00+05:30,24208.19921875,24208.80078125,24203.650390625,24205.400390625,0
2026-08-18 12:22:00+05:30,24207.150390625,24209.849609375,24203.849609375,24209.0,0
2026-08-18 12:23:00+05:30,24209.900390625,24210.80078125,24206.099609375,24208.150390625,0
2026-08-18 12:24:00+05:30,24208.5,24209.0,24204.849609375,24206.150390625,0
2026-08-18 12:25:00+05:30,24206.900390625,24210.75,24204.69921875,24208.650390625,0
2026-08-18 12:26:00+05:30,24209.849609375,24210.849609375,24206.55078125,24207.650390625,0
2026-08-18 12:27:00+05:30,24209.349609375,24211.05078125,24206.75,24208.5,0
2026-08-18 12:28:00+05:30,24210.05078125,24214.099609375,24207.94921875,24213.44921875,0
2026-08-18 12:29:00+05:30,24213.849609375,24217.400390625,24211.05078125,24212.80078125,0
2026-08-18 12:30:00+05:30,24213.25,24218.400390625,24212.349609375,24217.05078125,0
2026-08-18 12:31:00+05:30,24218.05078125,24220.349609375,24216.25,24216.400390625,0
2026-08-18 12:32:00+05:30,24217.55078125,24217.55078125,24213.19921875,24214.44921875,0
2026-08-18 12:33:00+05:30,24215.5,24216.75,24213.400390625,24214.650390625,0
2026-08-18 12:34:00+05:30,24214.69921875,24216.30078125,24212.849609375,24214.69921875,0
2026-08-18 12:35:00+05:30,24215.30078125,24217.80078125,24213.650390625,24216.19921875,0
2026-08-18 12:36:00+05:30,24214.5,24218.25,24213.849609375,24215.05078125,0
2026-08-18 12:37:00+05:30,24214.849609375,24215.400390625,24210.25,24210.400390625,0
2026-08-18 12:38:00+05:30,24211.75,24211.75,24207.650390625,24208.900390625,0
2026-08-18 12:39:00+05:30,24209.80078125,24210.349609375,24205.599609375,24208.25,0
2026-08-18 12:40:00+05:30,24205.19921875,24208.69921875,24203.650390625,24205.150390625,0
2026-08-18 12:41:00+05:30,24205.94921875,24205.94921875,24202.55078125,24204.05078125,0
2026-08-18 12:42:00+05:30,24205.05078125,24205.19921875,24199.55078125,24201.650390625,0
2026-08-18 12:43:00+05:30,24202.69921875,24203.150390625,24199.150390625,24201.44921875,0
2026-08-18 12:44:00+05:30,24201.80078125,24201.80078125,24196.0,24198.05078125,0
2026-08-18 12:45:00+05:30,24198.0,24202.75,24196.5,24201.25,0
2026-08-18 12:46:00+05:30,24201.75,24201.75,24194.44921875,24197.900390625,0
2026-08-18 12:47:00+05:30,24198.400390625,24200.599609375,24197.650390625,24198.19921875,0
2026-08-18 12:48:00+05:30,24199.75,24202.05078125,24198.75,24201.55078125,0
2026-08-18 12:49:00+05:30,24202.849609375,24206.849609375,24202.25,24205.55078125,0
2026-08-18 12:50:00+05:30,24206.30078125,24210.69921875,24204.94921875,24206.150390625,0
2026-08-18 12:51:00+05:30,24207.599609375,24210.599609375,24204.55078125,24208.75,0
2026-08-18 12:52:00+05:30,24209.650390625,24210.44921875,24206.44921875,24207.80078125,0
2026-08-18 12:53:00+05:30,24207.55078125,24208.19921875,24204.44921875,24205.69921875,0
2026-08-18 12:54:00+05:30,24207.30078125,24208.349609375,24203.5,24206.5,0
2026-08-18 12:55:00+05:30,24207.44921875,24210.05078125,24205.94921875,24208.25,0
2026-08-18 12:56:00+05:30,24208.900390625,24209.05078125,24203.05078125,24204.5,0
2026-08-18 12:57:00+05:30,24205.400390625,24206.349609375,24200.94921875,24202.650390625,0
2026-08-18 12:58:00+05:30,24203.0,24204.400390625,24200.55078125,24203.150390625,0
2026-08-18 12:59:00+05:30,24202.94921875,24202.94921875,24198.75,24199.05078125,0
2026-08-18 13:00:00+05:30,24200.0,24200.150390625,24189.900390625,24190.900390625,0
2026-08-18 13:01:00+05:30,24191.5,24191.900390625,24187.849609375,24190.55078125,0
2026-08-18 13:02:00+05:30,24191.75,24196.150390625,24190.25,24195.69921875,0
2026-08-18 13:03:00+05:30,24196.150390625,24196.599609375,24190.5,24192.19921875,0
2026-08-18 13:04:00+05:30,24193.25,24194.94921875,24190.0,24193.69921875,0
2026-08-18 13:05:00+05:30,24192.400390625,24192.94921875,24185.599609375,24187.5,0
2026-08-18 13:06:00+05:30,24188.0,24189.94921875,24185.599609375,24187.849609375,0
2026-08-18 13:07:00+05:30,24188.30078125,24195.75,24187.05078125,24193.69921875,0
2026-08-18 13:08:00+05:30,24194.55078125,24197.94921875,24193.80078125,24195.19921875,0
2026-08-18 13:09:00+05:30,24196.599609375,24200.19921875,24195.69921875,24198.75,0
2026-08-18 13:10:00+05:30,24200.05078125,24201.849609375,24196.349609375,24198.599609375,0
2026-08-18 13:11:00+05:30,24200.849609375,24201.55078125,24197.05078125,24199.650390625,0
2026-08-18 13:12:00+05:30,24200.849609375,24203.0,24197.94921875,24201.650390625,0
2026-08-18 13:13:00+05:30,24202.099609375,24204.900390625,24199.94921875,24202.69921875,0
2026-08-18 13:14:00+05:30,24204.099609375,24204.55078125,24199.80078125,24202.599609375,0
2026-08-18 13:15:00+05:30,24204.5,24206.94921875,24202.099609375,24205.599609375,0
2026-08-18 13:16:00+05:30,24206.55078125,24207.69921875,24203.349609375,24204.849609375,0
2026-08-18 13:17:00+05:30,24206.150390625,24208.900390625,24203.69921875,24207.150390625,0
2026-08-18 13:18:00+05:30,24208.25,24210.69921875,24205.05078125,24208.599609375,0
2026-08-18 13:19:00+05:30,24208.75,24209.400390625,24203.650390625,24206.94921875,0
2026-08-18 13:20:00+05:30,24207.400390625,24207.400390625,24201.75,24203.099609375,0
2026-08-18 13:21:00+05:30,24203.900390625,24207.099609375,24200.849609375,24203.05078125,0
2026-08-18 13:22:00+05:30,24204.44921875,24208.900390625,24202.5,24204.349609375,0
2026-08-18 13:23:00+05:30,24206.30078125,24207.400390625,24202.650390625,24203.5,0
2026-08-18 13:24:00+05:30,24205.19921875,24206.44921875,24201.400390625,24204.19921875,0
2026-08-18 13:25:00+05:30,24205.44921875,24207.150390625,24201.25,24201.650390625,0
2026-08-18 13:26:00+05:30,24201.69921875,24204.349609375,24198.650390625,24202.19921875,0
2026-08-18 13:27:00+05:30,24203.650390625,24205.099609375,24198.69921875,24200.69921875,0
2026-08-18 13:28:00+05:30,24202.44921875,24205.599609375,24200.099609375,24200.75,0
2026-08-18 13:29:00+05:30,24201.650390625,24208.05078125,24200.650390625,24207.849609375,0
2026-08-18 13:30:00+05:30,24208.349609375,24208.80078125,24203.05078125,24206.099609375,0
2026-08-18 13:31:00+05:30,24207.25,24208.75,24204.25,24208.25,0
2026-08-18 13:32:00+05:30,24209.0,24209.0,24203.599609375,24205.400390625,0
2026-08-18 13:33:00+05:30,24205.69921875,24206.599609375,24202.650390625,24205.69921875,0
2026-08-18 13:34:00+05:30,24205.349609375,24205.55078125,24201.75,24203.150390625,0
2026-08-18 13:35:00+05:30,24203.80078125,24205.349609375,24201.75,24202.69921875,0
2026-08-18 13:36:00+05:30,24204.150390625,24204.75,24194.19921875,24194.19921875,0
2026-08-18 13:37:00+05:30,24195.44921875,24195.5,24190.099609375,24193.900390625,0
2026-08-18 13:38:00+05:30,24194.5,24197.19921875,24192.849609375,24196.0,0
2026-08-18 13:39:00+05:30,24197.650390625,24198.05078125,24192.80078125,24194.75,0
2026-08-18 13:40:00+05:30,24195.400390625,24198.099609375,24193.75,24195.69921875,0
2026-08-18 13:41:00+05:30,24197.25,24201.0,24194.55078125,24198.5,0
2026-08-18 13:42:00+05:30,24199.099609375,24200.30078125,24196.80078125,24197.400390625,0
2026-08-18 13:43:00+05:30,24198.5,24199.69921875,24195.30078125,24197.05078125,0
2026-08-18 13:44:00+05:30,24197.5,24204.650390625,24197.5,24202.0,0
2026-08-18 13:45:00+05:30,24202.650390625,24206.849609375,24200.44921875,24206.19921875,0
2026-08-18 13:46:00+05:30,24206.650390625,24207.599609375,24203.599609375,24203.94921875,0
2026-08-18 13:47:00+05:30,24204.900390625,24205.75,24203.19921875,24205.30078125,0
2026-08-18 13:48:00+05:30,24206.349609375,24206.349609375,24201.849609375,24204.80078125,0
2026-08-18 13:49:00+05:30,24205.900390625,24206.599609375,24202.94921875,24204.69921875,0
2026-08-18 13:50:00+05:30,24206.099609375,24206.099609375,24200.5,24201.849609375,0
2026-08-18 13:51:00+05:30,24202.75,24205.099609375,24199.19921875,24199.19921875,0
2026-08-18 13:52:00+05:30,24199.75,24200.44921875,24195.0,24195.0,0
2026-08-18 13:53:00+05:30,24196.5,24198.30078125,24195.099609375,24197.55078125,0
2026-08-18 13:54:00+05:30,24197.650390625,24199.599609375,24194.75,24196.150390625,0
2026-08-18 13:55:00+05:30,24197.900390625,24198.849609375,24195.599609375,24198.650390625,0
2026-08-18 13:56:00+05:30,24199.25,24200.099609375,24191.349609375,24193.650390625,0
2026-08-18 13:57:00+05:30,24194.69921875,24194.900390625,24187.900390625,24189.5,0
2026-08-18 13:58:00+05:30,24190.75,24191.30078125,24188.25,24189.849609375,0
2026-08-18 13:59:00+05:30,24190.69921875,24193.599609375,24189.599609375,24190.80078125,0
2026-08-18 14:00:00+05:30,24192.94921875,24196.150390625,24191.80078125,24193.19921875,0
2026-08-18 14:01:00+05:30,24194.94921875,24194.94921875,24191.0,24192.19921875,0
2026-08-18 14:02:00+05:30,24192.849609375,24199.75,24192.25,24199.349609375,0
2026-08-18 14:03:00+05:30,24199.75,24200.849609375,24197.849609375,24200.0,0
2026-08-18 14:04:00+05:30,24201.55078125,24207.80078125,24200.099609375,24206.75,0
2026-08-18 14:05:00+05:30,24207.75,24209.5,24195.099609375,24196.69921875,0
2026-08-18 14:06:00+05:30,24200.94921875,24206.30078125,24197.099609375,24200.25,0
2026-08-18 14:07:00+05:30,24202.650390625,24203.69921875,24197.80078125,24200.19921875,0
2026-08-18 14:08:00+05:30,24201.25,24201.25,24196.150390625,24196.150390625,0
2026-08-18 14:09:00+05:30,24198.0,24198.0,24194.349609375,24195.94921875,0
2026-08-18 14:10:00+05:30,24196.55078125,24197.0,24193.25,24193.400390625,0
2026-08-18 14:11:00+05:30,24195.0,24195.19921875,24189.19921875,24189.44921875,0
2026-08-18 14:12:00+05:30,24190.849609375,24194.400390625,24189.25,24191.849609375,0
2026-08-18 14:13:00+05:30,24193.94921875,24195.55078125,24192.599609375,24193.55078125,0
2026-08-18 14:14:00+05:30,24194.69921875,24198.0,24191.900390625,24195.55078125,0
2026-08-18 14:15:00+05:30,24196.94921875,24197.94921875,24191.94921875,24192.05078125,0
2026-08-18 14:16:00+05:30,24192.69921875,24194.599609375,24191.25,24193.599609375,0
2026-08-18 14:17:00+05:30,24194.150390625,24197.599609375,24192.30078125,24194.05078125,0
2026-08-18 14:18:00+05:30,24194.94921875,24198.30078125,24194.30078125,24196.69921875,0
2026-08-18 14:19:00+05:30,24196.80078125,24198.099609375,24189.849609375,24191.0,0
2026-08-18 14:20:00+05:30,24191.349609375,24195.69921875,24190.099609375,24194.650390625,0
2026-08-18 14:21:00+05:30,24195.349609375,24195.69921875,24192.650390625,24193.099609375,0
2026-08-18 14:22:00+05:30,24193.150390625,24193.30078125,24188.150390625,24191.25,0
2026-08-18 14:23:00+05:30,24192.30078125,24193.0,24185.849609375,24187.44921875,0
2026-08-18 14:24:00+05:30,24190.099609375,24200.30078125,24188.19921875,24193.75,0
2026-08-18 14:25:00+05:30,24194.349609375,24200.599609375,24192.900390625,24196.25,0
2026-08-18 14:26:00+05:30,24196.0,24196.25,24192.349609375,24194.650390625,0
2026-08-18 14:27:00+05:30,24194.94921875,24195.19921875,24181.75,24186.94921875,0
2026-08-18 14:28:00+05:30,24189.75,24195.849609375,24186.900390625,24195.150390625,0
2026-08-18 14:29:00+05:30,24195.80078125,24203.5,24194.80078125,24199.099609375,0
2026-08-18 14:30:00+05:30,24201.099609375,24207.0,24197.849609375,24203.44921875,0
2026-08-18 14:31:00+05:30,24205.150390625,24205.150390625,24196.80078125,24196.900390625,0
2026-08-18 14:32:00+05:30,24198.0,24203.0,24194.099609375,24198.900390625,0
2026-08-18 14:33:00+05:30,24200.69921875,24200.69921875,24194.80078125,24199.599609375,0
2026-08-18 14:34:00+05:30,24200.5,24203.599609375,24198.55078125,24198.55078125,0
2026-08-18 14:35:00+05:30,24200.75,24200.75,24191.849609375,24194.099609375,0
2026-08-18 14:36:00+05:30,24194.55078125,24197.349609375,24192.0,24194.69921875,0
2026-08-18 14:37:00+05:30,24196.349609375,24200.5,24195.400390625,24197.25,0
2026-08-18 14:38:00+05:30,24198.44921875,24201.849609375,24195.650390625,24199.55078125,0
2026-08-18 14:39:00+05:30,24200.75,24204.44921875,24198.30078125,24201.55078125,0
2026-08-18 14:40:00+05:30,24201.75,24203.900390625,24199.05078125,24203.5,0
2026-08-18 14:41:00+05:30,24203.849609375,24207.5,24200.0,24201.75,0
2026-08-18 14:42:00+05:30,24202.80078125,24203.05078125,24198.69921875,24200.900390625,0
2026-08-18 14:43:00+05:30,24202.19921875,24202.25,24198.75,24199.19921875,0
2026-08-18 14:44:00+05:30,24201.400390625,24206.19921875,24200.400390625,24205.19921875,0
2026-08-18 14:45:00+05:30,24206.0,24206.05078125,24200.650390625,24200.650390625,0
2026-08-18 14:46:00+05:30,24202.0,24211.150390625,24198.900390625,24208.44921875,0
2026-08-18 14:47:00+05:30,24209.5,24209.5,24203.099609375,24205.349609375,0
2026-08-18 14:48:00+05:30,24207.099609375,24207.099609375,24201.80078125,24205.44921875,0
2026-08-18 14:49:00+05:30,24207.19921875,24209.19921875,24206.099609375,24207.099609375,0
2026-08-18 14:50:00+05:30,24208.69921875,24214.25,24207.44921875,24211.5,0
2026-08-18 14:51:00+05:30,24213.30078125,24217.69921875,24211.75,24213.849609375,0
2026-08-18 14:52:00+05:30,24215.5,24216.099609375,24208.69921875,24209.75,0
2026-08-18 14:53:00+05:30,24210.650390625,24211.05078125,24205.80078125,24205.900390625,0
2026-08-18 14:54:00+05:30,24207.94921875,24208.650390625,24204.69921875,24206.099609375,0
2026-08-18 14:55:00+05:30,24207.349609375,24212.849609375,24206.25,24212.099609375,0
2026-08-18 14:56:00+05:30,24212.599609375,24216.75,24209.599609375,24213.0,0
2026-08-18 14:57:00+05:30,24215.69921875,24221.099609375,24212.5,24218.099609375,0
2026-08-18 14:58:00+05:30,24219.55078125,24219.55078125,24212.650390625,24215.30078125,0
2026-08-18 14:59:00+05:30,24216.55078125,24217.75,24212.599609375,24214.30078125,0
2026-08-18 15:00:00+05:30,24216.599609375,24230.05078125,24210.599609375,24228.25,0
2026-08-18 15:01:00+05:30,24227.849609375,24230.75,24219.0,24220.30078125,0
2026-08-18 15:02:00+05:30,24221.150390625,24222.94921875,24217.0,24219.44921875,0
2026-08-18 15:03:00+05:30,24221.349609375,24221.349609375,24209.25,24210.5,0
2026-08-18 15:04:00+05:30,24211.599609375,24212.30078125,24202.650390625,24203.19921875,0
2026-08-18 15:05:00+05:30,24205.400390625,24206.400390625,24201.19921875,24205.55078125,0
2026-08-18 15:06:00+05:30,24205.75,24205.75,24197.75,24198.849609375,0
2026-08-18 15:07:00+05:30,24200.650390625,24200.75,24191.05078125,24196.19921875,0
2026-08-18 15:08:00+05:30,24195.94921875,24200.19921875,24194.5,24200.05078125,0
2026-08-18 15:09:00+05:30,24199.69921875,24199.69921875,24191.94921875,24197.30078125,0
2026-08-18 15:10:00+05:30,24196.5,24200.650390625,24193.650390625,24198.44921875,0
2026-08-18 15:11:00+05:30,24199.349609375,24202.849609375,24195.650390625,24198.849609375,0
2026-08-18 15:12:00+05:30,24198.44921875,24201.30078125,24189.900390625,24191.94921875,0
2026-08-18 15:13:00+05:30,24191.05078125,24191.849609375,24183.5,24185.150390625,0
2026-08-18 15:14:00+05:30,24182.80078125,24187.099609375,24165.80078125,24169.75,0
2026-08-18 15:15:00+05:30,24166.349609375,24166.349609375,24166.349609375,24166.349609375,0
2026-08-18 15:16:00+05:30,24166.349609375,24166.349609375,24166.349609375,24166.349609375,0
2026-08-18 15:17:00+05:30,24166.349609375,24166.349609375,24166.349609375,24166.349609375,0
2026-08-18 15:18:00+05:30,24166.349609375,24166.349609375,24166.349609375,24166.349609375,0
2026-08-18 15:19:00+05:30,24166.349609375,24166.349609375,24166.349609375,24166.349609375,0
2026-08-18 15:20:00+05:30,24166.349609375,24166.349609375,24166.349609375,24166.349609375,0
2026-08-18 15:21:00+05:30,24166.349609375,24166.349609375,24166.349609375,24166.349609375,0
2026-08-18 15:22:00+05:30,24166.349609375,24166.349609375,24166.349609375,24166.349609375,0
2026-08-18 15:23:00+05:30,24166.349609375,24166.349609375,24166.349609375,24166.349609375,0
2026-08-18 15:24:00+05:30,24166.349609375,24166.349609375,24166.349609375,24166.349609375,0
2026-08-18 15:25:00+05:30,24166.349609375,24166.349609375,24166.349609375,24166.349609375,0
2026-08-18 15:26:00+05:30,24166.349609375,24166.349609375,24166.349609375,24166.349609375,0
2026-08-18 15:27:00+05:30,24166.349609375,24166.349609375,24166.349609375,24166.349609375,0
2026-08-18 15:28:00+05:30,24166.349609375,24166.349609375,24166.349609375,24166.349609375,0
2026-08-18 15:29:00+05:30,24166.349609375,24166.349609375,24154.900390625,24154.900390625,0
2026-08-19 09:15:00+05:30,24163.05078125,24166.94921875,24106.75,24117.69921875,0
2026-08-19 09:16:00+05:30,24120.30078125,24120.80078125,24108.599609375,24110.44921875,0
2026-08-19 09:17:00+05:30,24111.80078125,24114.849609375,24103.0,24114.599609375,0
2026-08-19 09:18:00+05:30,24115.75,24119.69921875,24109.69921875,24113.349609375,0
2026-08-19 09:19:00+05:30,24114.650390625,24119.599609375,24109.5,24118.69921875,0
2026-08-19 09:20:00+05:30,24119.75,24120.44921875,24109.400390625,24113.69921875,0
2026-08-19 09:21:00+05:30,24114.44921875,24125.30078125,24110.900390625,24122.44921875,0
2026-08-19 09:22:00+05:30,24123.19921875,24123.19921875,24113.25,24118.80078125,0
2026-08-19 09:23:00+05:30,24119.5,24120.0,24108.44921875,24111.150390625,0
2026-08-19 09:24:00+05:30,24112.19921875,24113.0,24105.30078125,24106.05078125,0
2026-08-19 09:25:00+05:30,24108.599609375,24109.400390625,24098.150390625,24098.150390625,0
2026-08-19 09:26:00+05:30,24100.650390625,24103.05078125,24094.69921875,24100.69921875,0
2026-08-19 09:27:00+05:30,24103.19921875,24109.150390625,24100.400390625,24104.900390625,0
2026-08-19 09:28:00+05:30,24107.650390625,24107.650390625,24098.599609375,24099.349609375,0
2026-08-19 09:29:00+05:30,24100.849609375,24101.69921875,24093.25,24096.75,0
2026-08-19 09:30:00+05:30,24098.19921875,24099.0,24088.69921875,24089.94921875,0
2026-08-19 09:31:00+05:30,24090.80078125,24092.05078125,24080.44921875,24082.349609375,0
2026-08-19 09:32:00+05:30,24083.900390625,24087.05078125,24078.099609375,24081.25,0
2026-08-19 09:33:00+05:30,24082.650390625,24084.150390625,24078.400390625,24079.5,0
2026-08-19 09:34:00+05:30,24081.19921875,24081.19921875,24071.900390625,24073.849609375,0
2026-08-19 09:35:00+05:30,24076.400390625,24077.94921875,24070.25,24071.19921875,0
2026-08-19 09:36:00+05:30,24074.150390625,24075.05078125,24068.650390625,24071.0,0
2026-08-19 09:37:00+05:30,24072.75,24073.55078125,24066.5,24067.19921875,0
2026-08-19 09:38:00+05:30,24069.5,24069.55078125,24065.5,24069.55078125,0
2026-08-19 09:39:00+05:30,24070.650390625,24080.05078125,24067.099609375,24079.55078125,0
2026-08-19 09:40:00+05:30,24080.5,24081.30078125,24069.150390625,24073.69921875,0
2026-08-19 09:41:00+05:30,24075.75,24079.900390625,24071.400390625,24076.75,0
2026-08-19 09:42:00+05:30,24078.650390625,24080.650390625,24075.25,24080.25,0
2026-08-19 09:43:00+05:30,24081.849609375,24088.349609375,24078.349609375,24087.650390625,0
2026-08-19 09:44:00+05:30,24089.099609375,24090.94921875,24083.69921875,24084.55078125,0
2026-08-19 09:45:00+05:30,24085.349609375,24086.849609375,24080.30078125,24082.25,0
2026-08-19 09:46:00+05:30,24084.150390625,24085.55078125,24079.55078125,24080.650390625,0
2026-08-19 09:47:00+05:30,24081.75,24084.099609375,24079.75,24082.150390625,0
2026-08-19 09:48:00+05:30,24084.150390625,24088.94921875,24081.30078125,24088.400390625,0
2026-08-19 09:49:00+05:30,24090.80078125,24095.44921875,24085.099609375,24094.150390625,0
2026-08-19 09:50:00+05:30,24095.349609375,24103.75,24093.5,24103.75,0
2026-08-19 09:51:00+05:30,24105.69921875,24108.44921875,24101.44921875,24102.80078125,0
2026-08-19 09:52:00+05:30,24103.75,24103.75,24096.19921875,24097.80078125,0
2026-08-19 09:53:00+05:30,24099.5,24106.150390625,24095.80078125,24102.44921875,0
2026-08-19 09:54:00+05:30,24104.0,24105.599609375,24099.400390625,24099.75,0
2026-08-19 09:55:00+05:30,24100.849609375,24100.900390625,24093.599609375,24098.400390625,0
2026-08-19 09:56:00+05:30,24098.75,24102.30078125,24096.19921875,24102.099609375,0
2026-08-19 09:57:00+05:30,24102.75,24105.150390625,24097.900390625,24099.80078125,0
2026-08-19 09:58:00+05:30,24097.099609375,24098.30078125,24096.150390625,24098.150390625,0
2026-08-19 09:59:00+05:30,24098.05078125,24098.75,24094.25,24097.80078125,0
2026-08-19 10:00:00+05:30,24097.150390625,24101.599609375,24096.75,24098.55078125,0
2026-08-19 10:01:00+05:30,24100.650390625,24100.650390625,24093.099609375,24095.05078125,0
2026-08-19 10:02:00+05:30,24097.94921875,24100.44921875,24094.94921875,24098.19921875,0
2026-08-19 10:03:00+05:30,24100.80078125,24107.80078125,24099.0,24105.44921875,0
2026-08-19 10:04:00+05:30,24106.099609375,24106.099609375,24098.599609375,24099.75,0
2026-08-19 10:05:00+05:30,24101.55078125,24102.5,24095.75,24096.30078125,0
2026-08-19 10:06:00+05:30,24098.400390625,24098.400390625,24093.849609375,24096.5,0
2026-08-19 10:07:00+05:30,24098.0,24099.599609375,24095.25,24098.25,0
2026-08-19 10:08:00+05:30,24100.349609375,24101.75,24097.849609375,24100.5,0
2026-08-19 10:09:00+05:30,24101.150390625,24101.400390625,24093.599609375,24094.44921875,0
2026-08-19 10:10:00+05:30,24094.849609375,24098.55078125,24092.25,24093.650390625,0
2026-08-19 10:11:00+05:30,24094.599609375,24095.5,24090.05078125,24092.94921875,0
2026-08-19 10:12:00+05:30,24095.099609375,24095.099609375,24088.55078125,24090.0,0
2026-08-19 10:13:00+05:30,24091.75,24091.75,24085.19921875,24085.30078125,0
2026-08-19 10:14:00+05:30,24087.349609375,24091.94921875,24085.150390625,24091.80078125,0
2026-08-19 10:15:00+05:30,24093.25,24094.5,24083.05078125,24083.75,0
2026-08-19 10:16:00+05:30,24085.650390625,24086.349609375,24081.30078125,24083.5,0
2026-08-19 10:17:00+05:30,24085.900390625,24086.599609375,24080.150390625,24080.25,0
2026-08-19 10:18:00+05:30,24083.05078125,24084.599609375,24074.25,24075.19921875,0
2026-08-19 10:19:00+05:30,24076.25,24076.25,24071.30078125,24072.69921875,0
2026-08-19 10:20:00+05:30,24074.44921875,24074.44921875,24065.80078125,24066.099609375,0
2026-08-19 10:21:00+05:30,24068.05078125,24068.25,24064.19921875,24065.900390625,0
2026-08-19 10:22:00+05:30,24067.44921875,24068.849609375,24065.099609375,24067.0,0
2026-08-19 10:23:00+05:30,24069.0,24069.599609375,24064.55078125,24064.69921875,0
2026-08-19 10:24:00+05:30,24067.44921875,24069.400390625,24063.19921875,24065.05078125,0
2026-08-19 10:25:00+05:30,24067.19921875,24069.0,24064.599609375,24066.69921875,0
2026-08-19 10:26:00+05:30,24068.349609375,24068.44921875,24064.05078125,24067.80078125,0
2026-08-19 10:27:00+05:30,24069.599609375,24070.650390625,24066.5,24068.80078125,0
2026-08-19 10:28:00+05:30,24069.94921875,24070.75,24067.19921875,24069.599609375,0
2026-08-19 10:29:00+05:30,24071.25,24071.25,24064.94921875,24065.19921875,0
2026-08-19 10:30:00+05:30,24066.400390625,24066.400390625,24061.25,24063.25,0
2026-08-19 10:31:00+05:30,24064.75,24064.75,24058.0,24062.849609375,0
2026-08-19 10:32:00+05:30,24063.599609375,24065.400390625,24059.05078125,24062.80078125,0
2026-08-19 10:33:00+05:30,24064.150390625,24064.849609375,24060.0,24063.900390625,0
2026-08-19 10:34:00+05:30,24057.75,24060.5,24056.599609375,24057.44921875,0
2026-08-19 10:35:00+05:30,24058.849609375,24060.25,24051.349609375,24058.30078125,0
2026-08-19 10:36:00+05:30,24059.69921875,24063.19921875,24058.150390625,24061.0,0
2026-08-19 10:37:00+05:30,24062.900390625,24063.05078125,24054.80078125,24055.650390625,0
2026-08-19 10:38:00+05:30,24056.849609375,24056.849609375,24050.75,24051.55078125,0
2026-08-19 10:39:00+05:30,24054.05078125,24056.44921875,24050.75,24051.94921875,0
2026-08-19 10:40:00+05:30,24054.0,24054.05078125,24049.80078125,24051.75,0
2026-08-19 10:41:00+05:30,24053.80078125,24054.0,24045.30078125,24045.44921875,0
2026-08-19 10:42:00+05:30,24047.150390625,24052.94921875,24043.400390625,24052.30078125,0
2026-08-19 10:43:00+05:30,24053.650390625,24058.44921875,24048.44921875,24057.599609375,0
2026-08-19 10:44:00+05:30,24060.0,24061.05078125,24057.05078125,24058.400390625,0
2026-08-19 10:45:00+05:30,24060.099609375,24060.099609375,24052.599609375,24054.0,0
2026-08-19 10:46:00+05:30,24055.25,24055.25,24051.55078125,24052.69921875,0
2026-08-19 10:47:00+05:30,24054.400390625,24055.05078125,24050.5,24052.400390625,0
2026-08-19 10:48:00+05:30,24054.44921875,24054.5,24048.650390625,24051.30078125,0
2026-08-19 10:49:00+05:30,24053.19921875,24054.650390625,24051.19921875,24053.099609375,0
2026-08-19 10:50:00+05:30,24054.900390625,24054.900390625,24050.400390625,24051.150390625,0
2026-08-19 10:51:00+05:30,24052.75,24054.69921875,24049.650390625,24052.75,0
2026-08-19 10:52:00+05:30,24054.150390625,24055.099609375,24050.849609375,24052.69921875,0
2026-08-19 10:53:00+05:30,24055.099609375,24058.25,24051.69921875,24056.650390625,0
2026-08-19 10:54:00+05:30,24057.599609375,24062.19921875,24055.80078125,24061.30078125,0
2026-08-19 10:55:00+05:30,24062.75,24065.599609375,24059.94921875,24064.55078125,0
2026-08-19 10:56:00+05:30,24064.900390625,24067.69921875,24061.05078125,24066.0,0
2026-08-19 10:57:00+05:30,24067.69921875,24068.05078125,24061.150390625,24064.94921875,0
2026-08-19 10:58:00+05:30,24066.650390625,24068.30078125,24062.599609375,24064.75,0
2026-08-19 10:59:00+05:30,24065.849609375,24066.19921875,24055.900390625,24055.900390625,0
2026-08-19 11:00:00+05:30,24058.94921875,24058.94921875,24051.75,24053.650390625,0
2026-08-19 11:01:00+05:30,24055.599609375,24059.19921875,24052.900390625,24055.400390625,0
2026-08-19 11:02:00+05:30,24056.75,24056.80078125,24047.25,24047.25,0
2026-08-19 11:03:00+05:30,24050.650390625,24051.80078125,24046.05078125,24047.349609375,0
2026-08-19 11:04:00+05:30,24049.25,24049.55078125,24044.94921875,24047.94921875,0
2026-08-19 11:05:00+05:30,24050.0,24050.0,24044.30078125,24045.80078125,0
2026-08-19 11:06:00+05:30,24047.0,24047.25,24042.599609375,24043.349609375,0
2026-08-19 11:07:00+05:30,24045.150390625,24045.25,24030.30078125,24034.55078125,0
2026-08-19 11:08:00+05:30,24035.44921875,24041.0,24028.19921875,24037.599609375,0
2026-08-19 11:09:00+05:30,24039.30078125,24042.650390625,24034.80078125,24041.19921875,0
2026-08-19 11:10:00+05:30,24043.849609375,24047.599609375,24041.55078125,24043.900390625,0
2026-08-19 11:11:00+05:30,24045.599609375,24048.69921875,24040.150390625,24043.0,0
2026-08-19 11:12:00+05:30,24045.05078125,24045.05078125,24039.099609375,24041.849609375,0
2026-08-19 11:13:00+05:30,24044.349609375,24045.900390625,24038.400390625,24045.75,0
2026-08-19 11:14:00+05:30,24047.849609375,24051.150390625,24046.150390625,24048.5,0
2026-08-19 11:15:00+05:30,24051.650390625,24054.69921875,24047.80078125,24051.25,0
2026-08-19 11:16:00+05:30,24053.80078125,24053.80078125,24045.30078125,24049.55078125,0
2026-08-19 11:17:00+05:30,24051.599609375,24052.400390625,24046.25,24047.75,0
2026-08-19 11:18:00+05:30,24049.400390625,24050.150390625,24045.349609375,24048.900390625,0
2026-08-19 11:19:00+05:30,24050.599609375,24055.400390625,24047.75,24053.150390625,0
2026-08-19 11:20:00+05:30,24057.0,24060.0,24052.099609375,24052.94921875,0
2026-08-19 11:21:00+05:30,24056.599609375,24059.900390625,24052.099609375,24059.099609375,0
2026-08-19 11:22:00+05:30,24060.25,24062.25,24055.94921875,24058.900390625,0
2026-08-19 11:23:00+05:30,24060.349609375,24060.349609375,24054.69921875,24056.19921875,0
2026-08-19 11:24:00+05:30,24058.5,24058.69921875,24051.55078125,24052.25,0
2026-08-19 11:25:00+05:30,24054.75,24054.75,24048.099609375,24048.55078125,0
2026-08-19 11:26:00+05:30,24050.19921875,24054.44921875,24046.94921875,24054.44921875,0
2026-08-19 11:27:00+05:30,24055.44921875,24056.599609375,24052.05078125,24054.650390625,0
2026-08-19 11:28:00+05:30,24057.599609375,24057.849609375,24053.30078125,24053.5,0
2026-08-19 11:29:00+05:30,24055.5,24055.599609375,24050.900390625,24054.349609375,0
2026-08-19 11:30:00+05:30,24056.75,24058.349609375,24053.19921875,24056.849609375,0
2026-08-19 11:31:00+05:30,24059.0,24059.0,24055.05078125,24056.94921875,0
2026-08-19 11:32:00+05:30,24058.44921875,24058.44921875,24053.400390625,24054.150390625,0
2026-08-19 11:33:00+05:30,24055.94921875,24056.25,24050.25,24054.150390625,0
2026-08-19 11:34:00+05:30,24056.05078125,24058.5,24053.849609375,24054.25,0
2026-08-19 11:35:00+05:30,24056.599609375,24057.0,24048.5,24053.099609375,0
2026-08-19 11:36:00+05:30,24054.900390625,24054.900390625,24047.5,24047.69921875,0
2026-08-19 11:37:00+05:30,24048.349609375,24048.75,24042.650390625,24044.150390625,0
2026-08-19 11:38:00+05:30,24046.30078125,24048.650390625,24043.19921875,24044.900390625,0
2026-08-19 11:39:00+05:30,24046.30078125,24049.80078125,24045.05078125,24047.599609375,0
2026-08-19 11:40:00+05:30,24050.25,24051.349609375,24044.349609375,24050.400390625,0
2026-08-19 11:41:00+05:30,24050.349609375,24051.900390625,24047.69921875,24051.5,0
2026-08-19 11:42:00+05:30,24052.94921875,24052.94921875,24046.849609375,24048.349609375,0
2026-08-19 11:43:00+05:30,24050.5,24051.94921875,24048.650390625,24049.75,0
2026-08-19 11:44:00+05:30,24051.349609375,24053.349609375,24048.25,24052.44921875,0
2026-08-19 11:45:00+05:30,24054.5,24055.30078125,24049.75,24053.150390625,0
2026-08-19 11:46:00+05:30,24054.150390625,24059.44921875,24053.349609375,24056.44921875,0
2026-08-19 11:47:00+05:30,24057.75,24066.19921875,24056.30078125,24061.849609375,0
2026-08-19 11:48:00+05:30,24063.400390625,24066.400390625,24061.5,24065.0,0
2026-08-19 11:49:00+05:30,24066.5,24069.05078125,24062.69921875,24066.900390625,0
2026-08-19 11:50:00+05:30,24068.94921875,24076.5,24067.349609375,24072.5,0
2026-08-19 11:51:00+05:30,24074.75,24075.150390625,24069.80078125,24074.650390625,0
2026-08-19 11:52:00+05:30,24075.349609375,24075.80078125,24070.44921875,24075.19921875,0
2026-08-19 11:53:00+05:30,24077.30078125,24081.69921875,24074.05078125,24078.400390625,0
2026-08-19 11:54:00+05:30,24079.150390625,24080.0,24076.849609375,24079.900390625,0
2026-08-19 11:55:00+05:30,24081.849609375,24082.05078125,24075.80078125,24077.349609375,0
2026-08-19 11:56:00+05:30,24079.599609375,24079.599609375,24075.80078125,24076.30078125,0
2026-08-19 11:57:00+05:30,24077.900390625,24080.55078125,24075.94921875,24079.25,0
2026-08-19 11:58:00+05:30,24080.69921875,24082.19921875,24076.30078125,24077.400390625,0
2026-08-19 11:59:00+05:30,24078.25,24081.099609375,24076.349609375,24078.30078125,0
2026-08-19 12:00:00+05:30,24080.349609375,24081.150390625,24071.0,24072.75,0
2026-08-19 12:01:00+05:30,24073.900390625,24077.150390625,24070.19921875,24070.349609375,0
2026-08-19 12:02:00+05:30,24071.69921875,24074.900390625,24070.25,24072.05078125,0
2026-08-19 12:03:00+05:30,24072.69921875,24073.25,24063.099609375,24063.25,0
2026-08-19 12:04:00+05:30,24065.400390625,24067.44921875,24058.80078125,24059.80078125,0
2026-08-19 12:05:00+05:30,24061.0,24062.099609375,24058.099609375,24060.849609375,0
2026-08-19 12:06:00+05:30,24062.5,24067.80078125,24060.900390625,24067.80078125,0
2026-08-19 12:07:00+05:30,24068.55078125,24068.55078125,24061.30078125,24062.55078125,0
2026-08-19 12:08:00+05:30,24064.94921875,24064.94921875,24056.19921875,24058.150390625,0
2026-08-19 12:09:00+05:30,24061.55078125,24061.849609375,24051.599609375,24056.150390625,0
2026-08-19 12:10:00+05:30,24058.44921875,24058.44921875,24052.25,24055.400390625,0
2026-08-19 12:11:00+05:30,24056.400390625,24056.849609375,24054.0,24054.44921875,0
2026-08-19 12:12:00+05:30,24055.849609375,24056.5,24050.69921875,24051.599609375,0
2026-08-19 12:13:00+05:30,24053.900390625,24054.55078125,24050.25,24050.69921875,0
2026-08-19 12:14:00+05:30,24052.0,24054.599609375,24050.30078125,24052.80078125,0
2026-08-19 12:15:00+05:30,24054.05078125,24055.650390625,24050.94921875,24053.599609375,0
2026-08-19 12:16:00+05:30,24055.55078125,24057.0,24051.650390625,24054.150390625,0
2026-08-19 12:17:00+05:30,24056.0,24056.150390625,24052.150390625,24053.69921875,0
2026-08-19 12:18:00+05:30,24055.5,24055.5,24051.94921875,24054.599609375,0
2026-08-19 12:19:00+05:30,24056.349609375,24061.30078125,24053.80078125,24060.19921875,0
2026-08-19 12:20:00+05:30,24060.5,24063.55078125,24058.30078125,24061.349609375,0
2026-08-19 12:21:00+05:30,24062.349609375,24064.400390625,24057.55078125,24062.849609375,0
2026-08-19 12:22:00+05:30,24065.05078125,24065.05078125,24055.30078125,24056.94921875,0
2026-08-19 12:23:00+05:30,24058.900390625,24062.150390625,24056.849609375,24061.150390625,0
2026-08-19 12:24:00+05:30,24061.69921875,24067.150390625,24060.5,24064.5,0
2026-08-19 12:25:00+05:30,24066.0,24066.349609375,24058.0,24058.75,0
2026-08-19 12:26:00+05:30,24060.599609375,24060.599609375,24054.0,24054.0,0
2026-08-19 12:27:00+05:30,24055.349609375,24058.55078125,24052.69921875,24056.099609375,0
2026-08-19 12:28:00+05:30,24057.25,24059.55078125,24054.94921875,24058.400390625,0
2026-08-19 12:29:00+05:30,24060.94921875,24062.94921875,24058.69921875,24059.849609375,0
2026-08-19 12:30:00+05:30,24061.55078125,24062.099609375,24054.349609375,24054.69921875,0
2026-08-19 12:31:00+05:30,24056.5,24056.5,24051.80078125,24054.400390625,0
2026-08-19 12:32:00+05:30,24055.650390625,24055.900390625,24049.05078125,24050.55078125,0
2026-08-19 12:33:00+05:30,24052.849609375,24054.599609375,24049.69921875,24051.30078125,0
2026-08-19 12:34:00+05:30,24053.30078125,24055.599609375,24050.349609375,24054.05078125,0
2026-08-19 12:35:00+05:30,24055.94921875,24059.5,24054.5,24057.94921875,0
2026-08-19 12:36:00+05:30,24059.900390625,24059.900390625,24055.75,24057.19921875,0
2026-08-19 12:37:00+05:30,24059.94921875,24061.19921875,24055.30078125,24056.599609375,0
2026-08-19 12:38:00+05:30,24058.80078125,24058.80078125,24048.44921875,24048.44921875,0
2026-08-19 12:39:00+05:30,24051.44921875,24057.349609375,24049.80078125,24054.55078125,0
2026-08-19 12:40:00+05:30,24057.0,24059.30078125,24051.150390625,24051.150390625,0
2026-08-19 12:41:00+05:30,24053.44921875,24060.44921875,24051.69921875,24057.900390625,0
2026-08-19 12:42:00+05:30,24058.900390625,24058.900390625,24053.19921875,24053.44921875,0
2026-08-19 12:43:00+05:30,24055.94921875,24060.94921875,24052.849609375,24060.25,0
2026-08-19 12:44:00+05:30,24062.099609375,24062.099609375,24054.55078125,24055.30078125,0
2026-08-19 12:45:00+05:30,24056.94921875,24056.94921875,24048.75,24050.5,0
2026-08-19 12:46:00+05:30,24053.30078125,24053.349609375,24047.05078125,24051.349609375,0
2026-08-19 12:47:00+05:30,24053.099609375,24053.650390625,24046.94921875,24048.0,0
2026-08-19 12:48:00+05:30,24051.19921875,24052.30078125,24047.05078125,24051.80078125,0
2026-08-19 12:49:00+05:30,24052.5,24054.400390625,24049.599609375,24052.05078125,0
2026-08-19 12:50:00+05:30,24053.69921875,24055.44921875,24050.55078125,24055.05078125,0
2026-08-19 12:51:00+05:30,24055.94921875,24055.94921875,24050.25,24053.0,0
2026-08-19 12:52:00+05:30,24054.44921875,24055.349609375,24051.849609375,24053.25,0
2026-08-19 12:53:00+05:30,24055.0,24055.94921875,24052.5,24055.55078125,0
2026-08-19 12:54:00+05:30,24056.5,24057.349609375,24053.0,24055.55078125,0
2026-08-19 12:55:00+05:30,24057.400390625,24057.75,24053.150390625,24053.55078125,0
2026-08-19 12:56:00+05:30,24055.099609375,24055.099609375,24047.599609375,24051.75,0
2026-08-19 12:57:00+05:30,24052.55078125,24054.25,24048.650390625,24052.400390625,0
2026-08-19 12:58:00+05:30,24053.75,24055.349609375,24050.150390625,24051.19921875,0
2026-08-19 12:59:00+05:30,24053.75,24057.55078125,24051.5,24055.30078125,0
2026-08-19 13:00:00+05:30,24056.19921875,24057.80078125,24053.55078125,24055.05078125,0
2026-08-19 13:01:00+05:30,24056.05078125,24058.75,24053.650390625,24056.400390625,0
2026-08-19 13:02:00+05:30,24058.099609375,24058.099609375,24054.30078125,24055.650390625,0
2026-08-19 13:03:00+05:30,24057.150390625,24062.30078125,24053.849609375,24061.599609375,0
2026-08-19 13:04:00+05:30,24063.0,24066.150390625,24061.44921875,24062.80078125,0
2026-08-19 13:05:00+05:30,24063.599609375,24064.150390625,24057.400390625,24059.30078125,0
2026-08-19 13:06:00+05:30,24060.69921875,24060.69921875,24056.5,24056.5,0
2026-08-19 13:07:00+05:30,24058.69921875,24059.599609375,24055.599609375,24058.5,0
2026-08-19 13:08:00+05:30,24060.400390625,24064.25,24059.25,24062.75,0
2026-08-19 13:09:00+05:30,24064.69921875,24064.69921875,24059.150390625,24064.44921875,0
2026-08-19 13:10:00+05:30,24065.75,24066.0,24056.599609375,24058.849609375,0
2026-08-19 13:11:00+05:30,24059.400390625,24060.650390625,24056.650390625,24058.05078125,0
2026-08-19 13:12:00+05:30,24059.30078125,24059.55078125,24053.69921875,24054.0,0
2026-08-19 13:13:00+05:30,24055.650390625,24055.849609375,24049.849609375,24049.849609375,0
2026-08-19 13:14:00+05:30,24052.05078125,24052.05078125,24045.150390625,24046.150390625,0
2026-08-19 13:15:00+05:30,24048.650390625,24051.19921875,24043.900390625,24044.599609375,0
2026-08-19 13:16:00+05:30,24047.0,24048.44921875,24040.94921875,24042.900390625,0
2026-08-19 13:17:00+05:30,24044.19921875,24044.650390625,24038.349609375,24040.55078125,0
2026-08-19 13:18:00+05:30,24042.19921875,24050.25,24041.0,24045.94921875,0
2026-08-19 13:19:00+05:30,24048.25,24050.44921875,24043.099609375,24043.099609375,0
2026-08-19 13:20:00+05:30,24044.75,24044.75,24038.0,24040.650390625,0
2026-08-19 13:21:00+05:30,24041.099609375,24043.94921875,24039.55078125,24040.80078125,0
2026-08-19 13:22:00+05:30,24042.69921875,24045.5,24039.94921875,24042.349609375,0
2026-08-19 13:23:00+05:30,24042.5,24043.75,24038.19921875,24040.849609375,0
2026-08-19 13:24:00+05:30,24043.0,24043.849609375,24039.80078125,24041.94921875,0
2026-08-19 13:25:00+05:30,24043.69921875,24045.0,24038.599609375,24043.55078125,0
2026-08-19 13:26:00+05:30,24045.400390625,24045.400390625,24040.94921875,24042.69921875,0
2026-08-19 13:27:00+05:30,24043.599609375,24044.55078125,24039.349609375,24042.44921875,0
2026-08-19 13:28:00+05:30,24043.900390625,24044.5,24041.150390625,24042.349609375,0
2026-08-19 13:29:00+05:30,24044.099609375,24045.150390625,24039.400390625,24041.099609375,0
2026-08-19 13:30:00+05:30,24042.5,24044.650390625,24039.599609375,24043.599609375,0
2026-08-19 13:31:00+05:30,24044.30078125,24044.900390625,24040.05078125,24041.55078125,0
2026-08-19 13:32:00+05:30,24044.05078125,24046.05078125,24041.5,24043.55078125,0
2026-08-19 13:33:00+05:30,24045.55078125,24045.900390625,24038.19921875,24039.19921875,0
2026-08-19 13:34:00+05:30,24040.599609375,24041.75,24037.75,24038.900390625,0
2026-08-19 13:35:00+05:30,24041.349609375,24044.5,24038.30078125,24043.349609375,0
2026-08-19 13:36:00+05:30,24044.94921875,24046.55078125,24042.44921875,24046.05078125,0
2026-08-19 13:37:00+05:30,24048.150390625,24050.599609375,24041.900390625,24043.94921875,0
2026-08-19 13:38:00+05:30,24045.30078125,24045.400390625,24038.19921875,24038.80078125,0
2026-08-19 13:39:00+05:30,24042.150390625,24048.400390625,24039.099609375,24046.55078125,0
2026-08-19 13:40:00+05:30,24047.900390625,24049.30078125,24042.849609375,24044.349609375,0
2026-08-19 13:41:00+05:30,24045.69921875,24049.599609375,24042.349609375,24046.5,0
2026-08-19 13:42:00+05:30,24049.44921875,24050.400390625,24046.25,24047.44921875,0
2026-08-19 13:43:00+05:30,24048.69921875,24049.19921875,24044.650390625,24044.849609375,0
2026-08-19 13:44:00+05:30,24048.69921875,24048.75,24041.55078125,24042.19921875,0
2026-08-19 13:45:00+05:30,24044.349609375,24052.69921875,24042.150390625,24043.400390625,0
2026-08-19 13:46:00+05:30,24045.44921875,24045.650390625,24040.30078125,24042.0,0
2026-08-19 13:47:00+05:30,24044.25,24044.25,24039.80078125,24040.94921875,0
2026-08-19 13:48:00+05:30,24043.05078125,24044.150390625,24037.150390625,24043.25,0
2026-08-19 13:49:00+05:30,24045.150390625,24047.5,24041.30078125,24041.900390625,0
2026-08-19 13:50:00+05:30,24043.599609375,24043.69921875,24038.75,24039.650390625,0
2026-08-19 13:51:00+05:30,24042.19921875,24042.69921875,24036.0,24036.849609375,0
2026-08-19 13:52:00+05:30,24038.900390625,24043.099609375,24035.69921875,24042.25,0
2026-08-19 13:53:00+05:30,24043.25,24043.900390625,24039.599609375,24042.099609375,0
2026-08-19 13:54:00+05:30,24044.5,24045.55078125,24039.0,24040.0,0
2026-08-19 13:55:00+05:30,24042.400390625,24045.19921875,24039.400390625,24042.400390625,0
2026-08-19 13:56:00+05:30,24044.0,24045.25,24041.150390625,24042.599609375,0
2026-08-19 13:57:00+05:30,24043.900390625,24047.80078125,24041.94921875,24045.30078125,0
2026-08-19 13:58:00+05:30,24046.349609375,24047.80078125,24044.650390625,24046.30078125,0
2026-08-19 13:59:00+05:30,24049.150390625,24050.0,24042.55078125,24044.94921875,0
2026-08-19 14:00:00+05:30,24046.5,24050.349609375,24044.25,24050.05078125,0
2026-08-19 14:01:00+05:30,24051.599609375,24053.44921875,24047.19921875,24052.75,0
2026-08-19 14:02:00+05:30,24054.599609375,24057.30078125,24051.80078125,24055.0,0
2026-08-19 14:03:00+05:30,24056.69921875,24059.30078125,24053.5,24055.5,0
2026-08-19 14:04:00+05:30,24057.349609375,24057.349609375,24052.150390625,24054.599609375,0
2026-08-19 14:05:00+05:30,24056.849609375,24056.900390625,24051.0,24052.400390625,0
2026-08-19 14:06:00+05:30,24055.44921875,24056.30078125,24052.25,24055.30078125,0
2026-08-19 14:07:00+05:30,24056.80078125,24057.19921875,24051.19921875,24054.30078125,0
2026-08-19 14:08:00+05:30,24056.69921875,24062.599609375,24056.69921875,24059.5,0
2026-08-19 14:09:00+05:30,24061.099609375,24061.099609375,24053.099609375,24054.650390625,0
2026-08-19 14:10:00+05:30,24056.849609375,24057.0,24051.400390625,24056.650390625,0
2026-08-19 14:11:00+05:30,24058.5,24062.75,24057.25,24060.80078125,0
2026-08-19 14:12:00+05:30,24063.94921875,24064.55078125,24060.400390625,24062.150390625,0
2026-08-19 14:13:00+05:30,24063.0,24064.349609375,24054.94921875,24055.19921875,0
2026-08-19 14:14:00+05:30,24056.849609375,24056.849609375,24048.05078125,24051.349609375,0
2026-08-19 14:15:00+05:30,24052.349609375,24054.05078125,24046.30078125,24046.900390625,0
2026-08-19 14:16:00+05:30,24049.44921875,24049.44921875,24041.69921875,24042.55078125,0
2026-08-19 14:17:00+05:30,24044.55078125,24050.05078125,24043.94921875,24044.75,0
2026-08-19 14:18:00+05:30,24045.75,24049.5,24041.900390625,24043.05078125,0
2026-08-19 14:19:00+05:30,24044.44921875,24044.44921875,24039.0,24039.69921875,0
2026-08-19 14:20:00+05:30,24041.69921875,24041.75,24037.44921875,24038.400390625,0
2026-08-19 14:21:00+05:30,24040.0,24040.150390625,24034.650390625,24035.30078125,0
2026-08-19 14:22:00+05:30,24037.650390625,24037.650390625,24028.80078125,24031.80078125,0
2026-08-19 14:23:00+05:30,24034.349609375,24035.650390625,24026.099609375,24031.19921875,0
2026-08-19 14:24:00+05:30,24032.30078125,24035.599609375,24029.19921875,24030.5,0
2026-08-19 14:25:00+05:30,24031.80078125,24036.650390625,24029.400390625,24033.44921875,0
2026-08-19 14:26:00+05:30,24034.400390625,24034.80078125,24026.650390625,24029.05078125,0
2026-08-19 14:27:00+05:30,24030.94921875,24036.55078125,24030.599609375,24033.0,0
2026-08-19 14:28:00+05:30,24036.44921875,24036.44921875,24028.900390625,24031.19921875,0
2026-08-19 14:29:00+05:30,24033.400390625,24041.400390625,24030.80078125,24039.05078125,0
2026-08-19 14:30:00+05:30,24040.44921875,24045.400390625,24037.900390625,24043.849609375,0
2026-08-19 14:31:00+05:30,24045.599609375,24049.25,24041.849609375,24047.94921875,0
2026-08-19 14:32:00+05:30,24049.55078125,24049.55078125,24042.150390625,24044.0,0
2026-08-19 14:33:00+05:30,24046.30078125,24051.44921875,24045.349609375,24050.150390625,0
2026-08-19 14:34:00+05:30,24051.900390625,24053.900390625,24049.150390625,24050.900390625,0
2026-08-19 14:35:00+05:30,24053.349609375,24086.5,24046.25,24085.25,0
2026-08-19 14:36:00+05:30,24087.05078125,24087.05078125,24066.69921875,24069.69921875,0
2026-08-19 14:37:00+05:30,24072.5,24074.75,24058.400390625,24059.55078125,0
2026-08-19 14:38:00+05:30,24061.099609375,24061.55078125,24046.05078125,24048.599609375,0
2026-08-19 14:39:00+05:30,24050.900390625,24054.650390625,24044.599609375,24046.849609375,0
2026-08-19 14:40:00+05:30,24049.5,24050.55078125,24045.150390625,24050.19921875,0
2026-08-19 14:41:00+05:30,24051.849609375,24053.19921875,24040.75,24041.94921875,0
2026-08-19 14:42:00+05:30,24044.69921875,24048.30078125,24042.69921875,24046.849609375,0
2026-08-19 14:43:00+05:30,24049.400390625,24053.44921875,24047.5,24051.94921875,0
2026-08-19 14:44:00+05:30,24053.900390625,24054.5,24046.30078125,24049.0,0
2026-08-19 14:45:00+05:30,24049.44921875,24054.349609375,24049.150390625,24050.849609375,0
2026-08-19 14:46:00+05:30,24053.19921875,24053.19921875,24045.400390625,24046.099609375,0
2026-08-19 14:47:00+05:30,24048.69921875,24048.69921875,24042.44921875,24044.30078125,0
2026-08-19 14:48:00+05:30,24045.30078125,24045.650390625,24039.75,24041.25,0
2026-08-19 14:49:00+05:30,24042.80078125,24045.75,24039.75,24041.55078125,0
2026-08-19 14:50:00+05:30,24044.05078125,24047.849609375,24042.25,24043.400390625,0
2026-08-19 14:51:00+05:30,24045.75,24048.05078125,24042.599609375,24045.69921875,0
2026-08-19 14:52:00+05:30,24047.44921875,24048.150390625,24043.25,24045.650390625,0
2026-08-19 14:53:00+05:30,24047.25,24049.80078125,24044.150390625,24049.599609375,0
2026-08-19 14:54:00+05:30,24049.19921875,24051.69921875,24047.099609375,24050.44921875,0
2026-08-19 14:55:00+05:30,24050.94921875,24053.150390625,24047.650390625,24050.44921875,0
2026-08-19 14:56:00+05:30,24053.0,24056.69921875,24047.349609375,24054.900390625,0
2026-08-19 14:57:00+05:30,24055.94921875,24056.599609375,24051.75,24052.69921875,0
2026-08-19 14:58:00+05:30,24054.55078125,24056.900390625,24051.94921875,24054.849609375,0
2026-08-19 14:59:00+05:30,24057.599609375,24058.599609375,24050.80078125,24053.099609375,0
2026-08-19 15:00:00+05:30,24052.75,24055.69921875,24050.44921875,24052.69921875,0
2026-08-19 15:01:00+05:30,24052.400390625,24061.19921875,24052.19921875,24060.80078125,0
2026-08-19 15:02:00+05:30,24060.599609375,24065.349609375,24058.75,24063.900390625,0
2026-08-19 15:03:00+05:30,24063.05078125,24064.75,24057.599609375,24060.099609375,0
2026-08-19 15:04:00+05:30,24060.05078125,24060.849609375,24053.349609375,24055.849609375,0
2026-08-19 15:05:00+05:30,24056.05078125,24057.94921875,24048.599609375,24051.05078125,0
2026-08-19 15:06:00+05:30,24049.69921875,24051.05078125,24041.05078125,24043.099609375,0
2026-08-19 15:07:00+05:30,24043.5,24045.30078125,24038.150390625,24040.400390625,0
2026-08-19 15:08:00+05:30,24040.94921875,24042.650390625,24036.5,24040.55078125,0
2026-08-19 15:09:00+05:30,24041.05078125,24043.30078125,24036.44921875,24038.400390625,0
2026-08-19 15:10:00+05:30,24040.0,24043.30078125,24037.44921875,24037.94921875,0
2026-08-19 15:11:00+05:30,24037.75,24044.05078125,24034.19921875,24041.349609375,0
2026-08-19 15:12:00+05:30,24041.900390625,24049.94921875,24037.25,24048.150390625,0
2026-08-19 15:13:00+05:30,24047.599609375,24051.80078125,24042.69921875,24048.150390625,0
2026-08-19 15:14:00+05:30,24046.94921875,24057.44921875,24045.25,24048.55078125,0
2026-08-19 15:15:00+05:30,24048.55078125,24048.55078125,24048.55078125,24048.55078125,0
2026-08-19 15:16:00+05:30,24048.55078125,24048.55078125,24048.55078125,24048.55078125,0
2026-08-19 15:17:00+05:30,24048.55078125,24048.55078125,24048.55078125,24048.55078125,0
2026-08-19 15:18:00+05:30,24048.55078125,24048.55078125,24048.55078125,24048.55078125,0
2026-08-19 15:19:00+05:30,24048.55078125,24048.55078125,24048.55078125,24048.55078125,0
2026-08-19 15:20:00+05:30,24048.55078125,24048.55078125,24048.55078125,24048.55078125,0
2026-08-19 15:21:00+05:30,24048.55078125,24048.55078125,24048.55078125,24048.55078125,0
2026-08-19 15:22:00+05:30,24048.55078125,24048.55078125,24048.55078125,24048.55078125,0
2026-08-19 15:23:00+05:30,24048.55078125,24048.55078125,24048.55078125,24048.55078125,0
2026-08-19 15:24:00+05:30,24048.55078125,24048.55078125,24048.55078125,24048.55078125,0
2026-08-19 15:25:00+05:30,24048.55078125,24048.55078125,24048.55078125,24048.55078125,0
2026-08-19 15:26:00+05:30,24048.55078125,24048.55078125,24048.55078125,24048.55078125,0
2026-08-19 15:27:00+05:30,24048.55078125,24048.55078125,24048.55078125,24048.55078125,0
2026-08-19 15:28:00+05:30,24048.55078125,24048.55078125,24048.55078125,24048.55078125,0
2026-08-19 15:29:00+05:30,24048.55078125,24078.30078125,24048.55078125,24078.30078125,0
2026-08-20 09:15:00+05:30,24225.19921875,24225.19921875,24199.5,24214.400390625,0
2026-08-20 09:16:00+05:30,24213.44921875,24222.0,24206.75,24209.05078125,0
2026-08-20 09:17:00+05:30,24206.55078125,24212.75,24201.19921875,24204.30078125,0
2026-08-20 09:18:00+05:30,24203.05078125,24208.94921875,24201.19921875,24201.80078125,0
2026-08-20 09:19:00+05:30,24201.5,24204.44921875,24189.30078125,24192.849609375,0
2026-08-20 09:20:00+05:30,24191.80078125,24197.80078125,24189.900390625,24193.75,0
2026-08-20 09:21:00+05:30,24193.650390625,24199.5,24188.05078125,24198.44921875,0
2026-08-20 09:22:00+05:30,24197.650390625,24198.0,24191.69921875,24195.849609375,0
2026-08-20 09:23:00+05:30,24195.599609375,24195.849609375,24189.650390625,24192.5,0
2026-08-20 09:24:00+05:30,24192.30078125,24193.44921875,24185.099609375,24185.5,0
2026-08-20 09:25:00+05:30,24185.55078125,24196.94921875,24185.55078125,24195.25,0
2026-08-20 09:26:00+05:30,24194.900390625,24197.349609375,24191.650390625,24194.80078125,0
2026-08-20 09:27:00+05:30,24194.69921875,24201.599609375,24193.55078125,24196.099609375,0
2026-08-20 09:28:00+05:30,24195.55078125,24198.75,24192.75,24197.05078125,0
2026-08-20 09:29:00+05:30,24197.150390625,24198.55078125,24188.94921875,24190.80078125,0
2026-08-20 09:30:00+05:30,24190.94921875,24196.05078125,24189.5,24191.44921875,0
2026-08-20 09:31:00+05:30,24190.650390625,24193.94921875,24187.69921875,24189.94921875,0
2026-08-20 09:32:00+05:30,24190.349609375,24192.69921875,24187.0,24187.650390625,0
2026-08-20 09:33:00+05:30,24187.19921875,24192.75,24185.099609375,24186.44921875,0
2026-08-20 09:34:00+05:30,24185.849609375,24199.30078125,24185.849609375,24197.900390625,0
2026-08-20 09:35:00+05:30,24196.94921875,24209.650390625,24196.650390625,24204.80078125,0
2026-08-20 09:36:00+05:30,24205.5,24209.349609375,24203.55078125,24206.30078125,0
2026-08-20 09:37:00+05:30,24206.44921875,24207.69921875,24202.55078125,24203.05078125,0
2026-08-20 09:38:00+05:30,24202.30078125,24204.25,24199.19921875,24200.150390625,0
2026-08-20 09:39:00+05:30,24200.25,24202.150390625,24196.349609375,24201.349609375,0
2026-08-20 09:40:00+05:30,24200.400390625,24210.69921875,24200.349609375,24210.0,0
2026-08-20 09:41:00+05:30,24209.55078125,24210.69921875,24202.599609375,24204.05078125,0
2026-08-20 09:42:00+05:30,24203.849609375,24205.69921875,24202.400390625,24203.25,0
2026-08-20 09:43:00+05:30,24202.5,24209.69921875,24201.150390625,24209.05078125,0
2026-08-20 09:44:00+05:30,24208.75,24212.849609375,24208.150390625,24210.94921875,0
2026-08-20 09:45:00+05:30,24211.05078125,24214.599609375,24210.05078125,24214.150390625,0
2026-08-20 09:46:00+05:30,24213.30078125,24215.05078125,24209.0,24210.05078125,0
2026-08-20 09:47:00+05:30,24209.80078125,24211.25,24202.349609375,24205.44921875,0
2026-08-20 09:48:00+05:30,24205.099609375,24206.55078125,24201.5,24205.30078125,0
2026-08-20 09:49:00+05:30,24205.05078125,24207.650390625,24202.900390625,24203.349609375,0
2026-08-20 09:50:00+05:30,24203.0,24204.599609375,24199.25,24200.75,0
2026-08-20 09:51:00+05:30,24199.5,24202.25,24198.349609375,24199.849609375,0
2026-08-20 09:52:00+05:30,24200.099609375,24202.849609375,24196.30078125,24197.5,0
2026-08-20 09:53:00+05:30,24198.75,24199.80078125,24195.94921875,24197.94921875,0
2026-08-20 09:54:00+05:30,24198.19921875,24204.349609375,24196.75,24201.94921875,0
2026-08-20 09:55:00+05:30,24201.44921875,24209.150390625,24201.44921875,24207.099609375,0
2026-08-20 09:56:00+05:30,24207.349609375,24212.30078125,24206.30078125,24211.25,0
2026-08-20 09:57:00+05:30,24211.0,24214.25,24209.349609375,24211.55078125,0
2026-08-20 09:58:00+05:30,24211.25,24213.0,24204.400390625,24207.25,0
2026-08-20 09:59:00+05:30,24206.5,24210.0,24203.55078125,24203.80078125,0
2026-08-20 10:00:00+05:30,24204.94921875,24209.650390625,24204.05078125,24208.0,0
2026-08-20 10:01:00+05:30,24207.94921875,24211.44921875,24207.25,24208.099609375,0
2026-08-20 10:02:00+05:30,24207.05078125,24208.75,24204.30078125,24205.0,0
2026-08-20 10:03:00+05:30,24205.44921875,24208.349609375,24199.69921875,24205.55078125,0
2026-08-20 10:04:00+05:30,24205.150390625,24207.400390625,24202.5,24205.900390625,0
2026-08-20 10:05:00+05:30,24205.900390625,24208.05078125,24203.349609375,24207.30078125,0
2026-08-20 10:06:00+05:30,24206.349609375,24210.150390625,24204.0,24209.30078125,0
2026-08-20 10:07:00+05:30,24209.599609375,24214.25,24208.650390625,24213.0,0
2026-08-20 10:08:00+05:30,24212.349609375,24214.400390625,24209.150390625,24210.75,0
2026-08-20 10:09:00+05:30,24210.05078125,24213.349609375,24208.900390625,24211.599609375,0
2026-08-20 10:10:00+05:30,24211.25,24216.650390625,24208.75,24216.30078125,0
2026-08-20 10:11:00+05:30,24214.44921875,24219.05078125,24213.900390625,24218.099609375,0
2026-08-20 10:12:00+05:30,24218.0,24221.900390625,24214.900390625,24215.349609375,0
2026-08-20 10:13:00+05:30,24215.05078125,24219.30078125,24214.599609375,24216.69921875,0
2026-08-20 10:14:00+05:30,24216.650390625,24221.849609375,24216.30078125,24221.849609375,0
2026-08-20 10:15:00+05:30,24220.75,24226.400390625,24220.650390625,24223.94921875,0
2026-08-20 10:16:00+05:30,24224.25,24225.349609375,24222.55078125,24224.150390625,0
2026-08-20 10:17:00+05:30,24223.69921875,24226.69921875,24222.30078125,24224.80078125,0
2026-08-20 10:18:00+05:30,24224.650390625,24225.400390625,24219.80078125,24221.349609375,0
2026-08-20 10:19:00+05:30,24220.75,24222.75,24218.69921875,24219.599609375,0
2026-08-20 10:20:00+05:30,24219.30078125,24220.44921875,24213.400390625,24214.400390625,0
2026-08-20 10:21:00+05:30,24213.94921875,24219.150390625,24212.55078125,24217.599609375,0
2026-08-20 10:22:00+05:30,24216.5,24219.75,24215.650390625,24218.599609375,0
2026-08-20 10:23:00+05:30,24219.0,24223.400390625,24217.25,24221.099609375,0
2026-08-20 10:24:00+05:30,24220.69921875,24222.44921875,24216.69921875,24217.80078125,0
2026-08-20 10:25:00+05:30,24217.650390625,24219.349609375,24215.599609375,24215.650390625,0
2026-08-20 10:26:00+05:30,24215.44921875,24218.55078125,24214.099609375,24215.19921875,0
2026-08-20 10:27:00+05:30,24214.400390625,24216.75,24210.0,24211.44921875,0
2026-08-20 10:28:00+05:30,24211.55078125,24214.19921875,24207.25,24209.05078125,0
2026-08-20 10:29:00+05:30,24207.94921875,24212.099609375,24207.55078125,24210.150390625,0
2026-08-20 10:30:00+05:30,24209.650390625,24212.55078125,24209.150390625,24211.650390625,0
2026-08-20 10:31:00+05:30,24211.400390625,24213.25,24208.900390625,24210.599609375,0
2026-08-20 10:32:00+05:30,24211.69921875,24213.150390625,24208.75,24211.150390625,0
2026-08-20 10:33:00+05:30,24211.30078125,24215.349609375,24209.0,24211.05078125,0
2026-08-20 10:34:00+05:30,24210.75,24211.94921875,24207.75,24210.19921875,0
2026-08-20 10:35:00+05:30,24209.69921875,24213.349609375,24208.30078125,24210.099609375,0
2026-08-20 10:36:00+05:30,24211.44921875,24211.44921875,24204.400390625,24204.69921875,0
2026-08-20 10:37:00+05:30,24205.19921875,24207.55078125,24201.75,24202.099609375,0
2026-08-20 10:38:00+05:30,24202.80078125,24205.75,24201.25,24204.94921875,0
2026-08-20 10:39:00+05:30,24204.55078125,24206.849609375,24203.599609375,24205.0,0
2026-08-20 10:40:00+05:30,24204.5,24207.30078125,24203.94921875,24204.44921875,0
2026-08-20 10:41:00+05:30,24204.69921875,24210.30078125,24204.650390625,24209.650390625,0
2026-08-20 10:42:00+05:30,24209.650390625,24209.69921875,24204.94921875,24208.0,0
2026-08-20 10:43:00+05:30,24206.69921875,24209.099609375,24205.900390625,24207.55078125,0
2026-08-20 10:44:00+05:30,24208.0,24212.30078125,24208.0,24211.849609375,0
2026-08-20 10:45:00+05:30,24211.44921875,24214.69921875,24210.0,24210.25,0
2026-08-20 10:46:00+05:30,24210.650390625,24211.849609375,24204.849609375,24206.599609375,0
2026-08-20 10:47:00+05:30,24206.80078125,24209.400390625,24204.44921875,24205.69921875,0
2026-08-20 10:48:00+05:30,24205.55078125,24209.80078125,24203.94921875,24209.25,0
2026-08-20 10:49:00+05:30,24207.900390625,24218.099609375,24207.900390625,24215.55078125,0
2026-08-20 10:50:00+05:30,24215.5,24216.849609375,24209.55078125,24210.75,0
2026-08-20 10:51:00+05:30,24210.900390625,24212.650390625,24207.80078125,24210.25,0
2026-08-20 10:52:00+05:30,24210.19921875,24211.0,24205.0,24205.650390625,0
2026-08-20 10:53:00+05:30,24205.900390625,24210.599609375,24204.849609375,24208.900390625,0
2026-08-20 10:54:00+05:30,24208.849609375,24209.55078125,24204.0,24204.0,0
2026-08-20 10:55:00+05:30,24203.900390625,24210.25,24203.900390625,24207.900390625,0
2026-08-20 10:56:00+05:30,24207.599609375,24211.75,24207.599609375,24210.80078125,0
2026-08-20 10:57:00+05:30,24209.19921875,24212.44921875,24208.150390625,24210.05078125,0
2026-08-20 10:58:00+05:30,24209.900390625,24211.150390625,24208.05078125,24209.44921875,0
2026-08-20 10:59:00+05:30,24209.0,24214.55078125,24209.0,24212.55078125,0
2026-08-20 11:00:00+05:30,24212.5,24223.55078125,24212.5,24219.650390625,0
2026-08-20 11:01:00+05:30,24219.25,24223.05078125,24216.099609375,24216.30078125,0
2026-08-20 11:02:00+05:30,24215.400390625,24217.5,24211.900390625,24212.44921875,0
2026-08-20 11:03:00+05:30,24212.25,24217.19921875,24210.05078125,24213.5,0
2026-08-20 11:04:00+05:30,24212.349609375,24215.900390625,24211.5,24214.05078125,0
2026-08-20 11:05:00+05:30,24214.25,24217.849609375,24214.19921875,24215.05078125,0
2026-08-20 11:06:00+05:30,24215.0,24217.19921875,24213.25,24215.0,0
2026-08-20 11:07:00+05:30,24214.650390625,24216.05078125,24212.150390625,24213.0,0
2026-08-20 11:08:00+05:30,24212.599609375,24214.349609375,24210.150390625,24211.44921875,0
2026-08-20 11:09:00+05:30,24211.150390625,24213.349609375,24209.94921875,24211.44921875,0
2026-08-20 11:10:00+05:30,24211.150390625,24214.25,24210.25,24213.099609375,0
2026-08-20 11:11:00+05:30,24212.80078125,24213.5,24206.25,24207.349609375,0
2026-08-20 11:12:00+05:30,24208.5,24209.75,24206.150390625,24208.400390625,0
2026-08-20 11:13:00+05:30,24208.44921875,24209.44921875,24203.44921875,24203.599609375,0
2026-08-20 11:14:00+05:30,24204.0,24206.75,24202.5,24204.400390625,0
2026-08-20 11:15:00+05:30,24204.75,24206.349609375,24200.099609375,24205.650390625,0
2026-08-20 11:16:00+05:30,24204.650390625,24207.69921875,24204.650390625,24205.55078125,0
2026-08-20 11:17:00+05:30,24204.599609375,24206.69921875,24200.55078125,24202.849609375,0
2026-08-20 11:18:00+05:30,24202.5,24203.849609375,24200.099609375,24200.900390625,0
2026-08-20 11:19:00+05:30,24200.099609375,24202.55078125,24198.599609375,24198.75,0
2026-08-20 11:20:00+05:30,24198.94921875,24202.05078125,24196.19921875,24196.849609375,0
2026-08-20 11:21:00+05:30,24196.44921875,24199.30078125,24194.19921875,24197.30078125,0
2026-08-20 11:22:00+05:30,24197.150390625,24199.75,24194.75,24195.44921875,0
2026-08-20 11:23:00+05:30,24195.900390625,24200.599609375,24195.900390625,24198.44921875,0
2026-08-20 11:24:00+05:30,24197.55078125,24199.0,24196.349609375,24198.099609375,0
2026-08-20 11:25:00+05:30,24197.900390625,24199.94921875,24196.599609375,24197.099609375,0
2026-08-20 11:26:00+05:30,24197.25,24199.099609375,24194.80078125,24196.849609375,0
2026-08-20 11:27:00+05:30,24196.25,24200.30078125,24195.30078125,24199.599609375,0
2026-08-20 11:28:00+05:30,24199.25,24200.0,24197.55078125,24198.75,0
2026-08-20 11:29:00+05:30,24199.19921875,24201.349609375,24198.30078125,24201.0,0
2026-08-20 11:30:00+05:30,24200.75,24206.650390625,24200.099609375,24205.44921875,0
2026-08-20 11:31:00+05:30,24204.849609375,24210.5,24202.69921875,24208.05078125,0
2026-08-20 11:32:00+05:30,24208.30078125,24217.25,24207.0,24216.349609375,0
2026-08-20 11:33:00+05:30,24215.25,24217.400390625,24212.55078125,24213.75,0
2026-08-20 11:34:00+05:30,24213.0,24215.099609375,24210.55078125,24212.150390625,0
2026-08-20 11:35:00+05:30,24212.400390625,24217.30078125,24212.05078125,24213.900390625,0
2026-08-20 11:36:00+05:30,24214.0,24216.150390625,24213.150390625,24213.650390625,0
2026-08-20 11:37:00+05:30,24213.19921875,24216.94921875,24212.75,24213.0,0
2026-08-20 11:38:00+05:30,24212.849609375,24214.900390625,24211.30078125,24214.80078125,0
2026-08-20 11:39:00+05:30,24213.650390625,24215.94921875,24211.400390625,24211.75,0
2026-08-20 11:40:00+05:30,24211.650390625,24214.150390625,24210.05078125,24211.150390625,0
2026-08-20 11:41:00+05:30,24210.849609375,24213.150390625,24209.0,24209.75,0
2026-08-20 11:42:00+05:30,24209.94921875,24213.150390625,24209.94921875,24212.650390625,0
2026-08-20 11:43:00+05:30,24212.30078125,24215.0,24211.30078125,24212.69921875,0
2026-08-20 11:44:00+05:30,24212.400390625,24214.650390625,24211.5,24212.349609375,0
2026-08-20 11:45:00+05:30,24212.099609375,24215.69921875,24211.94921875,24213.80078125,0
2026-08-20 11:46:00+05:30,24213.55078125,24217.80078125,24212.599609375,24216.69921875,0
2026-08-20 11:47:00+05:30,24216.400390625,24218.849609375,24214.25,24214.400390625,0
2026-08-20 11:48:00+05:30,24212.75,24216.400390625,24211.80078125,24212.849609375,0
2026-08-20 11:49:00+05:30,24213.0,24215.05078125,24211.849609375,24212.400390625,0
2026-08-20 11:50:00+05:30,24211.75,24216.05078125,24211.650390625,24212.25,0
2026-08-20 11:51:00+05:30,24212.0,24214.650390625,24211.099609375,24212.25,0
2026-08-20 11:52:00+05:30,24211.900390625,24217.44921875,24210.900390625,24211.75,0
2026-08-20 11:53:00+05:30,24212.5,24214.69921875,24211.5,24212.75,0
2026-08-20 11:54:00+05:30,24212.349609375,24214.94921875,24211.150390625,24212.849609375,0
2026-08-20 11:55:00+05:30,24212.80078125,24214.400390625,24210.05078125,24212.55078125,0
2026-08-20 11:56:00+05:30,24212.25,24220.5,24212.150390625,24218.599609375,0
2026-08-20 11:57:00+05:30,24218.099609375,24220.0,24211.75,24213.150390625,0
2026-08-20 11:58:00+05:30,24212.69921875,24219.0,24209.94921875,24216.400390625,0
2026-08-20 11:59:00+05:30,24215.69921875,24218.099609375,24214.400390625,24216.599609375,0
2026-08-20 12:00:00+05:30,24216.55078125,24218.94921875,24215.44921875,24218.099609375,0
2026-08-20 12:01:00+05:30,24217.80078125,24219.650390625,24216.05078125,24216.650390625,0
2026-08-20 12:02:00+05:30,24216.849609375,24219.30078125,24214.25,24215.30078125,0
2026-08-20 12:03:00+05:30,24215.25,24217.099609375,24211.650390625,24212.650390625,0
2026-08-20 12:04:00+05:30,24212.25,24214.5,24210.80078125,24212.19921875,0
2026-08-20 12:05:00+05:30,24211.900390625,24214.5,24210.400390625,24213.349609375,0
2026-08-20 12:06:00+05:30,24212.900390625,24215.349609375,24211.849609375,24213.349609375,0
2026-08-20 12:07:00+05:30,24212.5,24216.80078125,24212.5,24214.19921875,0
2026-08-20 12:08:00+05:30,24213.94921875,24215.30078125,24211.5,24212.400390625,0
2026-08-20 12:09:00+05:30,24212.0,24214.349609375,24210.150390625,24213.0,0
2026-08-20 12:10:00+05:30,24213.099609375,24216.25,24211.25,24214.69921875,0
2026-08-20 12:11:00+05:30,24214.05078125,24218.099609375,24214.05078125,24215.5,0
2026-08-20 12:12:00+05:30,24215.0,24216.44921875,24212.5,24213.650390625,0
2026-08-20 12:13:00+05:30,24213.5,24219.80078125,24212.849609375,24215.900390625,0
2026-08-20 12:14:00+05:30,24216.150390625,24218.94921875,24213.75,24214.75,0
2026-08-20 12:15:00+05:30,24214.55078125,24218.5,24214.55078125,24217.5,0
2026-08-20 12:16:00+05:30,24217.099609375,24219.55078125,24216.44921875,24219.25,0
2026-08-20 12:17:00+05:30,24219.19921875,24223.0,24217.900390625,24219.349609375,0
2026-08-20 12:18:00+05:30,24219.099609375,24221.650390625,24218.599609375,24220.69921875,0
2026-08-20 12:19:00+05:30,24220.849609375,24222.099609375,24215.44921875,24216.75,0
2026-08-20 12:20:00+05:30,24216.349609375,24218.400390625,24213.05078125,24214.099609375,0
2026-08-20 12:21:00+05:30,24214.05078125,24216.650390625,24212.69921875,24215.75,0
2026-08-20 12:22:00+05:30,24214.69921875,24216.69921875,24212.55078125,24216.25,0
2026-08-20 12:23:00+05:30,24216.05078125,24217.44921875,24213.5,24214.05078125,0
2026-08-20 12:24:00+05:30,24213.650390625,24214.69921875,24210.75,24211.80078125,0
2026-08-20 12:25:00+05:30,24211.19921875,24214.75,24209.94921875,24211.69921875,0
2026-08-20 12:26:00+05:30,24211.849609375,24214.650390625,24208.150390625,24210.25,0
2026-08-20 12:27:00+05:30,24209.400390625,24215.849609375,24209.400390625,24213.599609375,0
2026-08-20 12:28:00+05:30,24213.099609375,24215.400390625,24211.94921875,24213.349609375,0
2026-08-20 12:29:00+05:30,24213.099609375,24215.0,24212.5,24213.75,0
2026-08-20 12:30:00+05:30,24213.75,24215.25,24209.94921875,24210.849609375,0
2026-08-20 12:31:00+05:30,24210.55078125,24212.44921875,24209.099609375,24211.599609375,0
2026-08-20 12:32:00+05:30,24211.44921875,24214.69921875,24209.80078125,24210.900390625,0
2026-08-20 12:33:00+05:30,24210.55078125,24214.19921875,24209.75,24211.849609375,0
2026-08-20 12:34:00+05:30,24211.5,24213.75,24209.19921875,24209.94921875,0
2026-08-20 12:35:00+05:30,24210.599609375,24212.5,24207.849609375,24209.900390625,0
2026-08-20 12:36:00+05:30,24210.099609375,24212.349609375,24207.849609375,24209.69921875,0
2026-08-20 12:37:00+05:30,24208.55078125,24211.44921875,24207.400390625,24208.69921875,0
2026-08-20 12:38:00+05:30,24208.150390625,24212.5,24208.150390625,24212.349609375,0
2026-08-20 12:39:00+05:30,24212.05078125,24217.0,24211.94921875,24216.94921875,0
2026-08-20 12:40:00+05:30,24217.0,24221.80078125,24216.55078125,24219.44921875,0
2026-08-20 12:41:00+05:30,24219.349609375,24221.5,24216.099609375,24219.44921875,0
2026-08-20 12:42:00+05:30,24219.25,24221.849609375,24215.849609375,24218.5,0
2026-08-20 12:43:00+05:30,24217.900390625,24219.94921875,24216.25,24219.05078125,0
2026-08-20 12:44:00+05:30,24218.75,24220.650390625,24214.400390625,24217.19921875,0
2026-08-20 12:45:00+05:30,24216.900390625,24221.75,24216.05078125,24220.19921875,0
2026-08-20 12:46:00+05:30,24220.19921875,24224.5,24219.099609375,24223.55078125,0
2026-08-20 12:47:00+05:30,24222.94921875,24234.80078125,24222.69921875,24233.900390625,0
2026-08-20 12:48:00+05:30,24233.900390625,24247.30078125,24232.400390625,24245.150390625,0
2026-08-20 12:49:00+05:30,24245.30078125,24246.900390625,24239.69921875,24241.44921875,0
2026-08-20 12:50:00+05:30,24241.0,24252.30078125,24240.150390625,24249.80078125,0
2026-08-20 12:51:00+05:30,24249.19921875,24259.25,24249.19921875,24258.900390625,0
2026-08-20 12:52:00+05:30,24257.94921875,24263.94921875,24257.94921875,24258.55078125,0
2026-08-20 12:53:00+05:30,24258.900390625,24261.400390625,24245.5,24247.80078125,0
2026-08-20 12:54:00+05:30,24247.19921875,24247.80078125,24241.5,24244.30078125,0
2026-08-20 12:55:00+05:30,24244.05078125,24245.400390625,24235.55078125,24241.69921875,0
2026-08-20 12:56:00+05:30,24240.900390625,24245.099609375,24239.30078125,24244.849609375,0
2026-08-20 12:57:00+05:30,24244.099609375,24246.0,24240.19921875,24242.349609375,0
2026-08-20 12:58:00+05:30,24242.69921875,24247.349609375,24241.900390625,24244.05078125,0
2026-08-20 12:59:00+05:30,24243.599609375,24248.400390625,24243.599609375,24244.25,0
2026-08-20 13:00:00+05:30,24244.150390625,24245.80078125,24240.650390625,24242.80078125,0
2026-08-20 13:01:00+05:30,24241.75,24245.55078125,24239.05078125,24244.849609375,0
2026-08-20 13:02:00+05:30,24245.05078125,24249.5,24242.25,24248.599609375,0
2026-08-20 13:03:00+05:30,24248.80078125,24249.55078125,24246.099609375,24248.75,0
2026-08-20 13:04:00+05:30,24248.75,24250.599609375,24244.150390625,24244.94921875,0
2026-08-20 13:05:00+05:30,24244.849609375,24248.849609375,24244.69921875,24247.900390625,0
2026-08-20 13:06:00+05:30,24247.849609375,24250.400390625,24245.400390625,24247.25,0
2026-08-20 13:07:00+05:30,24247.19921875,24248.69921875,24243.80078125,24245.650390625,0
2026-08-20 13:08:00+05:30,24244.900390625,24248.650390625,24244.19921875,24247.30078125,0
2026-08-20 13:09:00+05:30,24246.099609375,24249.25,24245.150390625,24248.75,0
2026-08-20 13:10:00+05:30,24249.599609375,24251.69921875,24247.0,24247.849609375,0
2026-08-20 13:11:00+05:30,24247.849609375,24249.150390625,24242.94921875,24243.69921875,0
2026-08-20 13:12:00+05:30,24243.5,24246.099609375,24241.0,24244.44921875,0
2026-08-20 13:13:00+05:30,24245.0,24249.05078125,24243.80078125,24246.69921875,0
2026-08-20 13:14:00+05:30,24247.44921875,24249.650390625,24245.650390625,24246.80078125,0
2026-08-20 13:15:00+05:30,24247.150390625,24250.69921875,24246.75,24249.650390625,0
2026-08-20 13:16:00+05:30,24249.0,24250.599609375,24244.150390625,24245.099609375,0
2026-08-20 13:17:00+05:30,24244.599609375,24246.650390625,24238.650390625,24241.400390625,0
2026-08-20 13:18:00+05:30,24241.5,24242.25,24237.150390625,24238.650390625,0
2026-08-20 13:19:00+05:30,24238.349609375,24243.849609375,24238.0,24241.0,0
2026-08-20 13:20:00+05:30,24240.25,24246.5,24238.349609375,24243.69921875,0
2026-08-20 13:21:00+05:30,24243.599609375,24244.650390625,24240.150390625,24243.349609375,0
2026-08-20 13:22:00+05:30,24243.349609375,24247.349609375,24242.44921875,24244.0,0
2026-08-20 13:23:00+05:30,24244.05078125,24247.75,24242.849609375,24246.75,0
2026-08-20 13:24:00+05:30,24246.5,24250.900390625,24246.19921875,24250.30078125,0
2026-08-20 13:25:00+05:30,24250.19921875,24251.75,24246.80078125,24250.75,0
2026-08-20 13:26:00+05:30,24250.599609375,24251.150390625,24244.94921875,24245.900390625,0
2026-08-20 13:27:00+05:30,24246.05078125,24250.599609375,24244.30078125,24245.599609375,0
2026-08-20 13:28:00+05:30,24244.94921875,24246.900390625,24242.05078125,24242.849609375,0
2026-08-20 13:29:00+05:30,24243.19921875,24247.900390625,24243.19921875,24247.55078125,0
2026-08-20 13:30:00+05:30,24246.849609375,24251.75,24246.5,24249.349609375,0
2026-08-20 13:31:00+05:30,24248.25,24250.44921875,24246.69921875,24247.80078125,0
2026-08-20 13:32:00+05:30,24246.5,24249.900390625,24245.75,24249.900390625,0
2026-08-20 13:33:00+05:30,24248.94921875,24249.900390625,24245.599609375,24246.400390625,0
2026-08-20 13:34:00+05:30,24245.55078125,24250.5,24245.55078125,24248.69921875,0
2026-08-20 13:35:00+05:30,24249.19921875,24250.150390625,24245.55078125,24250.150390625,0
2026-08-20 13:36:00+05:30,24250.0,24252.150390625,24247.400390625,24249.19921875,0
2026-08-20 13:37:00+05:30,24248.05078125,24251.650390625,24247.099609375,24247.150390625,0
2026-08-20 13:38:00+05:30,24246.75,24248.75,24242.599609375,24243.44921875,0
2026-08-20 13:39:00+05:30,24242.80078125,24245.0,24240.849609375,24243.0,0
2026-08-20 13:40:00+05:30,24242.44921875,24243.80078125,24239.75,24241.349609375,0
2026-08-20 13:41:00+05:30,24240.94921875,24243.44921875,24238.400390625,24243.19921875,0
2026-08-20 13:42:00+05:30,24242.30078125,24246.19921875,24241.55078125,24244.599609375,0
2026-08-20 13:43:00+05:30,24244.44921875,24248.650390625,24243.099609375,24248.400390625,0
2026-08-20 13:44:00+05:30,24247.650390625,24249.25,24244.400390625,24246.05078125,0
2026-08-20 13:45:00+05:30,24245.099609375,24247.900390625,24242.75,24244.44921875,0
2026-08-20 13:46:00+05:30,24243.150390625,24247.849609375,24241.900390625,24246.650390625,0
2026-08-20 13:47:00+05:30,24246.5,24247.650390625,24244.25,24245.69921875,0
2026-08-20 13:48:00+05:30,24245.44921875,24247.69921875,24243.30078125,24243.650390625,0
2026-08-20 13:49:00+05:30,24243.5,24249.849609375,24243.5,24246.25,0
2026-08-20 13:50:00+05:30,24245.150390625,24246.44921875,24242.05078125,24243.400390625,0
2026-08-20 13:51:00+05:30,24243.19921875,24244.400390625,24240.69921875,24241.849609375,0
2026-08-20 13:52:00+05:30,24241.94921875,24243.30078125,24239.05078125,24239.5,0
2026-08-20 13:53:00+05:30,24239.05078125,24241.69921875,24239.05078125,24241.30078125,0
2026-08-20 13:54:00+05:30,24240.55078125,24242.0,24237.30078125,24239.44921875,0
2026-08-20 13:55:00+05:30,24240.05078125,24240.05078125,24232.599609375,24234.849609375,0
2026-08-20 13:56:00+05:30,24235.19921875,24242.150390625,24234.599609375,24241.099609375,0
2026-08-20 13:57:00+05:30,24241.349609375,24242.900390625,24236.05078125,24236.75,0
2026-08-20 13:58:00+05:30,24236.349609375,24239.349609375,24234.94921875,24235.55078125,0
2026-08-20 13:59:00+05:30,24236.099609375,24237.900390625,24231.19921875,24232.94921875,0
2026-08-20 14:00:00+05:30,24231.69921875,24237.0,24231.69921875,24233.19921875,0
2026-08-20 14:01:00+05:30,24232.69921875,24234.94921875,24227.25,24233.94921875,0
2026-08-20 14:02:00+05:30,24233.05078125,24234.19921875,24229.150390625,24231.55078125,0
2026-08-20 14:03:00+05:30,24230.650390625,24235.900390625,24229.80078125,24231.349609375,0
2026-08-20 14:04:00+05:30,24233.599609375,24235.30078125,24229.650390625,24233.94921875,0
2026-08-20 14:05:00+05:30,24233.349609375,24235.150390625,24228.099609375,24228.849609375,0
2026-08-20 14:06:00+05:30,24228.55078125,24232.25,24228.25,24231.94921875,0
2026-08-20 14:07:00+05:30,24231.80078125,24241.0,24231.650390625,24238.599609375,0
2026-08-20 14:08:00+05:30,24235.349609375,24238.94921875,24234.5,24236.099609375,0
2026-08-20 14:09:00+05:30,24236.599609375,24238.94921875,24233.400390625,24235.75,0
2026-08-20 14:10:00+05:30,24235.75,24238.150390625,24232.099609375,24235.19921875,0
2026-08-20 14:11:00+05:30,24235.19921875,24241.650390625,24234.849609375,24237.94921875,0
2026-08-20 14:12:00+05:30,24238.30078125,24241.19921875,24237.599609375,24239.44921875,0
2026-08-20 14:13:00+05:30,24239.599609375,24240.19921875,24235.349609375,24236.599609375,0
2026-08-20 14:14:00+05:30,24236.599609375,24239.900390625,24234.25,24238.44921875,0
2026-08-20 14:15:00+05:30,24238.05078125,24239.55078125,24234.25,24237.44921875,0
2026-08-20 14:16:00+05:30,24237.599609375,24238.150390625,24223.30078125,24224.099609375,0
2026-08-20 14:17:00+05:30,24223.849609375,24236.05078125,24223.30078125,24232.69921875,0
2026-08-20 14:18:00+05:30,24232.5,24237.75,24230.849609375,24235.849609375,0
2026-08-20 14:19:00+05:30,24235.849609375,24239.19921875,24232.25,24238.0,0
2026-08-20 14:20:00+05:30,24237.150390625,24239.849609375,24235.05078125,24237.0,0
2026-08-20 14:21:00+05:30,24235.69921875,24237.80078125,24229.650390625,24237.69921875,0
2026-08-20 14:22:00+05:30,24237.05078125,24238.849609375,24233.19921875,24237.05078125,0
2026-08-20 14:23:00+05:30,24235.19921875,24237.900390625,24231.400390625,24235.80078125,0
2026-08-20 14:24:00+05:30,24235.849609375,24242.349609375,24234.650390625,24242.150390625,0
2026-08-20 14:25:00+05:30,24240.349609375,24243.55078125,24237.5,24237.55078125,0
2026-08-20 14:26:00+05:30,24236.94921875,24240.400390625,24234.69921875,24239.099609375,0
2026-08-20 14:27:00+05:30,24239.099609375,24241.94921875,24237.80078125,24240.5,0
2026-08-20 14:28:00+05:30,24240.25,24242.55078125,24240.0,24240.80078125,0
2026-08-20 14:29:00+05:30,24240.19921875,24246.30078125,24239.900390625,24245.80078125,0
2026-08-20 14:30:00+05:30,24244.849609375,24246.05078125,24240.80078125,24242.94921875,0
2026-08-20 14:31:00+05:30,24243.05078125,24246.05078125,24241.849609375,24245.099609375,0
2026-08-20 14:32:00+05:30,24245.150390625,24249.55078125,24244.75,24248.599609375,0
2026-08-20 14:33:00+05:30,24248.25,24249.5,24244.69921875,24246.150390625,0
2026-08-20 14:34:00+05:30,24246.05078125,24246.650390625,24240.44921875,24244.599609375,0
2026-08-20 14:35:00+05:30,24244.94921875,24247.55078125,24240.599609375,24241.55078125,0
2026-08-20 14:36:00+05:30,24240.650390625,24243.05078125,24238.650390625,24242.19921875,0
2026-08-20 14:37:00+05:30,24242.44921875,24244.0,24238.94921875,24240.80078125,0
2026-08-20 14:38:00+05:30,24240.44921875,24244.400390625,24238.099609375,24242.400390625,0
2026-08-20 14:39:00+05:30,24242.849609375,24246.25,24241.400390625,24244.0,0
2026-08-20 14:40:00+05:30,24244.0,24246.5,24242.900390625,24245.5,0
2026-08-20 14:41:00+05:30,24245.400390625,24246.900390625,24239.55078125,24240.75,0
2026-08-20 14:42:00+05:30,24240.650390625,24241.900390625,24239.05078125,24240.19921875,0
2026-08-20 14:43:00+05:30,24240.05078125,24241.30078125,24237.0,24237.25,0
2026-08-20 14:44:00+05:30,24237.400390625,24240.349609375,24236.0,24237.0,0
2026-08-20 14:45:00+05:30,24237.0,24238.19921875,24232.19921875,24234.19921875,0
2026-08-20 14:46:00+05:30,24234.0,24237.19921875,24231.69921875,24235.599609375,0
2026-08-20 14:47:00+05:30,24235.94921875,24238.0,24234.849609375,24236.19921875,0
2026-08-20 14:48:00+05:30,24236.849609375,24238.19921875,24234.30078125,24236.80078125,0
2026-08-20 14:49:00+05:30,24236.94921875,24237.75,24235.150390625,24236.650390625,0
2026-08-20 14:50:00+05:30,24236.30078125,24238.5,24234.849609375,24237.25,0
2026-08-20 14:51:00+05:30,24236.400390625,24238.94921875,24234.599609375,24236.75,0
2026-08-20 14:52:00+05:30,24237.05078125,24237.5,24232.75,24235.80078125,0
2026-08-20 14:53:00+05:30,24235.75,24236.25,24231.150390625,24236.25,0
2026-08-20 14:54:00+05:30,24236.0,24238.69921875,24232.5,24235.69921875,0
2026-08-20 14:55:00+05:30,24235.400390625,24237.150390625,24231.94921875,24235.0,0
2026-08-20 14:56:00+05:30,24236.75,24240.849609375,24234.400390625,24237.55078125,0
2026-08-20 14:57:00+05:30,24236.099609375,24240.900390625,24235.150390625,24235.900390625,0
2026-08-20 14:58:00+05:30,24235.900390625,24237.400390625,24233.400390625,24234.650390625,0
2026-08-20 14:59:00+05:30,24234.25,24240.5,24233.400390625,24238.099609375,0
2026-08-20 15:00:00+05:30,24238.05078125,24240.69921875,24233.25,24233.349609375,0
2026-08-20 15:01:00+05:30,24233.05078125,24234.5,24226.099609375,24228.80078125,0
2026-08-20 15:02:00+05:30,24228.400390625,24231.849609375,24225.30078125,24227.650390625,0
2026-08-20 15:03:00+05:30,24228.0,24229.900390625,24225.30078125,24229.19921875,0
2026-08-20 15:04:00+05:30,24228.75,24232.55078125,24224.55078125,24231.349609375,0
2026-08-20 15:05:00+05:30,24232.55078125,24232.55078125,24220.849609375,24222.599609375,0
2026-08-20 15:06:00+05:30,24222.900390625,24223.25,24216.75,24219.75,0
2026-08-20 15:07:00+05:30,24219.55078125,24221.849609375,24217.099609375,24218.0,0
2026-08-20 15:08:00+05:30,24218.05078125,24220.099609375,24216.0,24217.5,0
2026-08-20 15:09:00+05:30,24218.0,24219.30078125,24213.55078125,24215.69921875,0
2026-08-20 15:10:00+05:30,24215.94921875,24216.80078125,24211.55078125,24214.30078125,0
2026-08-20 15:11:00+05:30,24215.150390625,24215.400390625,24206.400390625,24207.650390625,0
2026-08-20 15:12:00+05:30,24208.55078125,24215.05078125,24205.30078125,24211.0,0
2026-08-20 15:13:00+05:30,24213.650390625,24223.80078125,24208.19921875,24220.150390625,0
2026-08-20 15:14:00+05:30,24212.349609375,24222.25,24211.599609375,24213.69921875,0
2026-08-20 15:15:00+05:30,24211.599609375,24211.599609375,24211.599609375,24211.599609375,0
2026-08-20 15:16:00+05:30,24211.599609375,24211.599609375,24211.599609375,24211.599609375,0
2026-08-20 15:17:00+05:30,24211.599609375,24211.599609375,24211.599609375,24211.599609375,0
2026-08-20 15:18:00+05:30,24211.599609375,24211.599609375,24211.599609375,24211.599609375,0
2026-08-20 15:19:00+05:30,24211.599609375,24211.599609375,24211.599609375,24211.599609375,0
2026-08-20 15:20:00+05:30,24211.599609375,24211.599609375,24211.599609375,24211.599609375,0
2026-08-20 15:21:00+05:30,24211.599609375,24211.599609375,24211.599609375,24211.599609375,0
2026-08-20 15:22:00+05:30,24211.599609375,24211.599609375,24211.599609375,24211.599609375,0
2026-08-20 15:23:00+05:30,24211.599609375,24211.599609375,24211.599609375,24211.599609375,0
2026-08-20 15:24:00+05:30,24211.599609375,24211.599609375,24211.599609375,24211.599609375,0
2026-08-20 15:25:00+05:30,24211.599609375,24211.599609375,24211.599609375,24211.599609375,0
2026-08-20 15:26:00+05:30,24211.599609375,24211.599609375,24211.599609375,24211.599609375,0
2026-08-20 15:27:00+05:30,24211.599609375,24211.599609375,24211.599609375,24211.599609375,0
2026-08-20 15:28:00+05:30,24211.599609375,24211.599609375,24211.599609375,24211.599609375,0
2026-08-20 15:29:00+05:30,24211.599609375,24231.849609375,24211.599609375,24231.849609375,0
2026-08-21 09:15:00+05:30,24282.0,24282.0,24250.80078125,24261.0,0
2026-08-21 09:16:00+05:30,24261.150390625,24265.75,24244.599609375,24250.30078125,0
2026-08-21 09:17:00+05:30,24250.099609375,24255.099609375,24241.44921875,24255.099609375,0
2026-08-21 09:18:00+05:30,24255.94921875,24255.94921875,24241.75,24241.75,0
2026-08-21 09:19:00+05:30,24241.94921875,24245.30078125,24236.150390625,24238.099609375,0
2026-08-21 09:20:00+05:30,24237.55078125,24238.5,24222.099609375,24222.099609375,0
2026-08-21 09:21:00+05:30,24221.400390625,24222.19921875,24210.80078125,24219.05078125,0
2026-08-21 09:22:00+05:30,24218.650390625,24220.80078125,24215.25,24217.44921875,0
2026-08-21 09:23:00+05:30,24224.150390625,24225.0,24215.80078125,24224.30078125,0
2026-08-21 09:24:00+05:30,24224.44921875,24225.19921875,24217.30078125,24220.30078125,0
2026-08-21 09:25:00+05:30,24220.400390625,24222.55078125,24217.599609375,24220.55078125,0
2026-08-21 09:26:00+05:30,24219.5,24224.69921875,24218.44921875,24219.44921875,0
2026-08-21 09:27:00+05:30,24219.80078125,24220.94921875,24216.19921875,24218.900390625,0
2026-08-21 09:28:00+05:30,24218.55078125,24227.099609375,24217.80078125,24226.0,0
2026-08-21 09:29:00+05:30,24226.30078125,24236.19921875,24225.099609375,24230.80078125,0
2026-08-21 09:30:00+05:30,24230.94921875,24230.94921875,24221.0,24222.099609375,0
2026-08-21 09:31:00+05:30,24222.0,24225.44921875,24220.0,24220.80078125,0
2026-08-21 09:32:00+05:30,24220.75,24225.349609375,24216.900390625,24216.900390625,0
2026-08-21 09:33:00+05:30,24216.69921875,24220.80078125,24214.099609375,24215.0,0
2026-08-21 09:34:00+05:30,24215.0,24215.0,24206.94921875,24208.80078125,0
2026-08-21 09:35:00+05:30,24208.849609375,24213.849609375,24207.30078125,24213.44921875,0
2026-08-21 09:36:00+05:30,24213.650390625,24218.150390625,24213.25,24216.900390625,0
2026-08-21 09:37:00+05:30,24216.599609375,24219.44921875,24214.69921875,24217.099609375,0
2026-08-21 09:38:00+05:30,24217.05078125,24219.349609375,24214.19921875,24217.599609375,0
2026-08-21 09:39:00+05:30,24218.0,24221.75,24217.55078125,24220.69921875,0
2026-08-21 09:40:00+05:30,24220.75,24227.94921875,24220.55078125,24227.25,0
2026-08-21 09:41:00+05:30,24227.900390625,24237.400390625,24226.75,24237.400390625,0
2026-08-21 09:42:00+05:30,24236.69921875,24247.849609375,24236.099609375,24244.650390625,0
2026-08-21 09:43:00+05:30,24244.19921875,24245.94921875,24238.80078125,24244.05078125,0
2026-08-21 09:44:00+05:30,24243.900390625,24246.150390625,24241.25,24243.849609375,0
2026-08-21 09:45:00+05:30,24243.900390625,24248.44921875,24241.849609375,24245.599609375,0
2026-08-21 09:46:00+05:30,24245.5,24250.5,24239.849609375,24240.94921875,0
2026-08-21 09:47:00+05:30,24241.099609375,24243.599609375,24238.599609375,24242.55078125,0
2026-08-21 09:48:00+05:30,24242.0,24243.650390625,24240.150390625,24242.44921875,0
2026-08-21 09:49:00+05:30,24241.349609375,24247.44921875,24241.25,24243.5,0
2026-08-21 09:50:00+05:30,24243.400390625,24245.650390625,24240.650390625,24243.150390625,0
2026-08-21 09:51:00+05:30,24243.05078125,24250.69921875,24243.05078125,24248.19921875,0
2026-08-21 09:52:00+05:30,24248.30078125,24251.19921875,24245.099609375,24246.05078125,0
2026-08-21 09:53:00+05:30,24245.900390625,24252.19921875,24244.80078125,24251.25,0
2026-08-21 09:54:00+05:30,24251.80078125,24256.400390625,24250.44921875,24250.55078125,0
2026-08-21 09:55:00+05:30,24250.650390625,24251.94921875,24246.400390625,24247.5,0
2026-08-21 09:56:00+05:30,24247.349609375,24247.599609375,24243.349609375,24245.150390625,0
2026-08-21 09:57:00+05:30,24245.25,24246.599609375,24240.0,24242.599609375,0
2026-08-21 09:58:00+05:30,24242.80078125,24248.0,24242.099609375,24246.19921875,0
2026-08-21 09:59:00+05:30,24246.44921875,24250.94921875,24245.400390625,24246.900390625,0
2026-08-21 10:00:00+05:30,24246.900390625,24253.650390625,24246.900390625,24249.44921875,0
2026-08-21 10:01:00+05:30,24248.75,24248.75,24240.55078125,24242.44921875,0
2026-08-21 10:02:00+05:30,24242.69921875,24244.55078125,24240.55078125,24241.55078125,0
2026-08-21 10:03:00+05:30,24241.650390625,24244.599609375,24239.349609375,24240.5,0
2026-08-21 10:04:00+05:30,24240.599609375,24240.80078125,24238.150390625,24239.5,0
2026-08-21 10:05:00+05:30,24239.849609375,24240.19921875,24236.5,24239.05078125,0
2026-08-21 10:06:00+05:30,24238.80078125,24241.19921875,24235.69921875,24236.349609375,0
2026-08-21 10:07:00+05:30,24236.69921875,24237.44921875,24231.0,24232.099609375,0
2026-08-21 10:08:00+05:30,24232.400390625,24232.849609375,24226.19921875,24227.55078125,0
2026-08-21 10:09:00+05:30,24227.5,24229.900390625,24224.94921875,24225.25,0
2026-08-21 10:10:00+05:30,24225.5,24232.75,24224.599609375,24231.94921875,0
2026-08-21 10:11:00+05:30,24231.75,24233.94921875,24229.30078125,24233.849609375,0
2026-08-21 10:12:00+05:30,24233.900390625,24237.5,24233.099609375,24234.80078125,0
2026-08-21 10:13:00+05:30,24234.69921875,24237.150390625,24233.650390625,24234.69921875,0
2026-08-21 10:14:00+05:30,24234.849609375,24237.5,24233.75,24235.69921875,0
2026-08-21 10:15:00+05:30,24235.55078125,24236.19921875,24231.5,24233.69921875,0
2026-08-21 10:16:00+05:30,24234.05078125,24235.80078125,24233.099609375,24234.650390625,0
2026-08-21 10:17:00+05:30,24234.80078125,24237.900390625,24234.19921875,24236.05078125,0
2026-08-21 10:18:00+05:30,24236.150390625,24237.75,24233.19921875,24236.25,0
2026-08-21 10:19:00+05:30,24235.44921875,24236.55078125,24231.400390625,24232.099609375,0
2026-08-21 10:20:00+05:30,24232.150390625,24233.349609375,24229.349609375,24232.5,0
2026-08-21 10:21:00+05:30,24232.400390625,24234.349609375,24230.69921875,24233.0,0
2026-08-21 10:22:00+05:30,24233.69921875,24239.400390625,24233.349609375,24239.150390625,0
2026-08-21 10:23:00+05:30,24239.099609375,24246.0,24238.650390625,24244.650390625,0
2026-08-21 10:24:00+05:30,24244.900390625,24247.400390625,24243.80078125,24243.80078125,0
2026-08-21 10:25:00+05:30,24243.69921875,24246.30078125,24242.69921875,24244.900390625,0
2026-08-21 10:26:00+05:30,24244.94921875,24249.5,24244.599609375,24248.44921875,0
2026-08-21 10:27:00+05:30,24248.25,24250.099609375,24245.25,24246.650390625,0
2026-08-21 10:28:00+05:30,24246.5,24252.19921875,24245.30078125,24251.94921875,0
2026-08-21 10:29:00+05:30,24252.150390625,24256.849609375,24250.849609375,24255.0,0
2026-08-21 10:30:00+05:30,24255.69921875,24258.849609375,24252.55078125,24254.400390625,0
2026-08-21 10:31:00+05:30,24254.0,24257.55078125,24252.0,24255.55078125,0
2026-08-21 10:32:00+05:30,24255.400390625,24255.599609375,24250.69921875,24250.80078125,0
2026-08-21 10:33:00+05:30,24251.44921875,24253.650390625,24248.650390625,24251.19921875,0
2026-08-21 10:34:00+05:30,24251.30078125,24252.44921875,24248.5,24250.30078125,0
2026-08-21 10:35:00+05:30,24250.5,24251.5,24247.349609375,24249.05078125,0
2026-08-21 10:36:00+05:30,24248.900390625,24250.69921875,24246.80078125,24247.599609375,0
2026-08-21 10:37:00+05:30,24247.900390625,24250.599609375,24245.400390625,24249.5,0
2026-08-21 10:38:00+05:30,24249.099609375,24252.849609375,24248.25,24249.69921875,0
2026-08-21 10:39:00+05:30,24249.30078125,24251.30078125,24247.150390625,24249.349609375,0
2026-08-21 10:40:00+05:30,24249.25,24251.94921875,24247.80078125,24251.099609375,0
2026-08-21 10:41:00+05:30,24250.5,24254.650390625,24249.400390625,24253.80078125,0
2026-08-21 10:42:00+05:30,24253.69921875,24254.400390625,24251.099609375,24253.19921875,0
2026-08-21 10:43:00+05:30,24252.400390625,24254.099609375,24251.0,24252.099609375,0
2026-08-21 10:44:00+05:30,24252.05078125,24253.94921875,24251.400390625,24253.19921875,0
2026-08-21 10:45:00+05:30,24253.349609375,24256.650390625,24251.19921875,24256.44921875,0
2026-08-21 10:46:00+05:30,24256.599609375,24259.0,24253.150390625,24254.05078125,0
2026-08-21 10:47:00+05:30,24254.349609375,24255.30078125,24250.349609375,24250.75,0
2026-08-21 10:48:00+05:30,24250.650390625,24251.849609375,24247.94921875,24251.55078125,0
2026-08-21 10:49:00+05:30,24251.849609375,24256.30078125,24250.94921875,24253.5,0
2026-08-21 10:50:00+05:30,24253.19921875,24256.44921875,24252.55078125,24255.30078125,0
2026-08-21 10:51:00+05:30,24255.25,24257.400390625,24253.19921875,24255.80078125,0
2026-08-21 10:52:00+05:30,24255.69921875,24263.400390625,24254.650390625,24262.94921875,0
2026-08-21 10:53:00+05:30,24262.349609375,24265.30078125,24261.5,24264.55078125,0
2026-08-21 10:54:00+05:30,24265.5,24266.94921875,24263.55078125,24264.650390625,0
2026-08-21 10:55:00+05:30,24264.55078125,24267.650390625,24259.75,24261.150390625,0
2026-08-21 10:56:00+05:30,24261.650390625,24264.0,24260.05078125,24261.150390625,0
2026-08-21 10:57:00+05:30,24260.75,24261.75,24254.19921875,24254.69921875,0
2026-08-21 10:58:00+05:30,24254.650390625,24256.44921875,24251.05078125,24256.25,0
2026-08-21 10:59:00+05:30,24256.44921875,24261.55078125,24253.5,24261.0,0
2026-08-21 11:00:00+05:30,24260.650390625,24265.30078125,24260.25,24262.55078125,0
2026-08-21 11:01:00+05:30,24262.80078125,24264.69921875,24261.69921875,24263.5,0
2026-08-21 11:02:00+05:30,24263.30078125,24264.55078125,24260.150390625,24261.80078125,0
2026-08-21 11:03:00+05:30,24261.94921875,24265.55078125,24260.349609375,24264.55078125,0
2026-08-21 11:04:00+05:30,24263.94921875,24266.900390625,24263.05078125,24266.0,0
2026-08-21 11:05:00+05:30,24266.849609375,24267.30078125,24263.599609375,24265.900390625,0
2026-08-21 11:06:00+05:30,24265.69921875,24267.25,24263.599609375,24265.5,0
2026-08-21 11:07:00+05:30,24265.55078125,24266.400390625,24261.19921875,24265.19921875,0
2026-08-21 11:08:00+05:30,24265.44921875,24267.25,24263.0,24264.849609375,0
2026-08-21 11:09:00+05:30,24264.80078125,24267.05078125,24259.400390625,24259.80078125,0
2026-08-21 11:10:00+05:30,24260.05078125,24263.75,24258.69921875,24259.5,0
2026-08-21 11:11:00+05:30,24260.19921875,24261.69921875,24257.849609375,24260.900390625,0
2026-08-21 11:12:00+05:30,24260.900390625,24263.150390625,24259.69921875,24262.400390625,0
2026-08-21 11:13:00+05:30,24262.05078125,24264.349609375,24261.0,24261.5,0
2026-08-21 11:14:00+05:30,24261.150390625,24264.900390625,24261.0,24262.650390625,0
2026-08-21 11:15:00+05:30,24262.900390625,24265.849609375,24261.5,24263.099609375,0
2026-08-21 11:16:00+05:30,24262.75,24264.349609375,24260.400390625,24262.94921875,0
2026-08-21 11:17:00+05:30,24263.0,24264.400390625,24255.69921875,24255.900390625,0
2026-08-21 11:18:00+05:30,24255.55078125,24260.05078125,24251.900390625,24254.30078125,0
2026-08-21 11:19:00+05:30,24253.849609375,24256.05078125,24252.400390625,24255.349609375,0
2026-08-21 11:20:00+05:30,24255.099609375,24255.900390625,24251.349609375,24251.94921875,0
2026-08-21 11:21:00+05:30,24252.150390625,24255.099609375,24250.150390625,24250.30078125,0
2026-08-21 11:22:00+05:30,24249.55078125,24251.5,24248.150390625,24250.0,0
2026-08-21 11:23:00+05:30,24249.94921875,24253.900390625,24249.400390625,24252.30078125,0
2026-08-21 11:24:00+05:30,24252.44921875,24256.099609375,24251.849609375,24255.0,0
2026-08-21 11:25:00+05:30,24254.900390625,24257.69921875,24253.19921875,24254.94921875,0
2026-08-21 11:26:00+05:30,24254.69921875,24257.44921875,24254.150390625,24255.650390625,0
2026-08-21 11:27:00+05:30,24255.55078125,24256.69921875,24253.599609375,24254.099609375,0
2026-08-21 11:28:00+05:30,24254.0,24257.5,24252.150390625,24254.75,0
2026-08-21 11:29:00+05:30,24255.0,24259.400390625,24253.05078125,24256.599609375,0
2026-08-21 11:30:00+05:30,24256.55078125,24261.75,24256.55078125,24260.05078125,0
2026-08-21 11:31:00+05:30,24259.150390625,24261.05078125,24254.900390625,24255.75,0
2026-08-21 11:32:00+05:30,24256.05078125,24260.900390625,24254.25,24257.900390625,0
2026-08-21 11:33:00+05:30,24258.80078125,24260.69921875,24257.19921875,24258.650390625,0
2026-08-21 11:34:00+05:30,24258.400390625,24260.25,24256.55078125,24258.69921875,0
2026-08-21 11:35:00+05:30,24258.75,24260.150390625,24256.55078125,24257.94921875,0
2026-08-21 11:36:00+05:30,24258.099609375,24258.94921875,24253.80078125,24256.349609375,0
2026-08-21 11:37:00+05:30,24256.400390625,24258.44921875,24255.150390625,24256.0,0
2026-08-21 11:38:00+05:30,24255.900390625,24258.900390625,24255.0,24257.0,0
2026-08-21 11:39:00+05:30,24257.44921875,24260.69921875,24255.05078125,24257.19921875,0
2026-08-21 11:40:00+05:30,24257.30078125,24258.349609375,24252.0,24254.349609375,0
2026-08-21 11:41:00+05:30,24254.30078125,24256.900390625,24251.55078125,24252.849609375,0
2026-08-21 11:42:00+05:30,24252.44921875,24253.75,24249.80078125,24250.650390625,0
2026-08-21 11:43:00+05:30,24251.05078125,24255.69921875,24249.69921875,24252.400390625,0
2026-08-21 11:44:00+05:30,24252.25,24253.30078125,24248.849609375,24251.05078125,0
2026-08-21 11:45:00+05:30,24251.30078125,24254.69921875,24249.19921875,24250.599609375,0
2026-08-21 11:46:00+05:30,24250.400390625,24252.30078125,24247.75,24250.44921875,0
2026-08-21 11:47:00+05:30,24250.25,24252.30078125,24249.400390625,24250.599609375,0
2026-08-21 11:48:00+05:30,24251.0,24255.69921875,24250.30078125,24254.55078125,0
2026-08-21 11:49:00+05:30,24254.400390625,24255.55078125,24251.5,24254.349609375,0
2026-08-21 11:50:00+05:30,24254.44921875,24257.55078125,24252.900390625,24256.69921875,0
2026-08-21 11:51:00+05:30,24256.75,24259.69921875,24255.75,24256.0,0
2026-08-21 11:52:00+05:30,24255.94921875,24256.400390625,24250.44921875,24251.5,0
2026-08-21 11:53:00+05:30,24251.5,24254.099609375,24250.900390625,24252.05078125,0
2026-08-21 11:54:00+05:30,24252.25,24255.900390625,24245.25,24245.25,0
2026-08-21 11:55:00+05:30,24245.349609375,24248.25,24240.69921875,24241.599609375,0
2026-08-21 11:56:00+05:30,24240.80078125,24245.0,24238.650390625,24240.19921875,0
2026-08-21 11:57:00+05:30,24240.19921875,24242.5,24238.849609375,24239.75,0
2026-08-21 11:58:00+05:30,24239.599609375,24244.25,24239.599609375,24242.0,0
2026-08-21 11:59:00+05:30,24241.900390625,24243.650390625,24238.349609375,24239.30078125,0
2026-08-21 12:00:00+05:30,24237.80078125,24242.400390625,24237.05078125,24241.25,0
2026-08-21 12:01:00+05:30,24241.19921875,24244.05078125,24239.349609375,24240.400390625,0
2026-08-21 12:02:00+05:30,24240.349609375,24243.5,24239.94921875,24241.05078125,0
2026-08-21 12:03:00+05:30,24240.650390625,24241.5,24237.44921875,24238.30078125,0
2026-08-21 12:04:00+05:30,24239.150390625,24241.150390625,24237.400390625,24238.55078125,0
2026-08-21 12:05:00+05:30,24238.349609375,24241.849609375,24237.599609375,24240.650390625,0
2026-08-21 12:06:00+05:30,24240.69921875,24240.900390625,24236.44921875,24238.94921875,0
2026-08-21 12:07:00+05:30,24238.599609375,24239.400390625,24235.75,24239.099609375,0
2026-08-21 12:08:00+05:30,24238.94921875,24239.900390625,24236.05078125,24237.69921875,0
2026-08-21 12:09:00+05:30,24237.25,24238.75,24234.30078125,24236.25,0
2026-08-21 12:10:00+05:30,24236.19921875,24238.25,24235.44921875,24237.400390625,0
2026-08-21 12:11:00+05:30,24237.0,24239.599609375,24235.80078125,24236.5,0
2026-08-21 12:12:00+05:30,24236.400390625,24238.099609375,24234.5,24236.5,0
2026-08-21 12:13:00+05:30,24236.400390625,24238.19921875,24235.80078125,24236.349609375,0
2026-08-21 12:14:00+05:30,24236.30078125,24239.44921875,24232.55078125,24233.30078125,0
2026-08-21 12:15:00+05:30,24233.19921875,24236.69921875,24232.05078125,24232.44921875,0
2026-08-21 12:16:00+05:30,24232.349609375,24234.25,24227.5,24229.150390625,0
2026-08-21 12:17:00+05:30,24229.25,24233.05078125,24227.80078125,24232.19921875,0
2026-08-21 12:18:00+05:30,24232.05078125,24238.900390625,24231.400390625,24236.900390625,0
2026-08-21 12:19:00+05:30,24236.55078125,24238.900390625,24234.349609375,24237.94921875,0
2026-08-21 12:20:00+05:30,24237.44921875,24240.80078125,24236.150390625,24238.599609375,0
2026-08-21 12:21:00+05:30,24238.05078125,24241.5,24237.349609375,24237.75,0
2026-08-21 12:22:00+05:30,24237.75,24240.94921875,24237.30078125,24239.0,0
2026-08-21 12:23:00+05:30,24238.849609375,24243.25,24238.650390625,24241.75,0
2026-08-21 12:24:00+05:30,24241.650390625,24243.349609375,24240.099609375,24240.849609375,0
2026-08-21 12:25:00+05:30,24240.849609375,24241.900390625,24237.5,24239.55078125,0
2026-08-21 12:26:00+05:30,24239.349609375,24242.55078125,24238.69921875,24242.5,0
2026-08-21 12:27:00+05:30,24241.44921875,24243.30078125,24237.94921875,24239.849609375,0
2026-08-21 12:28:00+05:30,24239.849609375,24241.25,24234.900390625,24237.19921875,0
2026-08-21 12:29:00+05:30,24237.400390625,24239.099609375,24235.599609375,24238.099609375,0
2026-08-21 12:30:00+05:30,24238.0,24242.94921875,24238.0,24240.0,0
2026-08-21 12:31:00+05:30,24240.5,24245.150390625,24239.5,24242.75,0
2026-08-21 12:32:00+05:30,24242.80078125,24246.650390625,24242.25,24243.55078125,0
2026-08-21 12:33:00+05:30,24243.849609375,24245.849609375,24242.150390625,24243.5,0
2026-08-21 12:34:00+05:30,24243.25,24244.349609375,24241.0,24243.099609375,0
2026-08-21 12:35:00+05:30,24243.150390625,24246.400390625,24241.599609375,24244.94921875,0
2026-08-21 12:36:00+05:30,24244.25,24246.69921875,24242.349609375,24243.19921875,0
2026-08-21 12:37:00+05:30,24242.94921875,24244.650390625,24240.150390625,24242.05078125,0
2026-08-21 12:38:00+05:30,24242.05078125,24242.900390625,24237.19921875,24238.599609375,0
2026-08-21 12:39:00+05:30,24238.94921875,24240.900390625,24235.80078125,24236.55078125,0
2026-08-21 12:40:00+05:30,24236.400390625,24236.900390625,24232.80078125,24234.849609375,0
2026-08-21 12:41:00+05:30,24234.849609375,24236.099609375,24230.150390625,24230.44921875,0
2026-08-21 12:42:00+05:30,24230.349609375,24232.30078125,24228.0,24229.75,0
2026-08-21 12:43:00+05:30,24229.599609375,24231.80078125,24227.44921875,24229.19921875,0
2026-08-21 12:44:00+05:30,24228.94921875,24233.80078125,24228.55078125,24233.30078125,0
2026-08-21 12:45:00+05:30,24233.099609375,24238.0,24232.0,24237.349609375,0
2026-08-21 12:46:00+05:30,24237.099609375,24239.400390625,24232.400390625,24232.69921875,0
2026-08-21 12:47:00+05:30,24232.599609375,24234.599609375,24229.30078125,24229.80078125,0
2026-08-21 12:48:00+05:30,24229.900390625,24232.25,24228.55078125,24230.55078125,0
2026-08-21 12:49:00+05:30,24230.349609375,24232.44921875,24228.80078125,24230.400390625,0
2026-08-21 12:50:00+05:30,24230.30078125,24234.55078125,24230.19921875,24232.400390625,0
2026-08-21 12:51:00+05:30,24231.900390625,24234.400390625,24230.75,24233.400390625,0
2026-08-21 12:52:00+05:30,24233.19921875,24235.44921875,24231.94921875,24232.94921875,0
2026-08-21 12:53:00+05:30,24233.25,24234.349609375,24231.099609375,24233.400390625,0
2026-08-21 12:54:00+05:30,24233.400390625,24234.400390625,24231.099609375,24233.19921875,0
2026-08-21 12:55:00+05:30,24233.69921875,24235.69921875,24231.349609375,24234.900390625,0
2026-08-21 12:56:00+05:30,24234.650390625,24236.44921875,24230.599609375,24232.099609375,0
2026-08-21 12:57:00+05:30,24231.900390625,24233.099609375,24230.150390625,24230.650390625,0
2026-08-21 12:58:00+05:30,24230.650390625,24233.19921875,24229.55078125,24231.349609375,0
2026-08-21 12:59:00+05:30,24231.05078125,24235.75,24230.80078125,24232.80078125,0
2026-08-21 13:00:00+05:30,24232.94921875,24234.849609375,24231.94921875,24234.400390625,0
2026-08-21 13:01:00+05:30,24234.900390625,24237.80078125,24234.400390625,24237.150390625,0
2026-08-21 13:02:00+05:30,24237.05078125,24239.099609375,24236.44921875,24238.25,0
2026-08-21 13:03:00+05:30,24238.150390625,24240.19921875,24236.05078125,24239.05078125,0
2026-08-21 13:04:00+05:30,24238.900390625,24241.69921875,24238.400390625,24241.05078125,0
2026-08-21 13:05:00+05:30,24241.099609375,24245.94921875,24239.849609375,24244.25,0
2026-08-21 13:06:00+05:30,24244.400390625,24247.349609375,24244.0,24246.400390625,0
2026-08-21 13:07:00+05:30,24246.25,24249.25,24245.650390625,24248.30078125,0
2026-08-21 13:08:00+05:30,24248.599609375,24251.5,24246.849609375,24250.05078125,0
2026-08-21 13:09:00+05:30,24250.0,24253.099609375,24248.55078125,24250.349609375,0
2026-08-21 13:10:00+05:30,24250.349609375,24252.69921875,24247.650390625,24248.30078125,0
2026-08-21 13:11:00+05:30,24248.19921875,24250.150390625,24246.55078125,24248.25,0
2026-08-21 13:12:00+05:30,24247.849609375,24251.0,24247.349609375,24249.25,0
2026-08-21 13:13:00+05:30,24249.150390625,24250.19921875,24247.0,24247.44921875,0
2026-08-21 13:14:00+05:30,24247.400390625,24248.400390625,24242.849609375,24244.0,0
2026-08-21 13:15:00+05:30,24244.0,24246.5,24241.05078125,24242.80078125,0
2026-08-21 13:16:00+05:30,24242.25,24244.19921875,24239.900390625,24242.099609375,0
2026-08-21 13:17:00+05:30,24241.25,24245.19921875,24240.25,24244.099609375,0
2026-08-21 13:18:00+05:30,24244.099609375,24248.19921875,24243.30078125,24247.94921875,0
2026-08-21 13:19:00+05:30,24247.05078125,24248.19921875,24244.900390625,24246.0,0
2026-08-21 13:20:00+05:30,24245.69921875,24248.0,24243.099609375,24244.25,0
2026-08-21 13:21:00+05:30,24244.19921875,24245.599609375,24238.150390625,24238.25,0
2026-08-21 13:22:00+05:30,24238.0,24239.55078125,24236.30078125,24236.44921875,0
2026-08-21 13:23:00+05:30,24236.55078125,24237.5,24234.900390625,24235.94921875,0
2026-08-21 13:24:00+05:30,24235.69921875,24239.80078125,24235.19921875,24238.349609375,0
2026-08-21 13:25:00+05:30,24238.650390625,24239.150390625,24235.599609375,24238.75,0
2026-08-21 13:26:00+05:30,24238.75,24239.69921875,24236.19921875,24238.150390625,0
2026-08-21 13:27:00+05:30,24237.900390625,24241.05078125,24237.349609375,24240.44921875,0
2026-08-21 13:28:00+05:30,24240.55078125,24242.44921875,24238.30078125,24239.650390625,0
2026-08-21 13:29:00+05:30,24239.19921875,24247.150390625,24238.75,24246.80078125,0
2026-08-21 13:30:00+05:30,24247.05078125,24250.349609375,24243.400390625,24244.25,0
2026-08-21 13:31:00+05:30,24244.099609375,24246.400390625,24243.349609375,24243.849609375,0
2026-08-21 13:32:00+05:30,24244.0,24244.0,24237.650390625,24238.80078125,0
2026-08-21 13:33:00+05:30,24238.75,24240.55078125,24237.849609375,24239.80078125,0
2026-08-21 13:34:00+05:30,24239.5,24242.80078125,24238.80078125,24239.5,0
2026-08-21 13:35:00+05:30,24239.599609375,24242.44921875,24237.94921875,24238.400390625,0
2026-08-21 13:36:00+05:30,24238.30078125,24239.099609375,24229.94921875,24233.0,0
2026-08-21 13:37:00+05:30,24233.099609375,24235.19921875,24230.849609375,24233.69921875,0
2026-08-21 13:38:00+05:30,24233.599609375,24235.5,24231.94921875,24232.400390625,0
2026-08-21 13:39:00+05:30,24232.30078125,24235.0,24231.94921875,24233.69921875,0
2026-08-21 13:40:00+05:30,24233.900390625,24237.650390625,24233.650390625,24236.5,0
2026-08-21 13:41:00+05:30,24236.5,24236.900390625,24229.94921875,24231.150390625,0
2026-08-21 13:42:00+05:30,24231.30078125,24234.75,24229.75,24234.75,0
2026-08-21 13:43:00+05:30,24234.30078125,24237.44921875,24232.94921875,24236.150390625,0
2026-08-21 13:44:00+05:30,24236.099609375,24237.900390625,24233.650390625,24235.80078125,0
2026-08-21 13:45:00+05:30,24235.599609375,24236.75,24231.650390625,24232.650390625,0
2026-08-21 13:46:00+05:30,24232.44921875,24233.75,24229.650390625,24232.900390625,0
2026-08-21 13:47:00+05:30,24232.400390625,24237.94921875,24231.19921875,24236.75,0
2026-08-21 13:48:00+05:30,24236.19921875,24237.30078125,24232.55078125,24233.44921875,0
2026-08-21 13:49:00+05:30,24233.55078125,24234.650390625,24230.5,24231.44921875,0
2026-08-21 13:50:00+05:30,24231.19921875,24234.0,24229.900390625,24231.05078125,0
2026-08-21 13:51:00+05:30,24230.849609375,24231.349609375,24226.099609375,24229.44921875,0
2026-08-21 13:52:00+05:30,24229.55078125,24233.30078125,24228.75,24230.75,0
2026-08-21 13:53:00+05:30,24230.849609375,24237.94921875,24229.55078125,24232.44921875,0
2026-08-21 13:54:00+05:30,24232.349609375,24235.099609375,24231.30078125,24232.94921875,0
2026-08-21 13:55:00+05:30,24233.099609375,24236.400390625,24232.5,24234.69921875,0
2026-08-21 13:56:00+05:30,24234.69921875,24236.75,24233.650390625,24235.30078125,0
2026-08-21 13:57:00+05:30,24234.900390625,24241.69921875,24234.69921875,24239.650390625,0
2026-08-21 13:58:00+05:30,24240.25,24242.900390625,24236.150390625,24237.80078125,0
2026-08-21 13:59:00+05:30,24237.5,24238.599609375,24233.400390625,24233.599609375,0
2026-08-21 14:00:00+05:30,24232.44921875,24236.44921875,24232.44921875,24235.150390625,0
2026-08-21 14:01:00+05:30,24234.30078125,24236.05078125,24231.80078125,24233.650390625,0
2026-08-21 14:02:00+05:30,24234.19921875,24236.150390625,24231.400390625,24231.75,0
2026-08-21 14:03:00+05:30,24231.69921875,24234.099609375,24227.400390625,24227.44921875,0
2026-08-21 14:04:00+05:30,24227.80078125,24233.650390625,24227.150390625,24230.69921875,0
2026-08-21 14:05:00+05:30,24230.80078125,24233.150390625,24228.75,24230.099609375,0
2026-08-21 14:06:00+05:30,24230.19921875,24231.349609375,24226.94921875,24228.150390625,0
2026-08-21 14:07:00+05:30,24227.349609375,24231.349609375,24226.80078125,24229.19921875,0
2026-08-21 14:08:00+05:30,24228.69921875,24231.099609375,24227.55078125,24228.80078125,0
2026-08-21 14:09:00+05:30,24228.80078125,24230.349609375,24223.650390625,24225.5,0
2026-08-21 14:10:00+05:30,24225.150390625,24227.099609375,24223.69921875,24225.599609375,0
2026-08-21 14:11:00+05:30,24225.349609375,24230.849609375,24225.0,24226.05078125,0
2026-08-21 14:12:00+05:30,24225.19921875,24230.150390625,24224.900390625,24228.94921875,0
2026-08-21 14:13:00+05:30,24228.69921875,24230.30078125,24227.55078125,24229.55078125,0
2026-08-21 14:14:00+05:30,24229.0,24231.900390625,24227.099609375,24230.55078125,0
2026-08-21 14:15:00+05:30,24230.599609375,24232.80078125,24229.94921875,24232.5,0
2026-08-21 14:16:00+05:30,24231.75,24237.30078125,24231.75,24234.849609375,0
2026-08-21 14:17:00+05:30,24234.599609375,24237.75,24234.0,24236.94921875,0
2026-08-21 14:18:00+05:30,24236.44921875,24239.599609375,24235.69921875,24237.30078125,0
2026-08-21 14:19:00+05:30,24237.150390625,24238.19921875,24234.650390625,24236.150390625,0
2026-08-21 14:20:00+05:30,24236.80078125,24239.099609375,24234.19921875,24235.69921875,0
2026-08-21 14:21:00+05:30,24235.19921875,24240.19921875,24234.900390625,24239.150390625,0
2026-08-21 14:22:00+05:30,24239.599609375,24243.0,24238.75,24240.0,0
2026-08-21 14:23:00+05:30,24240.05078125,24243.150390625,24238.5,24240.900390625,0
2026-08-21 14:24:00+05:30,24240.44921875,24241.94921875,24236.849609375,24239.349609375,0
2026-08-21 14:25:00+05:30,24239.599609375,24240.349609375,24234.30078125,24235.900390625,0
2026-08-21 14:26:00+05:30,24235.94921875,24239.150390625,24234.44921875,24236.44921875,0
2026-08-21 14:27:00+05:30,24236.400390625,24238.55078125,24234.349609375,24237.5,0
2026-08-21 14:28:00+05:30,24238.75,24239.44921875,24234.599609375,24238.349609375,0
2026-08-21 14:29:00+05:30,24238.099609375,24243.25,24237.80078125,24243.099609375,0
2026-08-21 14:30:00+05:30,24242.69921875,24246.25,24242.5,24244.599609375,0
2026-08-21 14:31:00+05:30,24244.44921875,24245.19921875,24239.900390625,24241.849609375,0
2026-08-21 14:32:00+05:30,24242.19921875,24243.69921875,24239.650390625,24241.69921875,0
2026-08-21 14:33:00+05:30,24240.94921875,24242.94921875,24238.650390625,24241.19921875,0
2026-08-21 14:34:00+05:30,24240.650390625,24242.349609375,24236.400390625,24237.75,0
2026-08-21 14:35:00+05:30,24238.400390625,24238.5,24234.150390625,24236.80078125,0
2026-08-21 14:36:00+05:30,24237.849609375,24239.19921875,24234.650390625,24238.599609375,0
2026-08-21 14:37:00+05:30,24237.099609375,24239.849609375,24235.099609375,24236.400390625,0
2026-08-21 14:38:00+05:30,24236.30078125,24239.150390625,24233.94921875,24235.25,0
2026-08-21 14:39:00+05:30,24235.0,24238.44921875,24233.849609375,24234.69921875,0
2026-08-21 14:40:00+05:30,24233.75,24238.30078125,24233.30078125,24236.25,0
2026-08-21 14:41:00+05:30,24235.94921875,24237.900390625,24234.0,24235.44921875,0
2026-08-21 14:42:00+05:30,24235.05078125,24237.5,24234.25,24236.150390625,0
2026-08-21 14:43:00+05:30,24235.349609375,24236.19921875,24232.900390625,24234.599609375,0
2026-08-21 14:44:00+05:30,24234.55078125,24237.400390625,24233.94921875,24235.349609375,0
2026-08-21 14:45:00+05:30,24235.19921875,24239.349609375,24234.69921875,24236.5,0
2026-08-21 14:46:00+05:30,24236.900390625,24240.900390625,24236.400390625,24240.0,0
2026-08-21 14:47:00+05:30,24239.900390625,24242.150390625,24238.19921875,24240.849609375,0
2026-08-21 14:48:00+05:30,24241.5,24243.94921875,24239.650390625,24241.5,0
2026-08-21 14:49:00+05:30,24241.650390625,24242.05078125,24237.30078125,24237.599609375,0
2026-08-21 14:50:00+05:30,24238.0,24242.650390625,24237.55078125,24240.150390625,0
2026-08-21 14:51:00+05:30,24240.75,24244.400390625,24239.900390625,24240.400390625,0
2026-08-21 14:52:00+05:30,24240.44921875,24243.599609375,24238.0,24240.349609375,0
2026-08-21 14:53:00+05:30,24239.30078125,24241.900390625,24237.75,24239.19921875,0
2026-08-21 14:54:00+05:30,24239.349609375,24242.0,24237.69921875,24238.599609375,0
2026-08-21 14:55:00+05:30,24239.0,24241.44921875,24237.80078125,24237.80078125,0
2026-08-21 14:56:00+05:30,24238.75,24240.94921875,24237.5,24238.19921875,0
2026-08-21 14:57:00+05:30,24239.650390625,24239.75,24235.25,24236.400390625,0
2026-08-21 14:58:00+05:30,24235.55078125,24239.05078125,24234.80078125,24235.0,0
2026-08-21 14:59:00+05:30,24235.900390625,24238.5,24233.30078125,24236.30078125,0
2026-08-21 15:00:00+05:30,24235.25,24239.80078125,24233.05078125,24238.099609375,0
2026-08-21 15:01:00+05:30,24238.80078125,24239.55078125,24235.0,24237.80078125,0
2026-08-21 15:02:00+05:30,24237.400390625,24243.44921875,24236.19921875,24241.44921875,0
2026-08-21 15:03:00+05:30,24240.75,24241.349609375,24234.599609375,24237.650390625,0
2026-08-21 15:04:00+05:30,24237.19921875,24240.55078125,24233.94921875,24235.75,0
2026-08-21 15:05:00+05:30,24234.69921875,24236.94921875,24231.55078125,24233.599609375,0
2026-08-21 15:06:00+05:30,24233.80078125,24239.650390625,24231.650390625,24238.849609375,0
2026-08-21 15:07:00+05:30,24239.099609375,24240.25,24236.0,24238.55078125,0
2026-08-21 15:08:00+05:30,24238.25,24238.599609375,24234.94921875,24236.75,0
2026-08-21 15:09:00+05:30,24237.400390625,24237.400390625,24230.900390625,24234.05078125,0
2026-08-21 15:10:00+05:30,24234.0,24237.099609375,24230.650390625,24232.400390625,0
2026-08-21 15:11:00+05:30,24232.69921875,24235.30078125,24228.900390625,24232.80078125,0
2026-08-21 15:12:00+05:30,24234.05078125,24234.05078125,24223.599609375,24228.5,0
2026-08-21 15:13:00+05:30,24228.849609375,24232.80078125,24226.400390625,24231.099609375,0
2026-08-21 15:14:00+05:30,24229.849609375,24238.94921875,24226.75,24234.75,0
2026-08-21 15:15:00+05:30,24234.75,24234.75,24234.75,24234.75,0
2026-08-21 15:16:00+05:30,24234.75,24234.75,24234.75,24234.75,0
2026-08-21 15:17:00+05:30,24234.75,24234.75,24234.75,24234.75,0
2026-08-21 15:18:00+05:30,24234.75,24234.75,24234.75,24234.75,0
2026-08-21 15:19:00+05:30,24234.75,24234.75,24234.75,24234.75,0
2026-08-21 15:20:00+05:30,24234.75,24234.75,24234.75,24234.75,0
2026-08-21 15:21:00+05:30,24234.75,24234.75,24234.75,24234.75,0
2026-08-21 15:22:00+05:30,24234.75,24234.75,24234.75,24234.75,0
2026-08-21 15:23:00+05:30,24234.75,24234.75,24234.75,24234.75,0
2026-08-21 15:24:00+05:30,24234.75,24234.75,24234.75,24234.75,0
2026-08-21 15:25:00+05:30,24234.75,24234.75,24234.75,24234.75,0
2026-08-21 15:26:00+05:30,24234.75,24234.75,24234.75,24234.75,0
2026-08-21 15:27:00+05:30,24234.75,24234.75,24234.75,24234.75,0
2026-08-21 15:28:00+05:30,24234.75,24234.75,24234.75,24234.75,0
2026-08-21 15:29:00+05:30,24234.75,24252.0,24234.75,24252.0,0
2026-08-24 09:15:00+05:30,24285.05078125,24306.5,24276.75,24299.150390625,0
2026-08-24 09:16:00+05:30,24297.349609375,24306.349609375,24295.80078125,24300.19921875,0
2026-08-24 09:17:00+05:30,24301.349609375,24310.30078125,24300.349609375,24307.30078125,0
2026-08-24 09:18:00+05:30,24307.400390625,24312.849609375,24304.19921875,24305.0,0
2026-08-24 09:19:00+05:30,24303.900390625,24308.099609375,24301.05078125,24303.30078125,0
2026-08-24 09:20:00+05:30,24303.400390625,24309.5,24303.400390625,24308.75,0
2026-08-24 09:21:00+05:30,24308.099609375,24310.900390625,24301.55078125,24303.30078125,0
2026-08-24 09:22:00+05:30,24304.25,24305.150390625,24298.75,24304.5,0
2026-08-24 09:23:00+05:30,24304.150390625,24311.900390625,24304.150390625,24306.599609375,0
2026-08-24 09:24:00+05:30,24306.55078125,24308.099609375,24300.099609375,24303.150390625,0
2026-08-24 09:25:00+05:30,24303.0,24305.599609375,24299.150390625,24301.44921875,0
2026-08-24 09:26:00+05:30,24302.150390625,24305.69921875,24300.5,24303.75,0
2026-08-24 09:27:00+05:30,24303.5,24306.30078125,24300.75,24301.5,0
2026-08-24 09:28:00+05:30,24289.650390625,24303.19921875,24287.25,24289.349609375,0
2026-08-24 09:29:00+05:30,24289.30078125,24291.599609375,24287.599609375,24288.099609375,0
2026-08-24 09:30:00+05:30,24287.150390625,24291.05078125,24282.400390625,24285.69921875,0
2026-08-24 09:31:00+05:30,24286.349609375,24289.0,24278.0,24278.900390625,0
2026-08-24 09:32:00+05:30,24278.19921875,24279.599609375,24273.599609375,24276.650390625,0
2026-08-24 09:33:00+05:30,24276.25,24278.30078125,24272.55078125,24276.05078125,0
2026-08-24 09:34:00+05:30,24276.19921875,24279.55078125,24274.650390625,24276.75,0
2026-08-24 09:35:00+05:30,24276.69921875,24278.44921875,24273.94921875,24277.69921875,0
2026-08-24 09:36:00+05:30,24278.150390625,24278.69921875,24273.400390625,24276.94921875,0
2026-08-24 09:37:00+05:30,24276.849609375,24284.349609375,24276.69921875,24284.349609375,0
2026-08-24 09:38:00+05:30,24284.25,24288.30078125,24283.0,24285.599609375,0
2026-08-24 09:39:00+05:30,24285.0,24288.599609375,24282.400390625,24283.19921875,0
2026-08-24 09:40:00+05:30,24283.099609375,24286.19921875,24279.400390625,24279.94921875,0
2026-08-24 09:41:00+05:30,24280.849609375,24281.75,24276.099609375,24277.099609375,0
2026-08-24 09:42:00+05:30,24277.150390625,24278.55078125,24274.25,24276.69921875,0
2026-08-24 09:43:00+05:30,24276.5,24280.94921875,24276.30078125,24278.25,0
2026-08-24 09:44:00+05:30,24278.80078125,24283.30078125,24278.80078125,24281.75,0
2026-08-24 09:45:00+05:30,24281.650390625,24284.099609375,24279.69921875,24282.30078125,0
2026-08-24 09:46:00+05:30,24282.05078125,24285.150390625,24276.150390625,24276.94921875,0
2026-08-24 09:47:00+05:30,24276.44921875,24281.349609375,24276.150390625,24279.44921875,0
2026-08-24 09:48:00+05:30,24279.80078125,24281.55078125,24278.400390625,24279.69921875,0
2026-08-24 09:49:00+05:30,24278.75,24281.150390625,24276.69921875,24280.69921875,0
2026-08-24 09:50:00+05:30,24281.349609375,24283.94921875,24278.44921875,24278.44921875,0
2026-08-24 09:51:00+05:30,24278.150390625,24282.150390625,24278.150390625,24280.55078125,0
2026-08-24 09:52:00+05:30,24280.75,24283.0,24277.05078125,24277.30078125,0
2026-08-24 09:53:00+05:30,24277.400390625,24280.25,24273.25,24275.150390625,0
2026-08-24 09:54:00+05:30,24274.94921875,24276.900390625,24272.099609375,24272.900390625,0
2026-08-24 09:55:00+05:30,24272.650390625,24276.599609375,24270.599609375,24276.0,0
2026-08-24 09:56:00+05:30,24276.099609375,24281.349609375,24276.099609375,24278.400390625,0
2026-08-24 09:57:00+05:30,24279.55078125,24281.05078125,24277.69921875,24279.55078125,0
2026-08-24 09:58:00+05:30,24278.80078125,24280.55078125,24268.69921875,24270.05078125,0
2026-08-24 09:59:00+05:30,24269.900390625,24271.599609375,24267.30078125,24268.19921875,0
2026-08-24 10:00:00+05:30,24268.650390625,24274.80078125,24267.900390625,24269.05078125,0
2026-08-24 10:01:00+05:30,24269.400390625,24273.849609375,24268.900390625,24270.5,0
2026-08-24 10:02:00+05:30,24270.650390625,24274.80078125,24270.599609375,24273.099609375,0
2026-08-24 10:03:00+05:30,24273.599609375,24276.55078125,24269.849609375,24269.849609375,0
2026-08-24 10:04:00+05:30,24270.400390625,24271.849609375,24267.650390625,24269.5,0
2026-08-24 10:05:00+05:30,24269.5,24272.0,24268.94921875,24271.19921875,0
2026-08-24 10:06:00+05:30,24271.650390625,24274.30078125,24269.55078125,24271.900390625,0
2026-08-24 10:07:00+05:30,24271.80078125,24273.400390625,24267.69921875,24268.400390625,0
2026-08-24 10:08:00+05:30,24268.44921875,24273.05078125,24268.150390625,24269.349609375,0
2026-08-24 10:09:00+05:30,24269.349609375,24273.849609375,24269.099609375,24270.900390625,0
2026-08-24 10:10:00+05:30,24270.30078125,24274.69921875,24270.30078125,24272.900390625,0
2026-08-24 10:11:00+05:30,24273.05078125,24275.19921875,24271.05078125,24272.30078125,0
2026-08-24 10:12:00+05:30,24272.599609375,24273.650390625,24269.599609375,24271.650390625,0
2026-08-24 10:13:00+05:30,24271.44921875,24273.900390625,24270.0,24271.30078125,0
2026-08-24 10:14:00+05:30,24272.05078125,24276.19921875,24271.55078125,24273.099609375,0
2026-08-24 10:15:00+05:30,24273.05078125,24276.099609375,24271.75,24273.80078125,0
2026-08-24 10:16:00+05:30,24273.94921875,24278.0,24272.30078125,24276.150390625,0
2026-08-24 10:17:00+05:30,24276.150390625,24278.900390625,24273.349609375,24274.69921875,0
2026-08-24 10:18:00+05:30,24274.900390625,24278.19921875,24273.69921875,24278.05078125,0
2026-08-24 10:19:00+05:30,24277.69921875,24281.900390625,24277.19921875,24277.94921875,0
2026-08-24 10:20:00+05:30,24278.19921875,24281.94921875,24276.80078125,24278.400390625,0
2026-08-24 10:21:00+05:30,24277.599609375,24283.5,24277.150390625,24281.5,0
2026-08-24 10:22:00+05:30,24281.400390625,24284.25,24277.099609375,24279.05078125,0
2026-08-24 10:23:00+05:30,24278.849609375,24280.349609375,24276.599609375,24277.44921875,0
2026-08-24 10:24:00+05:30,24277.55078125,24280.599609375,24276.599609375,24278.75,0
2026-08-24 10:25:00+05:30,24278.599609375,24281.75,24274.55078125,24274.75,0
2026-08-24 10:26:00+05:30,24275.80078125,24279.25,24274.900390625,24277.900390625,0
2026-08-24 10:27:00+05:30,24278.44921875,24281.30078125,24277.849609375,24278.849609375,0
2026-08-24 10:28:00+05:30,24278.94921875,24281.650390625,24276.44921875,24277.80078125,0
2026-08-24 10:29:00+05:30,24277.5,24280.400390625,24276.400390625,24277.599609375,0
2026-08-24 10:30:00+05:30,24277.69921875,24281.55078125,24277.44921875,24278.94921875,0
2026-08-24 10:31:00+05:30,24278.19921875,24281.94921875,24276.19921875,24277.75,0
2026-08-24 10:32:00+05:30,24278.19921875,24279.44921875,24275.05078125,24275.5,0
2026-08-24 10:33:00+05:30,24275.75,24282.349609375,24275.75,24280.349609375,0
2026-08-24 10:34:00+05:30,24280.19921875,24281.94921875,24278.55078125,24279.650390625,0
2026-08-24 10:35:00+05:30,24280.30078125,24282.650390625,24278.55078125,24280.599609375,0
2026-08-24 10:36:00+05:30,24279.599609375,24282.69921875,24278.900390625,24280.650390625,0
2026-08-24 10:37:00+05:30,24280.0,24286.849609375,24280.0,24285.400390625,0
2026-08-24 10:38:00+05:30,24285.30078125,24287.69921875,24282.650390625,24283.900390625,0
2026-08-24 10:39:00+05:30,24283.44921875,24285.400390625,24278.849609375,24279.650390625,0
2026-08-24 10:40:00+05:30,24280.25,24280.94921875,24277.19921875,24278.69921875,0
2026-08-24 10:41:00+05:30,24278.19921875,24280.05078125,24276.400390625,24277.900390625,0
2026-08-24 10:42:00+05:30,24278.150390625,24282.25,24275.400390625,24278.05078125,0
2026-08-24 10:43:00+05:30,24278.900390625,24282.19921875,24278.0,24279.55078125,0
2026-08-24 10:44:00+05:30,24280.349609375,24282.400390625,24278.599609375,24279.25,0
2026-08-24 10:45:00+05:30,24279.69921875,24280.900390625,24276.44921875,24279.599609375,0
2026-08-24 10:46:00+05:30,24279.150390625,24279.75,24276.150390625,24277.94921875,0
2026-08-24 10:47:00+05:30,24277.900390625,24279.80078125,24275.849609375,24277.44921875,0
2026-08-24 10:48:00+05:30,24277.599609375,24280.05078125,24274.94921875,24275.650390625,0
2026-08-24 10:49:00+05:30,24275.650390625,24277.650390625,24269.75,24270.94921875,0
2026-08-24 10:50:00+05:30,24270.599609375,24272.400390625,24267.94921875,24269.599609375,0
2026-08-24 10:51:00+05:30,24270.30078125,24271.150390625,24263.80078125,24264.650390625,0
2026-08-24 10:52:00+05:30,24264.94921875,24265.900390625,24262.44921875,24263.30078125,0
2026-08-24 10:53:00+05:30,24265.599609375,24267.599609375,24262.94921875,24265.849609375,0
2026-08-24 10:54:00+05:30,24266.30078125,24270.44921875,24266.25,24268.69921875,0
2026-08-24 10:55:00+05:30,24269.19921875,24272.75,24267.80078125,24270.0,0
2026-08-24 10:56:00+05:30,24271.25,24272.25,24267.849609375,24269.599609375,0
2026-08-24 10:57:00+05:30,24269.0,24272.5,24265.94921875,24268.05078125,0
2026-08-24 10:58:00+05:30,24267.849609375,24268.69921875,24262.75,24264.900390625,0
2026-08-24 10:59:00+05:30,24265.69921875,24266.19921875,24240.94921875,24242.900390625,0
2026-08-24 11:00:00+05:30,24243.25,24251.55078125,24242.69921875,24250.44921875,0
2026-08-24 11:01:00+05:30,24250.44921875,24255.0,24248.400390625,24250.19921875,0
2026-08-24 11:02:00+05:30,24250.599609375,24251.849609375,24246.849609375,24247.55078125,0
2026-08-24 11:03:00+05:30,24247.099609375,24248.80078125,24227.44921875,24229.55078125,0
2026-08-24 11:04:00+05:30,24228.900390625,24233.0,24228.69921875,24230.25,0
2026-08-24 11:05:00+05:30,24230.94921875,24232.349609375,24219.650390625,24221.55078125,0
2026-08-24 11:06:00+05:30,24221.900390625,24229.0,24220.150390625,24225.900390625,0
2026-08-24 11:07:00+05:30,24227.55078125,24229.80078125,24226.400390625,24227.25,0
2026-08-24 11:08:00+05:30,24228.05078125,24228.849609375,24223.19921875,24225.55078125,0
2026-08-24 11:09:00+05:30,24225.44921875,24226.94921875,24219.80078125,24221.900390625,0
2026-08-24 11:10:00+05:30,24221.650390625,24223.55078125,24218.5,24221.099609375,0
2026-08-24 11:11:00+05:30,24221.099609375,24223.099609375,24218.69921875,24219.80078125,0
2026-08-24 11:12:00+05:30,24219.75,24221.05078125,24211.0,24213.150390625,0
2026-08-24 11:13:00+05:30,24212.599609375,24215.650390625,24210.349609375,24212.25,0
2026-08-24 11:14:00+05:30,24212.349609375,24214.19921875,24209.599609375,24210.69921875,0
2026-08-24 11:15:00+05:30,24210.75,24212.650390625,24207.099609375,24210.75,0
2026-08-24 11:16:00+05:30,24210.849609375,24218.0,24210.849609375,24213.94921875,0
2026-08-24 11:17:00+05:30,24214.19921875,24215.19921875,24211.150390625,24212.0,0
2026-08-24 11:18:00+05:30,24212.349609375,24219.69921875,24211.849609375,24217.19921875,0
2026-08-24 11:19:00+05:30,24216.69921875,24218.0,24214.30078125,24214.75,0
2026-08-24 11:20:00+05:30,24215.099609375,24220.80078125,24214.25,24214.25,0
2026-08-24 11:21:00+05:30,24214.44921875,24215.19921875,24209.599609375,24211.69921875,0
2026-08-24 11:22:00+05:30,24212.0,24213.599609375,24204.94921875,24204.94921875,0
2026-08-24 11:23:00+05:30,24205.44921875,24206.69921875,24196.900390625,24200.099609375,0
2026-08-24 11:24:00+05:30,24200.55078125,24205.55078125,24199.19921875,24202.44921875,0
2026-08-24 11:25:00+05:30,24203.25,24204.400390625,24198.80078125,24199.349609375,0
2026-08-24 11:26:00+05:30,24199.30078125,24200.55078125,24196.400390625,24197.75,0
2026-08-24 11:27:00+05:30,24197.75,24202.55078125,24197.150390625,24200.5,0
2026-08-24 11:28:00+05:30,24200.400390625,24203.5,24199.44921875,24200.650390625,0
2026-08-24 11:29:00+05:30,24200.650390625,24203.80078125,24200.30078125,24202.150390625,0
2026-08-24 11:30:00+05:30,24202.05078125,24204.05078125,24194.69921875,24195.30078125,0
2026-08-24 11:31:00+05:30,24195.05078125,24195.150390625,24178.44921875,24178.849609375,0
2026-08-24 11:32:00+05:30,24179.099609375,24184.69921875,24178.05078125,24178.19921875,0
2026-08-24 11:33:00+05:30,24180.25,24182.150390625,24177.400390625,24178.94921875,0
2026-08-24 11:34:00+05:30,24178.94921875,24181.900390625,24177.349609375,24179.30078125,0
2026-08-24 11:35:00+05:30,24179.05078125,24179.05078125,24175.19921875,24176.25,0
2026-08-24 11:36:00+05:30,24176.80078125,24178.69921875,24173.849609375,24176.69921875,0
2026-08-24 11:37:00+05:30,24176.75,24183.94921875,24175.30078125,24177.900390625,0
2026-08-24 11:38:00+05:30,24178.44921875,24182.150390625,24178.44921875,24180.099609375,0
2026-08-24 11:39:00+05:30,24181.849609375,24184.30078125,24180.099609375,24180.900390625,0
2026-08-24 11:40:00+05:30,24180.849609375,24183.55078125,24180.30078125,24183.25,0
2026-08-24 11:41:00+05:30,24184.30078125,24186.80078125,24182.650390625,24184.55078125,0
2026-08-24 11:42:00+05:30,24184.599609375,24192.099609375,24184.55078125,24190.19921875,0
2026-08-24 11:43:00+05:30,24190.650390625,24193.25,24187.05078125,24188.19921875,0
2026-08-24 11:44:00+05:30,24188.099609375,24190.94921875,24186.30078125,24186.80078125,0
2026-08-24 11:45:00+05:30,24187.150390625,24193.0,24187.150390625,24191.80078125,0
2026-08-24 11:46:00+05:30,24195.599609375,24197.099609375,24191.900390625,24195.25,0
2026-08-24 11:47:00+05:30,24194.5,24198.19921875,24193.849609375,24194.55078125,0
2026-08-24 11:48:00+05:30,24194.400390625,24196.900390625,24192.69921875,24195.099609375,0
2026-08-24 11:49:00+05:30,24195.75,24198.599609375,24193.900390625,24196.75,0
2026-08-24 11:50:00+05:30,24196.849609375,24200.5,24192.44921875,24193.650390625,0
2026-08-24 11:51:00+05:30,24193.25,24196.30078125,24191.75,24192.599609375,0
2026-08-24 11:52:00+05:30,24193.099609375,24196.25,24191.75,24193.94921875,0
2026-08-24 11:53:00+05:30,24191.150390625,24196.19921875,24189.900390625,24190.900390625,0
2026-08-24 11:54:00+05:30,24191.19921875,24193.5,24190.30078125,24191.25,0
2026-08-24 11:55:00+05:30,24191.650390625,24196.55078125,24190.400390625,24193.19921875,0
2026-08-24 11:56:00+05:30,24193.599609375,24196.30078125,24191.849609375,24193.150390625,0
2026-08-24 11:57:00+05:30,24193.19921875,24195.80078125,24185.599609375,24186.5,0
2026-08-24 11:58:00+05:30,24186.5,24187.849609375,24181.349609375,24184.099609375,0
2026-08-24 11:59:00+05:30,24181.099609375,24186.900390625,24180.400390625,24181.099609375,0
2026-08-24 12:00:00+05:30,24181.19921875,24184.650390625,24179.69921875,24183.19921875,0
2026-08-24 12:01:00+05:30,24184.75,24187.19921875,24182.599609375,24185.30078125,0
2026-08-24 12:02:00+05:30,24185.849609375,24187.400390625,24184.05078125,24186.0,0
2026-08-24 12:03:00+05:30,24185.349609375,24191.349609375,24185.19921875,24190.75,0
2026-08-24 12:04:00+05:30,24190.69921875,24195.25,24188.349609375,24190.30078125,0
2026-08-24 12:05:00+05:30,24190.25,24192.55078125,24185.0,24185.55078125,0
2026-08-24 12:06:00+05:30,24185.75,24189.0,24184.900390625,24185.849609375,0
2026-08-24 12:07:00+05:30,24185.900390625,24190.05078125,24185.849609375,24188.05078125,0
2026-08-24 12:08:00+05:30,24188.5,24192.75,24188.5,24189.94921875,0
2026-08-24 12:09:00+05:30,24189.099609375,24196.5,24189.099609375,24194.05078125,0
2026-08-24 12:10:00+05:30,24194.69921875,24197.599609375,24192.94921875,24195.150390625,0
2026-08-24 12:11:00+05:30,24196.19921875,24198.849609375,24193.599609375,24193.69921875,0
2026-08-24 12:12:00+05:30,24193.900390625,24197.30078125,24193.25,24193.25,0
2026-08-24 12:13:00+05:30,24194.349609375,24195.900390625,24191.349609375,24191.349609375,0
2026-08-24 12:14:00+05:30,24192.80078125,24196.25,24191.400390625,24194.05078125,0
2026-08-24 12:15:00+05:30,24194.099609375,24196.349609375,24192.5,24193.099609375,0
2026-08-24 12:16:00+05:30,24193.150390625,24195.25,24190.19921875,24190.900390625,0
2026-08-24 12:17:00+05:30,24191.05078125,24194.849609375,24190.19921875,24191.44921875,0
2026-08-24 12:18:00+05:30,24191.5,24193.25,24187.94921875,24189.0,0
2026-08-24 12:19:00+05:30,24189.30078125,24194.19921875,24189.0,24189.400390625,0
2026-08-24 12:20:00+05:30,24190.5,24194.900390625,24189.400390625,24192.150390625,0
2026-08-24 12:21:00+05:30,24190.400390625,24194.5,24190.150390625,24190.80078125,0
2026-08-24 12:22:00+05:30,24192.0,24195.75,24191.19921875,24192.94921875,0
2026-08-24 12:23:00+05:30,24192.69921875,24195.69921875,24191.19921875,24192.150390625,0
2026-08-24 12:24:00+05:30,24192.150390625,24195.5,24192.05078125,24192.75,0
2026-08-24 12:25:00+05:30,24192.69921875,24196.849609375,24191.25,24194.05078125,0
2026-08-24 12:26:00+05:30,24193.94921875,24196.900390625,24193.599609375,24195.55078125,0
2026-08-24 12:27:00+05:30,24195.400390625,24199.55078125,24192.150390625,24194.349609375,0
2026-08-24 12:28:00+05:30,24193.55078125,24198.099609375,24189.55078125,24190.80078125,0
2026-08-24 12:29:00+05:30,24190.900390625,24193.349609375,24182.94921875,24183.900390625,0
2026-08-24 12:30:00+05:30,24183.849609375,24189.69921875,24182.69921875,24185.94921875,0
2026-08-24 12:31:00+05:30,24186.55078125,24189.0,24184.05078125,24184.849609375,0
2026-08-24 12:32:00+05:30,24185.599609375,24187.849609375,24184.349609375,24184.599609375,0
2026-08-24 12:33:00+05:30,24184.94921875,24189.0,24183.650390625,24185.55078125,0
2026-08-24 12:34:00+05:30,24185.75,24187.849609375,24182.44921875,24183.44921875,0
2026-08-24 12:35:00+05:30,24188.099609375,24189.05078125,24182.849609375,24188.0,0
2026-08-24 12:36:00+05:30,24187.900390625,24193.099609375,24186.05078125,24189.94921875,0
2026-08-24 12:37:00+05:30,24190.30078125,24191.69921875,24186.44921875,24187.94921875,0
2026-08-24 12:38:00+05:30,24188.19921875,24190.5,24182.5,24182.900390625,0
2026-08-24 12:39:00+05:30,24182.349609375,24184.05078125,24178.5,24180.05078125,0
2026-08-24 12:40:00+05:30,24180.099609375,24183.0,24176.94921875,24177.19921875,0
2026-08-24 12:41:00+05:30,24177.19921875,24181.19921875,24176.849609375,24179.94921875,0
2026-08-24 12:42:00+05:30,24179.849609375,24183.30078125,24175.650390625,24176.05078125,0
2026-08-24 12:43:00+05:30,24176.44921875,24178.69921875,24175.650390625,24176.900390625,0
2026-08-24 12:44:00+05:30,24176.94921875,24182.80078125,24176.94921875,24180.0,0
2026-08-24 12:45:00+05:30,24180.099609375,24183.69921875,24180.05078125,24180.69921875,0
2026-08-24 12:46:00+05:30,24181.150390625,24186.099609375,24179.599609375,24183.19921875,0
2026-08-24 12:47:00+05:30,24183.0,24185.25,24179.900390625,24181.150390625,0
2026-08-24 12:48:00+05:30,24181.25,24185.599609375,24179.69921875,24183.349609375,0
2026-08-24 12:49:00+05:30,24183.19921875,24189.099609375,24182.849609375,24185.25,0
2026-08-24 12:50:00+05:30,24185.099609375,24188.0,24181.80078125,24183.599609375,0
2026-08-24 12:51:00+05:30,24183.19921875,24186.44921875,24182.30078125,24184.25,0
2026-08-24 12:52:00+05:30,24185.099609375,24187.650390625,24181.80078125,24183.25,0
2026-08-24 12:53:00+05:30,24182.94921875,24185.849609375,24180.0,24180.0,0
2026-08-24 12:54:00+05:30,24180.650390625,24184.5,24180.099609375,24183.349609375,0
2026-08-24 12:55:00+05:30,24182.849609375,24188.5,24182.099609375,24187.349609375,0
2026-08-24 12:56:00+05:30,24187.69921875,24190.400390625,24185.25,24186.150390625,0
2026-08-24 12:57:00+05:30,24185.55078125,24189.099609375,24183.80078125,24185.55078125,0
2026-08-24 12:58:00+05:30,24185.44921875,24186.55078125,24182.599609375,24183.5,0
2026-08-24 12:59:00+05:30,24183.400390625,24185.650390625,24179.0,24181.849609375,0
2026-08-24 13:00:00+05:30,24180.94921875,24182.849609375,24177.69921875,24180.400390625,0
2026-08-24 13:01:00+05:30,24180.650390625,24182.55078125,24178.80078125,24180.44921875,0
2026-08-24 13:02:00+05:30,24180.05078125,24182.19921875,24171.55078125,24174.5,0
2026-08-24 13:03:00+05:30,24174.599609375,24177.0,24165.849609375,24166.400390625,0
2026-08-24 13:04:00+05:30,24166.25,24173.150390625,24165.19921875,24170.0,0
2026-08-24 13:05:00+05:30,24169.849609375,24173.150390625,24158.099609375,24158.099609375,0
2026-08-24 13:06:00+05:30,24158.599609375,24160.94921875,24154.44921875,24157.150390625,0
2026-08-24 13:07:00+05:30,24157.44921875,24158.25,24153.349609375,24156.44921875,0
2026-08-24 13:08:00+05:30,24156.349609375,24160.599609375,24155.650390625,24158.94921875,0
2026-08-24 13:09:00+05:30,24158.349609375,24164.69921875,24157.80078125,24159.80078125,0
2026-08-24 13:10:00+05:30,24159.599609375,24163.25,24158.75,24159.099609375,0
2026-08-24 13:11:00+05:30,24159.5,24163.69921875,24158.5,24161.44921875,0
2026-08-24 13:12:00+05:30,24161.55078125,24166.69921875,24160.55078125,24165.05078125,0
2026-08-24 13:13:00+05:30,24164.94921875,24169.05078125,24164.150390625,24165.80078125,0
2026-08-24 13:14:00+05:30,24165.69921875,24168.05078125,24164.349609375,24166.400390625,0
2026-08-24 13:15:00+05:30,24166.150390625,24167.69921875,24161.75,24162.849609375,0
2026-08-24 13:16:00+05:30,24162.400390625,24167.05078125,24162.099609375,24164.69921875,0
2026-08-24 13:17:00+05:30,24164.30078125,24169.05078125,24163.55078125,24168.5,0
2026-08-24 13:18:00+05:30,24168.55078125,24170.349609375,24167.25,24167.25,0
2026-08-24 13:19:00+05:30,24167.69921875,24174.55078125,24167.30078125,24173.599609375,0
2026-08-24 13:20:00+05:30,24173.349609375,24175.849609375,24172.30078125,24173.94921875,0
2026-08-24 13:21:00+05:30,24173.69921875,24176.900390625,24173.099609375,24175.849609375,0
2026-08-24 13:22:00+05:30,24175.650390625,24176.05078125,24173.099609375,24174.650390625,0
2026-08-24 13:23:00+05:30,24174.5,24177.349609375,24173.150390625,24173.150390625,0
2026-08-24 13:24:00+05:30,24173.400390625,24178.400390625,24173.05078125,24175.650390625,0
2026-08-24 13:25:00+05:30,24175.80078125,24177.400390625,24173.25,24174.150390625,0
2026-08-24 13:26:00+05:30,24174.099609375,24178.94921875,24173.5,24178.099609375,0
2026-08-24 13:27:00+05:30,24178.150390625,24181.650390625,24176.0,24178.19921875,0
2026-08-24 13:28:00+05:30,24178.599609375,24181.75,24177.099609375,24178.80078125,0
2026-08-24 13:29:00+05:30,24178.849609375,24181.849609375,24178.19921875,24178.75,0
2026-08-24 13:30:00+05:30,24178.75,24181.05078125,24177.599609375,24179.099609375,0
2026-08-24 13:31:00+05:30,24179.44921875,24180.849609375,24172.44921875,24173.55078125,0
2026-08-24 13:32:00+05:30,24173.69921875,24175.400390625,24167.44921875,24167.650390625,0
2026-08-24 13:33:00+05:30,24167.75,24169.150390625,24164.44921875,24164.44921875,0
2026-08-24 13:34:00+05:30,24165.05078125,24167.599609375,24163.44921875,24165.44921875,0
2026-08-24 13:35:00+05:30,24165.19921875,24169.0,24164.80078125,24165.44921875,0
2026-08-24 13:36:00+05:30,24165.900390625,24168.44921875,24163.650390625,24163.80078125,0
2026-08-24 13:37:00+05:30,24164.44921875,24171.349609375,24162.650390625,24168.80078125,0
2026-08-24 13:38:00+05:30,24168.599609375,24173.80078125,24168.0,24170.099609375,0
2026-08-24 13:39:00+05:30,24170.30078125,24173.0,24168.44921875,24169.69921875,0
2026-08-24 13:40:00+05:30,24169.5,24170.94921875,24168.150390625,24170.150390625,0
2026-08-24 13:41:00+05:30,24169.75,24174.150390625,24169.75,24171.80078125,0
2026-08-24 13:42:00+05:30,24171.44921875,24173.900390625,24169.25,24169.94921875,0
2026-08-24 13:43:00+05:30,24170.44921875,24172.150390625,24166.400390625,24167.099609375,0
2026-08-24 13:44:00+05:30,24167.25,24169.44921875,24166.30078125,24167.599609375,0
2026-08-24 13:45:00+05:30,24167.05078125,24169.150390625,24165.150390625,24167.19921875,0
2026-08-24 13:46:00+05:30,24167.19921875,24172.400390625,24167.19921875,24168.599609375,0
2026-08-24 13:47:00+05:30,24168.400390625,24170.349609375,24166.150390625,24167.55078125,0
2026-08-24 13:48:00+05:30,24167.349609375,24168.400390625,24162.25,24162.650390625,0
2026-08-24 13:49:00+05:30,24163.25,24167.599609375,24162.80078125,24166.55078125,0
2026-08-24 13:50:00+05:30,24166.900390625,24170.150390625,24165.75,24168.75,0
2026-08-24 13:51:00+05:30,24169.05078125,24171.75,24167.19921875,24167.44921875,0
2026-08-24 13:52:00+05:30,24167.849609375,24172.80078125,24165.44921875,24165.80078125,0
2026-08-24 13:53:00+05:30,24165.75,24166.25,24162.5,24162.900390625,0
2026-08-24 13:54:00+05:30,24164.150390625,24166.099609375,24160.30078125,24160.599609375,0
2026-08-24 13:55:00+05:30,24160.900390625,24162.599609375,24159.30078125,24160.25,0
2026-08-24 13:56:00+05:30,24160.349609375,24163.400390625,24157.849609375,24157.900390625,0
2026-08-24 13:57:00+05:30,24157.75,24161.30078125,24157.400390625,24161.0,0
2026-08-24 13:58:00+05:30,24162.05078125,24164.30078125,24159.55078125,24161.349609375,0
2026-08-24 13:59:00+05:30,24161.849609375,24163.599609375,24157.55078125,24158.5,0
2026-08-24 14:00:00+05:30,24158.55078125,24161.44921875,24154.69921875,24157.849609375,0
2026-08-24 14:01:00+05:30,24157.94921875,24166.599609375,24157.94921875,24165.69921875,0
2026-08-24 14:02:00+05:30,24165.349609375,24169.0,24161.400390625,24165.0,0
2026-08-24 14:03:00+05:30,24164.849609375,24167.30078125,24158.30078125,24159.849609375,0
2026-08-24 14:04:00+05:30,24160.849609375,24164.849609375,24157.900390625,24160.150390625,0
2026-08-24 14:05:00+05:30,24160.150390625,24166.150390625,24157.69921875,24163.30078125,0
2026-08-24 14:06:00+05:30,24163.19921875,24165.75,24157.599609375,24161.349609375,0
2026-08-24 14:07:00+05:30,24161.400390625,24163.849609375,24157.650390625,24160.849609375,0
2026-08-24 14:08:00+05:30,24161.099609375,24162.94921875,24156.44921875,24160.150390625,0
2026-08-24 14:09:00+05:30,24160.19921875,24163.19921875,24155.75,24162.0,0
2026-08-24 14:10:00+05:30,24162.599609375,24164.650390625,24156.30078125,24160.69921875,0
2026-08-24 14:11:00+05:30,24160.69921875,24162.349609375,24154.30078125,24156.099609375,0
2026-08-24 14:12:00+05:30,24155.900390625,24158.650390625,24149.75,24151.650390625,0
2026-08-24 14:13:00+05:30,24152.349609375,24156.19921875,24149.349609375,24154.400390625,0
2026-08-24 14:14:00+05:30,24154.30078125,24155.75,24148.30078125,24150.400390625,0
2026-08-24 14:15:00+05:30,24151.099609375,24152.349609375,24144.44921875,24148.849609375,0
2026-08-24 14:16:00+05:30,24149.25,24153.599609375,24144.5,24147.849609375,0
2026-08-24 14:17:00+05:30,24146.94921875,24156.44921875,24146.94921875,24153.349609375,0
2026-08-24 14:18:00+05:30,24153.0,24157.849609375,24148.599609375,24153.900390625,0
2026-08-24 14:19:00+05:30,24154.0,24157.150390625,24149.80078125,24154.19921875,0
2026-08-24 14:20:00+05:30,24154.150390625,24158.69921875,24150.5,24152.5,0
2026-08-24 14:21:00+05:30,24152.69921875,24159.650390625,24152.349609375,24158.400390625,0
2026-08-24 14:22:00+05:30,24159.099609375,24160.25,24153.400390625,24158.80078125,0
2026-08-24 14:23:00+05:30,24158.5,24159.80078125,24151.05078125,24154.25,0
2026-08-24 14:24:00+05:30,24153.900390625,24157.099609375,24145.80078125,24149.099609375,0
2026-08-24 14:25:00+05:30,24149.150390625,24157.349609375,24149.05078125,24156.5,0
2026-08-24 14:26:00+05:30,24156.94921875,24159.94921875,24153.30078125,24157.75,0
2026-08-24 14:27:00+05:30,24158.0,24164.05078125,24154.05078125,24161.599609375,0
2026-08-24 14:28:00+05:30,24161.55078125,24165.650390625,24158.349609375,24162.5,0
2026-08-24 14:29:00+05:30,24162.55078125,24166.75,24158.69921875,24160.80078125,0
2026-08-24 14:30:00+05:30,24161.05078125,24173.099609375,24158.349609375,24170.400390625,0
2026-08-24 14:31:00+05:30,24171.0,24179.69921875,24170.19921875,24173.80078125,0
2026-08-24 14:32:00+05:30,24172.5,24178.0,24167.30078125,24171.0,0
2026-08-24 14:33:00+05:30,24166.44921875,24174.900390625,24166.19921875,24171.44921875,0
2026-08-24 14:34:00+05:30,24171.349609375,24175.75,24170.19921875,24174.44921875,0
2026-08-24 14:35:00+05:30,24175.0,24175.900390625,24167.650390625,24171.80078125,0
2026-08-24 14:36:00+05:30,24171.44921875,24180.900390625,24168.900390625,24174.0,0
2026-08-24 14:37:00+05:30,24171.80078125,24178.25,24171.80078125,24176.44921875,0
2026-08-24 14:38:00+05:30,24176.25,24178.099609375,24172.30078125,24172.75,0
2026-08-24 14:39:00+05:30,24172.94921875,24174.900390625,24167.75,24170.80078125,0
2026-08-24 14:40:00+05:30,24171.849609375,24172.80078125,24161.44921875,24165.900390625,0
2026-08-24 14:41:00+05:30,24161.94921875,24171.55078125,24161.94921875,24167.44921875,0
2026-08-24 14:42:00+05:30,24167.44921875,24169.55078125,24159.599609375,24162.849609375,0
2026-08-24 14:43:00+05:30,24162.150390625,24169.099609375,24160.30078125,24166.80078125,0
2026-08-24 14:44:00+05:30,24166.849609375,24174.05078125,24166.849609375,24169.05078125,0
2026-08-24 14:45:00+05:30,24165.25,24170.099609375,24163.650390625,24165.55078125,0
2026-08-24 14:46:00+05:30,24166.05078125,24168.349609375,24158.94921875,24161.25,0
2026-08-24 14:47:00+05:30,24161.849609375,24164.05078125,24159.099609375,24161.25,0
2026-08-24 14:48:00+05:30,24161.349609375,24168.150390625,24158.0,24166.94921875,0
2026-08-24 14:49:00+05:30,24164.69921875,24168.25,24160.849609375,24163.55078125,0
2026-08-24 14:50:00+05:30,24163.75,24165.849609375,24159.25,24161.900390625,0
2026-08-24 14:51:00+05:30,24162.400390625,24166.349609375,24159.80078125,24164.25,0
2026-08-24 14:52:00+05:30,24165.44921875,24171.0,24163.849609375,24166.650390625,0
2026-08-24 14:53:00+05:30,24163.19921875,24168.55078125,24163.19921875,24166.849609375,0
2026-08-24 14:54:00+05:30,24166.849609375,24171.55078125,24164.05078125,24170.5,0
2026-08-24 14:55:00+05:30,24170.599609375,24174.5,24170.599609375,24174.099609375,0
2026-08-24 14:56:00+05:30,24172.099609375,24175.0,24170.099609375,24171.94921875,0
2026-08-24 14:57:00+05:30,24171.650390625,24173.650390625,24170.5,24171.650390625,0
2026-08-24 14:58:00+05:30,24172.19921875,24173.05078125,24169.349609375,24171.599609375,0
2026-08-24 14:59:00+05:30,24171.900390625,24174.80078125,24171.400390625,24172.69921875,0
2026-08-24 15:00:00+05:30,24172.44921875,24177.05078125,24171.5,24172.25,0
2026-08-24 15:01:00+05:30,24172.44921875,24178.150390625,24171.900390625,24173.0,0
2026-08-24 15:02:00+05:30,24173.150390625,24178.25,24172.849609375,24177.44921875,0
2026-08-24 15:03:00+05:30,24175.650390625,24180.05078125,24175.150390625,24175.44921875,0
2026-08-24 15:04:00+05:30,24176.0,24177.55078125,24172.150390625,24172.75,0
2026-08-24 15:05:00+05:30,24173.30078125,24173.69921875,24166.69921875,24167.75,0
2026-08-24 15:06:00+05:30,24164.30078125,24169.69921875,24161.94921875,24163.650390625,0
2026-08-24 15:07:00+05:30,24165.099609375,24169.69921875,24163.30078125,24168.900390625,0
2026-08-24 15:08:00+05:30,24175.650390625,24176.25,24168.0,24175.75,0
2026-08-24 15:09:00+05:30,24175.30078125,24177.0,24169.25,24173.650390625,0
2026-08-24 15:10:00+05:30,24174.5,24176.849609375,24172.94921875,24173.94921875,0
2026-08-24 15:11:00+05:30,24179.05078125,24180.19921875,24173.900390625,24178.75,0
2026-08-24 15:12:00+05:30,24179.349609375,24183.0,24169.599609375,24176.44921875,0
2026-08-24 15:13:00+05:30,24177.150390625,24180.400390625,24175.349609375,24177.69921875,0
2026-08-24 15:14:00+05:30,24178.5,24185.650390625,24173.900390625,24182.150390625,0
2026-08-24 15:15:00+05:30,24182.80078125,24182.80078125,24182.80078125,24182.80078125,0
2026-08-24 15:16:00+05:30,24182.80078125,24182.80078125,24182.80078125,24182.80078125,0
2026-08-24 15:17:00+05:30,24182.80078125,24182.80078125,24182.80078125,24182.80078125,0
2026-08-24 15:18:00+05:30,24182.80078125,24182.80078125,24182.80078125,24182.80078125,0
2026-08-24 15:19:00+05:30,24182.80078125,24182.80078125,24182.80078125,24182.80078125,0
2026-08-24 15:20:00+05:30,24182.80078125,24182.80078125,24182.80078125,24182.80078125,0
2026-08-24 15:21:00+05:30,24182.80078125,24182.80078125,24182.80078125,24182.80078125,0
2026-08-24 15:22:00+05:30,24182.80078125,24182.80078125,24182.80078125,24182.80078125,0
2026-08-24 15:23:00+05:30,24182.80078125,24182.80078125,24182.80078125,24182.80078125,0
2026-08-24 15:24:00+05:30,24182.80078125,24182.80078125,24182.80078125,24182.80078125,0
2026-08-24 15:25:00+05:30,24182.80078125,24182.80078125,24182.80078125,24182.80078125,0
2026-08-24 15:26:00+05:30,24182.80078125,24182.80078125,24182.80078125,24182.80078125,0
2026-08-24 15:27:00+05:30,24182.80078125,24182.80078125,24182.80078125,24182.80078125,0
2026-08-24 15:28:00+05:30,24182.80078125,24182.80078125,24182.80078125,24182.80078125,0
2026-08-24 15:29:00+05:30,24182.80078125,24219.05078125,24182.80078125,24219.05078125,0
2026-08-25 09:15:00+05:30,24184.44921875,24184.44921875,24136.099609375,24144.349609375,0
2026-08-25 09:16:00+05:30,24147.44921875,24147.44921875,24129.150390625,24138.900390625,0
2026-08-25 09:17:00+05:30,24140.400390625,24155.599609375,24138.94921875,24153.349609375,0
2026-08-25 09:18:00+05:30,24155.55078125,24172.5,24153.94921875,24172.349609375,0
2026-08-25 09:19:00+05:30,24174.400390625,24185.69921875,24167.099609375,24184.05078125,0
2026-08-25 09:20:00+05:30,24185.5,24190.30078125,24180.150390625,24188.0,0
2026-08-25 09:21:00+05:30,24190.400390625,24198.099609375,24187.80078125,24193.0,0
2026-08-25 09:22:00+05:30,24194.349609375,24194.349609375,24180.25,24181.650390625,0
2026-08-25 09:23:00+05:30,24182.849609375,24186.650390625,24173.69921875,24183.69921875,0
2026-08-25 09:24:00+05:30,24186.69921875,24187.099609375,24175.05078125,24175.05078125,0
2026-08-25 09:25:00+05:30,24176.05078125,24178.099609375,24170.80078125,24175.599609375,0
2026-08-25 09:26:00+05:30,24176.849609375,24183.25,24172.75,24178.05078125,0
2026-08-25 09:27:00+05:30,24180.55078125,24189.30078125,24178.599609375,24188.30078125,0
2026-08-25 09:28:00+05:30,24189.849609375,24189.849609375,24182.05078125,24182.849609375,0
2026-08-25 09:29:00+05:30,24184.69921875,24185.400390625,24178.30078125,24181.5,0
2026-08-25 09:30:00+05:30,24182.19921875,24187.349609375,24179.19921875,24183.19921875,0
2026-08-25 09:31:00+05:30,24185.94921875,24191.94921875,24183.94921875,24191.44921875,0
2026-08-25 09:32:00+05:30,24192.150390625,24194.349609375,24188.5,24190.349609375,0
2026-08-25 09:33:00+05:30,24191.25,24192.849609375,24188.55078125,24190.650390625,0
2026-08-25 09:34:00+05:30,24192.19921875,24197.75,24190.05078125,24190.900390625,0
2026-08-25 09:35:00+05:30,24192.80078125,24195.19921875,24187.650390625,24188.0,0
2026-08-25 09:36:00+05:30,24190.650390625,24190.650390625,24184.05078125,24184.5,0
2026-08-25 09:37:00+05:30,24186.900390625,24186.900390625,24176.30078125,24177.650390625,0
2026-08-25 09:38:00+05:30,24180.19921875,24182.30078125,24173.69921875,24174.849609375,0
2026-08-25 09:39:00+05:30,24175.75,24176.599609375,24169.150390625,24172.80078125,0
2026-08-25 09:40:00+05:30,24175.44921875,24175.44921875,24168.30078125,24169.25,0
2026-08-25 09:41:00+05:30,24170.900390625,24170.900390625,24162.599609375,24162.75,0
2026-08-25 09:42:00+05:30,24164.75,24165.0,24160.94921875,24162.900390625,0
2026-08-25 09:43:00+05:30,24164.599609375,24166.349609375,24158.150390625,24158.599609375,0
2026-08-25 09:44:00+05:30,24160.75,24160.75,24153.0,24155.150390625,0
2026-08-25 09:45:00+05:30,24156.900390625,24156.900390625,24149.44921875,24153.19921875,0
2026-08-25 09:46:00+05:30,24154.900390625,24160.19921875,24151.599609375,24159.849609375,0
2026-08-25 09:47:00+05:30,24161.25,24166.099609375,24159.0,24163.5,0
2026-08-25 09:48:00+05:30,24165.650390625,24165.650390625,24153.900390625,24154.19921875,0
2026-08-25 09:49:00+05:30,24156.55078125,24156.55078125,24151.349609375,24154.150390625,0
2026-08-25 09:50:00+05:30,24156.099609375,24159.30078125,24152.849609375,24153.30078125,0
2026-08-25 09:51:00+05:30,24155.25,24156.30078125,24150.05078125,24150.099609375,0
2026-08-25 09:52:00+05:30,24152.599609375,24152.599609375,24137.150390625,24137.150390625,0
2026-08-25 09:53:00+05:30,24139.599609375,24140.849609375,24133.80078125,24135.19921875,0
2026-08-25 09:54:00+05:30,24137.599609375,24140.75,24133.849609375,24138.099609375,0
2026-08-25 09:55:00+05:30,24141.0,24141.0,24136.0,24137.55078125,0
2026-08-25 09:56:00+05:30,24140.55078125,24143.75,24137.849609375,24143.150390625,0
2026-08-25 09:57:00+05:30,24144.05078125,24150.099609375,24143.55078125,24146.849609375,0
2026-08-25 09:58:00+05:30,24148.44921875,24148.849609375,24140.650390625,24142.099609375,0
2026-08-25 09:59:00+05:30,24144.44921875,24145.80078125,24138.099609375,24138.849609375,0
2026-08-25 10:00:00+05:30,24141.94921875,24142.69921875,24137.5,24139.94921875,0
2026-08-25 10:01:00+05:30,24142.75,24143.400390625,24134.650390625,24134.80078125,0
2026-08-25 10:02:00+05:30,24137.5,24137.5,24130.349609375,24134.05078125,0
2026-08-25 10:03:00+05:30,24136.150390625,24139.650390625,24134.400390625,24138.5,0
2026-08-25 10:04:00+05:30,24140.75,24144.900390625,24137.55078125,24143.900390625,0
2026-08-25 10:05:00+05:30,24145.150390625,24149.5,24143.0,24146.900390625,0
2026-08-25 10:06:00+05:30,24148.599609375,24149.349609375,24144.400390625,24144.400390625,0
2026-08-25 10:07:00+05:30,24147.349609375,24147.349609375,24138.94921875,24138.94921875,0
2026-08-25 10:08:00+05:30,24141.400390625,24142.0,24136.849609375,24137.80078125,0
2026-08-25 10:09:00+05:30,24139.55078125,24139.55078125,24134.599609375,24135.05078125,0
2026-08-25 10:10:00+05:30,24136.05078125,24142.900390625,24135.349609375,24141.349609375,0
2026-08-25 10:11:00+05:30,24142.150390625,24145.55078125,24140.900390625,24142.0,0
2026-08-25 10:12:00+05:30,24144.599609375,24144.599609375,24138.75,24139.400390625,0
2026-08-25 10:13:00+05:30,24138.55078125,24142.0,24137.25,24138.400390625,0
2026-08-25 10:14:00+05:30,24140.099609375,24141.650390625,24137.400390625,24141.19921875,0
2026-08-25 10:15:00+05:30,24141.94921875,24141.94921875,24137.80078125,24138.80078125,0
2026-08-25 10:16:00+05:30,24141.44921875,24142.69921875,24136.80078125,24138.55078125,0
2026-08-25 10:17:00+05:30,24139.69921875,24139.69921875,24133.849609375,24137.099609375,0
2026-08-25 10:18:00+05:30,24137.69921875,24138.75,24132.05078125,24138.150390625,0
2026-08-25 10:19:00+05:30,24138.69921875,24138.69921875,24129.69921875,24134.099609375,0
2026-08-25 10:20:00+05:30,24136.650390625,24136.650390625,24128.400390625,24131.05078125,0
2026-08-25 10:21:00+05:30,24132.44921875,24134.30078125,24128.55078125,24130.5,0
2026-08-25 10:22:00+05:30,24132.05078125,24132.05078125,24125.69921875,24126.30078125,0
2026-08-25 10:23:00+05:30,24127.80078125,24128.599609375,24119.849609375,24119.849609375,0
2026-08-25 10:24:00+05:30,24122.5,24124.849609375,24119.5,24120.5,0
2026-08-25 10:25:00+05:30,24122.30078125,24122.900390625,24118.30078125,24120.650390625,0
2026-08-25 10:26:00+05:30,24121.849609375,24121.849609375,24115.55078125,24119.099609375,0
2026-08-25 10:27:00+05:30,24120.900390625,24126.44921875,24119.150390625,24121.349609375,0
2026-08-25 10:28:00+05:30,24124.650390625,24127.94921875,24119.25,24127.30078125,0
2026-08-25 10:29:00+05:30,24129.05078125,24129.05078125,24124.19921875,24126.349609375,0
2026-08-25 10:30:00+05:30,24128.30078125,24130.55078125,24123.55078125,24125.900390625,0
2026-08-25 10:31:00+05:30,24128.150390625,24130.69921875,24125.150390625,24129.099609375,0
2026-08-25 10:32:00+05:30,24130.349609375,24131.099609375,24126.80078125,24128.30078125,0
2026-08-25 10:33:00+05:30,24130.19921875,24135.150390625,24128.30078125,24134.30078125,0
2026-08-25 10:34:00+05:30,24136.19921875,24137.150390625,24128.650390625,24129.75,0
2026-08-25 10:35:00+05:30,24132.349609375,24132.55078125,24128.19921875,24131.69921875,0
2026-08-25 10:36:00+05:30,24134.19921875,24134.19921875,24130.55078125,24131.849609375,0
2026-08-25 10:37:00+05:30,24132.94921875,24132.94921875,24129.150390625,24130.599609375,0
2026-08-25 10:38:00+05:30,24132.849609375,24132.849609375,24126.75,24127.94921875,0
2026-08-25 10:39:00+05:30,24129.69921875,24133.44921875,24127.849609375,24131.650390625,0
2026-08-25 10:40:00+05:30,24133.19921875,24133.19921875,24127.19921875,24127.849609375,0
2026-08-25 10:41:00+05:30,24129.69921875,24130.55078125,24125.849609375,24128.55078125,0
2026-08-25 10:42:00+05:30,24130.55078125,24133.69921875,24127.75,24130.19921875,0
2026-08-25 10:43:00+05:30,24133.94921875,24138.19921875,24129.69921875,24136.349609375,0
2026-08-25 10:44:00+05:30,24139.150390625,24140.44921875,24134.099609375,24135.94921875,0
2026-08-25 10:45:00+05:30,24140.05078125,24141.05078125,24135.69921875,24138.099609375,0
2026-08-25 10:46:00+05:30,24140.44921875,24145.30078125,24137.099609375,24141.0,0
2026-08-25 10:47:00+05:30,24145.150390625,24149.349609375,24141.900390625,24148.30078125,0
2026-08-25 10:48:00+05:30,24151.25,24154.099609375,24148.0,24152.55078125,0
2026-08-25 10:49:00+05:30,24154.44921875,24157.400390625,24151.900390625,24154.5,0
2026-08-25 10:50:00+05:30,24157.599609375,24160.55078125,24154.30078125,24157.599609375,0
2026-08-25 10:51:00+05:30,24159.599609375,24164.900390625,24156.849609375,24163.5,0
2026-08-25 10:52:00+05:30,24165.19921875,24165.44921875,24159.75,24162.5,0
2026-08-25 10:53:00+05:30,24165.25,24166.900390625,24159.400390625,24160.44921875,0
2026-08-25 10:54:00+05:30,24161.80078125,24161.80078125,24152.19921875,24155.400390625,0
2026-08-25 10:55:00+05:30,24158.099609375,24160.44921875,24153.400390625,24157.25,0
2026-08-25 10:56:00+05:30,24160.75,24161.80078125,24147.25,24148.599609375,0
2026-08-25 10:57:00+05:30,24150.099609375,24150.75,24145.69921875,24147.900390625,0
2026-08-25 10:58:00+05:30,24149.900390625,24149.900390625,24143.349609375,24145.19921875,0
2026-08-25 10:59:00+05:30,24147.05078125,24147.69921875,24141.900390625,24142.69921875,0
2026-08-25 11:00:00+05:30,24144.55078125,24149.25,24142.55078125,24145.94921875,0
2026-08-25 11:01:00+05:30,24146.94921875,24147.849609375,24142.30078125,24143.5,0
2026-08-25 11:02:00+05:30,24145.25,24145.5,24139.19921875,24141.400390625,0
2026-08-25 11:03:00+05:30,24142.75,24144.099609375,24138.5,24140.0,0
2026-08-25 11:04:00+05:30,24141.44921875,24142.0,24137.19921875,24139.80078125,0
2026-08-25 11:05:00+05:30,24141.900390625,24142.05078125,24137.94921875,24139.099609375,0
2026-08-25 11:06:00+05:30,24140.69921875,24141.69921875,24136.849609375,24141.55078125,0
2026-08-25 11:07:00+05:30,24143.25,24147.80078125,24141.650390625,24144.94921875,0
2026-08-25 11:08:00+05:30,24146.900390625,24146.900390625,24141.5,24144.400390625,0
2026-08-25 11:09:00+05:30,24145.0,24145.5,24139.849609375,24140.650390625,0
2026-08-25 11:10:00+05:30,24144.25,24145.849609375,24139.650390625,24142.0,0
2026-08-25 11:11:00+05:30,24144.0,24144.5,24138.44921875,24138.900390625,0
2026-08-25 11:12:00+05:30,24139.69921875,24139.69921875,24133.900390625,24136.900390625,0
2026-08-25 11:13:00+05:30,24138.5,24139.0,24133.44921875,24138.400390625,0
2026-08-25 11:14:00+05:30,24140.80078125,24147.650390625,24139.19921875,24147.55078125,0
2026-08-25 11:15:00+05:30,24147.75,24150.150390625,24144.150390625,24146.44921875,0
2026-08-25 11:16:00+05:30,24148.75,24151.25,24145.05078125,24146.44921875,0
2026-08-25 11:17:00+05:30,24148.349609375,24148.349609375,24141.75,24143.69921875,0
2026-08-25 11:18:00+05:30,24145.44921875,24148.94921875,24142.80078125,24146.0,0
2026-08-25 11:19:00+05:30,24148.849609375,24148.900390625,24141.849609375,24146.19921875,0
2026-08-25 11:20:00+05:30,24147.900390625,24149.44921875,24143.400390625,24149.25,0
2026-08-25 11:21:00+05:30,24149.900390625,24154.849609375,24146.55078125,24154.5,0
2026-08-25 11:22:00+05:30,24153.94921875,24157.5,24151.25,24155.25,0
2026-08-25 11:23:00+05:30,24157.0,24157.0,24150.400390625,24151.69921875,0
2026-08-25 11:24:00+05:30,24153.5,24155.5,24148.349609375,24150.75,0
2026-08-25 11:25:00+05:30,24154.5,24156.400390625,24150.30078125,24152.80078125,0
2026-08-25 11:26:00+05:30,24154.400390625,24155.44921875,24149.849609375,24153.400390625,0
2026-08-25 11:27:00+05:30,24155.150390625,24155.150390625,24145.25,24148.55078125,0
2026-08-25 11:28:00+05:30,24150.599609375,24152.44921875,24146.75,24149.30078125,0
2026-08-25 11:29:00+05:30,24150.150390625,24151.44921875,24145.400390625,24149.19921875,0
2026-08-25 11:30:00+05:30,24150.900390625,24151.25,24146.599609375,24150.5,0
2026-08-25 11:31:00+05:30,24152.5,24153.900390625,24149.30078125,24151.599609375,0
2026-08-25 11:32:00+05:30,24153.05078125,24153.099609375,24148.75,24151.5,0
2026-08-25 11:33:00+05:30,24152.650390625,24157.650390625,24151.05078125,24154.0,0
2026-08-25 11:34:00+05:30,24156.400390625,24156.400390625,24150.400390625,24151.099609375,0
2026-08-25 11:35:00+05:30,24151.30078125,24151.5,24144.849609375,24145.44921875,0
2026-08-25 11:36:00+05:30,24147.05078125,24147.05078125,24142.44921875,24142.44921875,0
2026-08-25 11:37:00+05:30,24144.80078125,24145.5,24140.349609375,24144.55078125,0
2026-08-25 11:38:00+05:30,24145.900390625,24148.599609375,24141.900390625,24145.150390625,0
2026-08-25 11:39:00+05:30,24148.94921875,24154.900390625,24145.44921875,24152.94921875,0
2026-08-25 11:40:00+05:30,24154.80078125,24154.80078125,24149.599609375,24151.0,0
2026-08-25 11:41:00+05:30,24153.0,24153.0,24149.55078125,24151.30078125,0
2026-08-25 11:42:00+05:30,24153.55078125,24154.150390625,24149.5,24151.25,0
2026-08-25 11:43:00+05:30,24152.80078125,24155.349609375,24149.0,24152.05078125,0
2026-08-25 11:44:00+05:30,24153.25,24154.0,24148.900390625,24152.05078125,0
2026-08-25 11:45:00+05:30,24154.55078125,24155.5,24147.5,24149.349609375,0
2026-08-25 11:46:00+05:30,24150.650390625,24151.94921875,24141.69921875,24143.05078125,0
2026-08-25 11:47:00+05:30,24146.44921875,24147.849609375,24141.150390625,24143.44921875,0
2026-08-25 11:48:00+05:30,24145.099609375,24145.44921875,24138.900390625,24141.05078125,0
2026-08-25 11:49:00+05:30,24143.150390625,24146.30078125,24139.75,24146.30078125,0
2026-08-25 11:50:00+05:30,24146.900390625,24146.900390625,24139.75,24141.30078125,0
2026-08-25 11:51:00+05:30,24145.19921875,24148.94921875,24139.900390625,24148.849609375,0
2026-08-25 11:52:00+05:30,24150.25,24155.55078125,24148.400390625,24151.349609375,0
2026-08-25 11:53:00+05:30,24154.0,24160.94921875,24151.150390625,24160.349609375,0
2026-08-25 11:54:00+05:30,24161.5,24163.75,24158.599609375,24163.150390625,0
2026-08-25 11:55:00+05:30,24163.75,24185.55078125,24161.0,24184.30078125,0
2026-08-25 11:56:00+05:30,24185.650390625,24185.650390625,24175.25,24181.349609375,0
2026-08-25 11:57:00+05:30,24185.099609375,24185.099609375,24178.0,24179.80078125,0
2026-08-25 11:58:00+05:30,24181.900390625,24189.400390625,24181.05078125,24188.400390625,0
2026-08-25 11:59:00+05:30,24188.150390625,24189.94921875,24177.599609375,24178.30078125,0
2026-08-25 12:00:00+05:30,24180.44921875,24180.650390625,24169.05078125,24169.25,0
2026-08-25 12:01:00+05:30,24172.599609375,24172.599609375,24163.94921875,24166.94921875,0
2026-08-25 12:02:00+05:30,24169.0,24173.80078125,24163.80078125,24172.599609375,0
2026-08-25 12:03:00+05:30,24174.650390625,24179.94921875,24169.80078125,24178.650390625,0
2026-08-25 12:04:00+05:30,24180.349609375,24183.80078125,24177.55078125,24179.55078125,0
2026-08-25 12:05:00+05:30,24181.099609375,24181.099609375,24173.44921875,24174.650390625,0
2026-08-25 12:06:00+05:30,24177.5,24181.19921875,24173.0,24177.650390625,0
2026-08-25 12:07:00+05:30,24180.05078125,24182.099609375,24177.400390625,24178.30078125,0
2026-08-25 12:08:00+05:30,24180.650390625,24180.650390625,24172.400390625,24175.099609375,0
2026-08-25 12:09:00+05:30,24176.650390625,24177.69921875,24170.349609375,24170.80078125,0
2026-08-25 12:10:00+05:30,24174.05078125,24174.150390625,24166.44921875,24166.69921875,0
2026-08-25 12:11:00+05:30,24170.25,24171.349609375,24166.25,24169.55078125,0
2026-08-25 12:12:00+05:30,24172.349609375,24176.69921875,24168.400390625,24172.25,0
2026-08-25 12:13:00+05:30,24175.05078125,24175.05078125,24169.69921875,24171.69921875,0
2026-08-25 12:14:00+05:30,24173.55078125,24173.55078125,24170.30078125,24171.599609375,0
2026-08-25 12:15:00+05:30,24174.30078125,24179.150390625,24172.44921875,24176.44921875,0
2026-08-25 12:16:00+05:30,24179.900390625,24181.0,24175.19921875,24176.599609375,0
2026-08-25 12:17:00+05:30,24178.69921875,24178.69921875,24171.849609375,24174.099609375,0
2026-08-25 12:18:00+05:30,24176.400390625,24177.69921875,24172.25,24175.0,0
2026-08-25 12:19:00+05:30,24178.19921875,24178.80078125,24172.349609375,24173.349609375,0
2026-08-25 12:20:00+05:30,24175.5,24180.849609375,24173.650390625,24176.349609375,0
2026-08-25 12:21:00+05:30,24177.25,24177.25,24169.25,24172.150390625,0
2026-08-25 12:22:00+05:30,24175.75,24175.75,24167.400390625,24168.30078125,0
2026-08-25 12:23:00+05:30,24173.19921875,24175.30078125,24169.05078125,24172.05078125,0
2026-08-25 12:24:00+05:30,24174.75,24174.75,24168.44921875,24170.55078125,0
2026-08-25 12:25:00+05:30,24173.55078125,24175.69921875,24169.80078125,24172.69921875,0
2026-08-25 12:26:00+05:30,24176.349609375,24176.349609375,24170.150390625,24171.349609375,0
2026-08-25 12:27:00+05:30,24173.44921875,24173.44921875,24163.80078125,24169.599609375,0
2026-08-25 12:28:00+05:30,24171.30078125,24174.400390625,24168.400390625,24171.599609375,0
2026-08-25 12:29:00+05:30,24174.30078125,24174.30078125,24167.80078125,24169.849609375,0
2026-08-25 12:30:00+05:30,24172.25,24172.25,24161.599609375,24161.75,0
2026-08-25 12:31:00+05:30,24164.0,24171.599609375,24160.55078125,24171.55078125,0
2026-08-25 12:32:00+05:30,24172.55078125,24172.55078125,24166.30078125,24168.099609375,0
2026-08-25 12:33:00+05:30,24170.80078125,24172.900390625,24165.94921875,24172.900390625,0
2026-08-25 12:34:00+05:30,24174.75,24175.25,24170.94921875,24171.349609375,0
2026-08-25 12:35:00+05:30,24174.19921875,24174.19921875,24165.94921875,24170.099609375,0
2026-08-25 12:36:00+05:30,24169.599609375,24172.30078125,24165.849609375,24165.849609375,0
2026-08-25 12:37:00+05:30,24169.5,24170.75,24163.599609375,24170.75,0
2026-08-25 12:38:00+05:30,24172.099609375,24172.94921875,24158.25,24159.900390625,0
2026-08-25 12:39:00+05:30,24162.849609375,24163.44921875,24158.099609375,24162.849609375,0
2026-08-25 12:40:00+05:30,24164.75,24164.849609375,24158.349609375,24162.150390625,0
2026-08-25 12:41:00+05:30,24163.80078125,24163.80078125,24158.099609375,24159.099609375,0
2026-08-25 12:42:00+05:30,24161.55078125,24162.55078125,24156.900390625,24158.5,0
2026-08-25 12:43:00+05:30,24159.900390625,24159.900390625,24150.599609375,24152.900390625,0
2026-08-25 12:44:00+05:30,24155.400390625,24158.75,24152.849609375,24156.30078125,0
2026-08-25 12:45:00+05:30,24157.75,24161.55078125,24154.69921875,24160.19921875,0
2026-08-25 12:46:00+05:30,24162.25,24162.25,24154.0,24155.05078125,0
2026-08-25 12:47:00+05:30,24157.25,24157.25,24149.69921875,24152.25,0
2026-08-25 12:48:00+05:30,24155.30078125,24155.900390625,24152.150390625,24153.0,0
2026-08-25 12:49:00+05:30,24155.30078125,24160.75,24151.849609375,24157.75,0
2026-08-25 12:50:00+05:30,24159.5,24159.5,24150.69921875,24156.349609375,0
2026-08-25 12:51:00+05:30,24158.849609375,24159.400390625,24152.25,24154.5,0
2026-08-25 12:52:00+05:30,24157.75,24160.650390625,24152.44921875,24159.05078125,0
2026-08-25 12:53:00+05:30,24161.150390625,24161.150390625,24156.19921875,24158.19921875,0
2026-08-25 12:54:00+05:30,24159.900390625,24160.05078125,24151.0,24152.150390625,0
2026-08-25 12:55:00+05:30,24156.05078125,24156.05078125,24147.099609375,24152.25,0
2026-08-25 12:56:00+05:30,24155.150390625,24155.5,24151.94921875,24155.44921875,0
2026-08-25 12:57:00+05:30,24156.900390625,24162.400390625,24154.400390625,24156.650390625,0
2026-08-25 12:58:00+05:30,24158.05078125,24158.05078125,24151.150390625,24152.05078125,0
2026-08-25 12:59:00+05:30,24153.80078125,24159.80078125,24151.349609375,24157.05078125,0
2026-08-25 13:00:00+05:30,24157.599609375,24160.849609375,24151.599609375,24153.55078125,0
2026-08-25 13:01:00+05:30,24154.69921875,24154.69921875,24135.19921875,24139.19921875,0
2026-08-25 13:02:00+05:30,24141.650390625,24141.650390625,24136.30078125,24139.349609375,0
2026-08-25 13:03:00+05:30,24142.349609375,24143.75,24139.650390625,24141.19921875,0
2026-08-25 13:04:00+05:30,24143.099609375,24144.30078125,24139.150390625,24144.19921875,0
2026-08-25 13:05:00+05:30,24145.55078125,24145.55078125,24140.25,24142.19921875,0
2026-08-25 13:06:00+05:30,24143.05078125,24143.19921875,24138.0,24139.599609375,0
2026-08-25 13:07:00+05:30,24138.650390625,24140.25,24136.44921875,24138.900390625,0
2026-08-25 13:08:00+05:30,24141.349609375,24144.849609375,24138.80078125,24140.94921875,0
2026-08-25 13:09:00+05:30,24143.25,24143.25,24137.0,24139.55078125,0
2026-08-25 13:10:00+05:30,24141.400390625,24143.150390625,24138.650390625,24142.44921875,0
2026-08-25 13:11:00+05:30,24145.0,24147.05078125,24142.44921875,24145.349609375,0
2026-08-25 13:12:00+05:30,24147.44921875,24147.44921875,24139.30078125,24140.0,0
2026-08-25 13:13:00+05:30,24143.0,24143.0,24133.599609375,24134.099609375,0
2026-08-25 13:14:00+05:30,24136.599609375,24136.650390625,24125.900390625,24129.900390625,0
2026-08-25 13:15:00+05:30,24129.19921875,24133.849609375,24125.0,24131.400390625,0
2026-08-25 13:16:00+05:30,24132.849609375,24135.349609375,24130.150390625,24131.599609375,0
2026-08-25 13:17:00+05:30,24132.5,24137.30078125,24130.900390625,24135.099609375,0
2026-08-25 13:18:00+05:30,24136.099609375,24136.30078125,24131.650390625,24132.150390625,0
2026-08-25 13:19:00+05:30,24134.400390625,24134.400390625,24128.44921875,24129.599609375,0
2026-08-25 13:20:00+05:30,24132.69921875,24132.69921875,24125.19921875,24126.0,0
2026-08-25 13:21:00+05:30,24128.150390625,24131.349609375,24126.80078125,24127.94921875,0
2026-08-25 13:22:00+05:30,24130.650390625,24130.80078125,24126.900390625,24128.349609375,0
2026-08-25 13:23:00+05:30,24129.19921875,24129.900390625,24125.19921875,24126.30078125,0
2026-08-25 13:24:00+05:30,24126.75,24128.599609375,24124.150390625,24125.400390625,0
2026-08-25 13:25:00+05:30,24127.150390625,24128.19921875,24122.25,24124.44921875,0
2026-08-25 13:26:00+05:30,24124.150390625,24127.900390625,24123.099609375,24126.5,0
2026-08-25 13:27:00+05:30,24127.900390625,24129.30078125,24125.80078125,24126.650390625,0
2026-08-25 13:28:00+05:30,24128.25,24130.849609375,24125.44921875,24128.099609375,0
2026-08-25 13:29:00+05:30,24129.19921875,24129.25,24124.69921875,24126.44921875,0
2026-08-25 13:30:00+05:30,24127.94921875,24130.25,24125.05078125,24127.30078125,0
2026-08-25 13:31:00+05:30,24129.400390625,24133.25,24127.349609375,24130.650390625,0
2026-08-25 13:32:00+05:30,24132.30078125,24133.150390625,24129.5,24131.349609375,0
2026-08-25 13:33:00+05:30,24133.05078125,24138.44921875,24129.599609375,24132.44921875,0
2026-08-25 13:34:00+05:30,24133.5,24134.349609375,24130.5,24132.19921875,0
2026-08-25 13:35:00+05:30,24133.900390625,24133.900390625,24127.25,24129.5,0
2026-08-25 13:36:00+05:30,24132.69921875,24136.75,24129.150390625,24134.55078125,0
2026-08-25 13:37:00+05:30,24135.44921875,24137.75,24131.400390625,24132.80078125,0
2026-08-25 13:38:00+05:30,24134.900390625,24135.80078125,24132.650390625,24134.30078125,0
2026-08-25 13:39:00+05:30,24135.55078125,24138.69921875,24134.400390625,24137.599609375,0
2026-08-25 13:40:00+05:30,24138.849609375,24139.849609375,24136.75,24138.599609375,0
2026-08-25 13:41:00+05:30,24140.099609375,24141.150390625,24136.650390625,24139.900390625,0
2026-08-25 13:42:00+05:30,24142.650390625,24144.25,24139.25,24142.900390625,0
2026-08-25 13:43:00+05:30,24145.25,24146.0,24139.099609375,24140.0,0
2026-08-25 13:44:00+05:30,24141.900390625,24142.05078125,24137.650390625,24140.400390625,0
2026-08-25 13:45:00+05:30,24142.349609375,24142.900390625,24138.849609375,24140.0,0
2026-08-25 13:46:00+05:30,24141.849609375,24142.849609375,24136.599609375,24137.30078125,0
2026-08-25 13:47:00+05:30,24139.44921875,24140.44921875,24136.25,24139.19921875,0
2026-08-25 13:48:00+05:30,24139.94921875,24140.05078125,24135.19921875,24137.44921875,0
2026-08-25 13:49:00+05:30,24139.099609375,24139.75,24131.650390625,24133.849609375,0
2026-08-25 13:50:00+05:30,24135.44921875,24136.099609375,24128.94921875,24134.25,0
2026-08-25 13:51:00+05:30,24136.94921875,24144.94921875,24135.400390625,24144.099609375,0
2026-08-25 13:52:00+05:30,24145.69921875,24150.400390625,24144.099609375,24148.150390625,0
2026-08-25 13:53:00+05:30,24150.099609375,24165.5,24146.150390625,24163.94921875,0
2026-08-25 13:54:00+05:30,24166.80078125,24177.30078125,24161.94921875,24177.30078125,0
2026-08-25 13:55:00+05:30,24179.099609375,24179.900390625,24162.5,24163.900390625,0
2026-08-25 13:56:00+05:30,24166.650390625,24167.099609375,24158.19921875,24158.19921875,0
2026-08-25 13:57:00+05:30,24162.94921875,24163.650390625,24155.650390625,24159.0,0
2026-08-25 13:58:00+05:30,24160.80078125,24161.650390625,24154.650390625,24156.75,0
2026-08-25 13:59:00+05:30,24158.349609375,24160.19921875,24155.5,24156.599609375,0
2026-08-25 14:00:00+05:30,24157.30078125,24158.400390625,24150.94921875,24151.05078125,0
2026-08-25 14:01:00+05:30,24152.75,24153.30078125,24145.0,24146.849609375,0
2026-08-25 14:02:00+05:30,24149.19921875,24152.849609375,24147.30078125,24152.05078125,0
2026-08-25 14:03:00+05:30,24153.349609375,24156.69921875,24139.30078125,24142.0,0
2026-08-25 14:04:00+05:30,24144.150390625,24156.94921875,24143.30078125,24156.94921875,0
2026-08-25 14:05:00+05:30,24158.80078125,24159.400390625,24152.650390625,24155.30078125,0
2026-08-25 14:06:00+05:30,24156.30078125,24158.05078125,24154.0,24154.650390625,0
2026-08-25 14:07:00+05:30,24157.19921875,24159.0,24152.0,24154.099609375,0
2026-08-25 14:08:00+05:30,24156.650390625,24157.19921875,24149.150390625,24151.80078125,0
2026-08-25 14:09:00+05:30,24153.69921875,24154.5,24149.80078125,24153.05078125,0
2026-08-25 14:10:00+05:30,24154.099609375,24158.349609375,24152.94921875,24155.80078125,0
2026-08-25 14:11:00+05:30,24157.599609375,24161.599609375,24155.80078125,24159.099609375,0
2026-08-25 14:12:00+05:30,24161.05078125,24161.349609375,24155.400390625,24156.400390625,0
2026-08-25 14:13:00+05:30,24156.150390625,24159.25,24155.05078125,24156.349609375,0
2026-08-25 14:14:00+05:30,24157.650390625,24158.30078125,24151.75,24154.19921875,0
2026-08-25 14:15:00+05:30,24153.94921875,24155.80078125,24150.900390625,24153.55078125,0
2026-08-25 14:16:00+05:30,24155.94921875,24158.5,24153.05078125,24156.650390625,0
2026-08-25 14:17:00+05:30,24158.05078125,24159.099609375,24153.349609375,24154.5,0
2026-08-25 14:18:00+05:30,24157.05078125,24158.5,24154.150390625,24155.75,0
2026-08-25 14:19:00+05:30,24158.75,24161.599609375,24156.30078125,24158.69921875,0
2026-08-25 14:20:00+05:30,24159.44921875,24166.25,24157.75,24165.30078125,0
2026-08-25 14:21:00+05:30,24166.75,24166.80078125,24157.55078125,24158.25,0
2026-08-25 14:22:00+05:30,24160.849609375,24163.349609375,24156.650390625,24163.0,0
2026-08-25 14:23:00+05:30,24166.0,24171.25,24162.599609375,24165.69921875,0
2026-08-25 14:24:00+05:30,24168.400390625,24168.400390625,24158.5,24160.599609375,0
2026-08-25 14:25:00+05:30,24162.650390625,24165.94921875,24158.5,24162.599609375,0
2026-08-25 14:26:00+05:30,24164.150390625,24169.099609375,24161.900390625,24167.94921875,0
2026-08-25 14:27:00+05:30,24169.150390625,24173.849609375,24167.650390625,24172.5,0
2026-08-25 14:28:00+05:30,24173.5,24181.0,24172.400390625,24179.900390625,0
2026-08-25 14:29:00+05:30,24180.75,24185.19921875,24177.650390625,24181.849609375,0
2026-08-25 14:30:00+05:30,24183.150390625,24183.75,24173.94921875,24176.349609375,0
2026-08-25 14:31:00+05:30,24178.099609375,24206.5,24173.400390625,24204.349609375,0
2026-08-25 14:32:00+05:30,24206.650390625,24212.30078125,24197.30078125,24208.05078125,0
2026-08-25 14:33:00+05:30,24210.80078125,24211.80078125,24204.75,24209.05078125,0
2026-08-25 14:34:00+05:30,24210.5,24210.5,24190.19921875,24196.650390625,0
2026-08-25 14:35:00+05:30,24199.25,24210.69921875,24197.69921875,24204.849609375,0
2026-08-25 14:36:00+05:30,24207.25,24208.150390625,24192.5,24193.650390625,0
2026-08-25 14:37:00+05:30,24195.75,24195.849609375,24185.80078125,24189.80078125,0
2026-08-25 14:38:00+05:30,24191.900390625,24197.099609375,24187.349609375,24196.0,0
2026-08-25 14:39:00+05:30,24198.5,24200.599609375,24194.05078125,24198.80078125,0
2026-08-25 14:40:00+05:30,24200.099609375,24202.650390625,24195.80078125,24200.05078125,0
2026-08-25 14:41:00+05:30,24201.94921875,24215.599609375,24198.599609375,24209.900390625,0
2026-08-25 14:42:00+05:30,24212.0,24212.05078125,24204.69921875,24207.5,0
2026-08-25 14:43:00+05:30,24209.650390625,24209.900390625,24202.69921875,24204.400390625,0
2026-08-25 14:44:00+05:30,24208.05078125,24211.44921875,24205.400390625,24209.150390625,0
2026-08-25 14:45:00+05:30,24208.900390625,24214.5,24208.900390625,24212.900390625,0
2026-08-25 14:46:00+05:30,24212.849609375,24215.44921875,24207.69921875,24213.599609375,0
2026-08-25 14:47:00+05:30,24211.900390625,24214.099609375,24207.05078125,24210.75,0
2026-08-25 14:48:00+05:30,24209.599609375,24220.94921875,24209.599609375,24216.75,0
2026-08-25 14:49:00+05:30,24216.69921875,24227.400390625,24215.0,24224.94921875,0
2026-08-25 14:50:00+05:30,24224.44921875,24225.94921875,24216.75,24219.5,0
2026-08-25 14:51:00+05:30,24221.69921875,24232.69921875,24220.05078125,24230.599609375,0
2026-08-25 14:52:00+05:30,24227.150390625,24246.849609375,24227.150390625,24243.30078125,0
2026-08-25 14:53:00+05:30,24242.25,24245.400390625,24239.69921875,24240.19921875,0
2026-08-25 14:54:00+05:30,24239.400390625,24242.25,24236.05078125,24238.30078125,0
2026-08-25 14:55:00+05:30,24237.400390625,24244.0,24236.69921875,24242.900390625,0
2026-08-25 14:56:00+05:30,24243.099609375,24248.650390625,24238.5,24244.94921875,0
2026-08-25 14:57:00+05:30,24244.400390625,24249.75,24241.849609375,24243.19921875,0
2026-08-25 14:58:00+05:30,24246.19921875,24252.349609375,24240.80078125,24248.05078125,0
2026-08-25 14:59:00+05:30,24248.30078125,24256.75,24246.25,24254.099609375,0
2026-08-25 15:00:00+05:30,24252.80078125,24255.900390625,24240.400390625,24247.0,0
2026-08-25 15:01:00+05:30,24245.55078125,24249.400390625,24239.099609375,24241.25,0
2026-08-25 15:02:00+05:30,24240.0,24255.25,24240.0,24249.599609375,0
2026-08-25 15:03:00+05:30,24248.150390625,24251.599609375,24243.44921875,24243.900390625,0
2026-08-25 15:04:00+05:30,24242.05078125,24256.400390625,24241.400390625,24251.30078125,0
2026-08-25 15:05:00+05:30,24249.75,24252.69921875,24245.400390625,24247.55078125,0
2026-08-25 15:06:00+05:30,24245.349609375,24251.25,24244.30078125,24244.599609375,0
2026-08-25 15:07:00+05:30,24244.599609375,24250.05078125,24244.400390625,24246.44921875,0
2026-08-25 15:08:00+05:30,24245.55078125,24250.150390625,24243.69921875,24245.05078125,0
2026-08-25 15:09:00+05:30,24243.650390625,24252.80078125,24243.05078125,24248.650390625,0
2026-08-25 15:10:00+05:30,24247.05078125,24254.55078125,24245.599609375,24252.30078125,0
2026-08-25 15:11:00+05:30,24250.0,24265.19921875,24249.349609375,24261.44921875,0
2026-08-25 15:12:00+05:30,24259.05078125,24266.849609375,24255.94921875,24259.30078125,0
2026-08-25 15:13:00+05:30,24257.19921875,24262.44921875,24253.80078125,24258.150390625,0
2026-08-25 15:14:00+05:30,24257.75,24264.19921875,24250.69921875,24260.150390625,0
2026-08-25 15:15:00+05:30,24260.05078125,24260.05078125,24260.05078125,24260.05078125,0
2026-08-25 15:16:00+05:30,24260.05078125,24260.05078125,24260.05078125,24260.05078125,0
2026-08-25 15:17:00+05:30,24260.05078125,24260.05078125,24260.05078125,24260.05078125,0
2026-08-25 15:18:00+05:30,24260.05078125,24260.05078125,24260.05078125,24260.05078125,0
2026-08-25 15:19:00+05:30,24260.05078125,24260.05078125,24260.05078125,24260.05078125,0
2026-08-25 15:20:00+05:30,24260.05078125,24260.05078125,24260.05078125,24260.05078125,0
2026-08-25 15:21:00+05:30,24260.05078125,24260.05078125,24260.05078125,24260.05078125,0
2026-08-25 15:22:00+05:30,24260.05078125,24260.05078125,24260.05078125,24260.05078125,0
2026-08-25 15:23:00+05:30,24260.05078125,24260.05078125,24260.05078125,24260.05078125,0
2026-08-25 15:24:00+05:30,24260.05078125,24260.05078125,24260.05078125,24260.05078125,0
2026-08-25 15:25:00+05:30,24260.05078125,24260.05078125,24260.05078125,24260.05078125,0
2026-08-25 15:26:00+05:30,24260.05078125,24260.05078125,24260.05078125,24260.05078125,0
2026-08-25 15:27:00+05:30,24260.05078125,24260.05078125,24260.05078125,24260.05078125,0
2026-08-25 15:28:00+05:30,24260.05078125,24334.55078125,24260.05078125,24334.55078125,0
2026-08-25 15:29:00+05:30,24334.55078125,24334.55078125,24334.55078125,24334.55078125,0
2026-08-26 09:15:00+05:30,24343.05078125,24355.349609375,24331.94921875,24337.30078125,0
2026-08-26 09:16:00+05:30,24337.400390625,24344.19921875,24329.099609375,24337.0,0
2026-08-26 09:17:00+05:30,24336.599609375,24338.30078125,24321.349609375,24322.80078125,0
2026-08-26 09:18:00+05:30,24322.599609375,24324.5,24314.25,24320.0,0
2026-08-26 09:19:00+05:30,24319.849609375,24320.75,24309.94921875,24318.30078125,0
2026-08-26 09:20:00+05:30,24316.94921875,24336.30078125,24316.44921875,24335.099609375,0
2026-08-26 09:21:00+05:30,24334.5,24346.75,24330.599609375,24344.099609375,0
2026-08-26 09:22:00+05:30,24342.900390625,24346.75,24340.05078125,24345.099609375,0
2026-08-26 09:23:00+05:30,24343.900390625,24348.099609375,24342.55078125,24345.25,0
2026-08-26 09:24:00+05:30,24345.099609375,24355.849609375,24345.099609375,24354.0,0
2026-08-26 09:25:00+05:30,24353.30078125,24354.75,24345.599609375,24352.349609375,0
2026-08-26 09:26:00+05:30,24352.19921875,24359.599609375,24351.44921875,24356.19921875,0
2026-08-26 09:27:00+05:30,24355.94921875,24362.900390625,24353.55078125,24353.75,0
2026-08-26 09:28:00+05:30,24353.05078125,24356.900390625,24351.44921875,24354.55078125,0
2026-08-26 09:29:00+05:30,24353.849609375,24353.849609375,24347.0,24351.150390625,0
2026-08-26 09:30:00+05:30,24350.900390625,24354.75,24343.05078125,24343.599609375,0
2026-08-26 09:31:00+05:30,24343.5,24347.30078125,24341.099609375,24345.05078125,0
2026-08-26 09:32:00+05:30,24345.400390625,24350.349609375,24345.400390625,24350.099609375,0
2026-08-26 09:33:00+05:30,24350.099609375,24354.75,24345.849609375,24346.05078125,0
2026-08-26 09:34:00+05:30,24346.099609375,24348.349609375,24342.349609375,24344.650390625,0
2026-08-26 09:35:00+05:30,24344.5,24352.19921875,24344.05078125,24351.5,0
2026-08-26 09:36:00+05:30,24351.55078125,24354.25,24344.849609375,24346.150390625,0
2026-08-26 09:37:00+05:30,24346.30078125,24352.150390625,24343.30078125,24348.150390625,0
2026-08-26 09:38:00+05:30,24347.75,24355.650390625,24345.55078125,24354.599609375,0
2026-08-26 09:39:00+05:30,24354.94921875,24356.150390625,24353.80078125,24356.05078125,0
2026-08-26 09:40:00+05:30,24355.650390625,24364.0,24355.650390625,24362.0,0
2026-08-26 09:41:00+05:30,24362.099609375,24368.099609375,24360.650390625,24366.25,0
2026-08-26 09:42:00+05:30,24366.349609375,24372.400390625,24365.599609375,24367.44921875,0
2026-08-26 09:43:00+05:30,24367.80078125,24373.05078125,24366.849609375,24369.44921875,0
2026-08-26 09:44:00+05:30,24369.94921875,24375.69921875,24368.349609375,24371.599609375,0
2026-08-26 09:45:00+05:30,24371.349609375,24375.75,24367.69921875,24374.599609375,0
2026-08-26 09:46:00+05:30,24374.69921875,24377.5,24373.25,24374.75,0
2026-08-26 09:47:00+05:30,24374.80078125,24376.650390625,24371.55078125,24376.30078125,0
2026-08-26 09:48:00+05:30,24374.599609375,24378.0,24372.400390625,24374.25,0
2026-08-26 09:49:00+05:30,24374.55078125,24375.75,24367.599609375,24370.0,0
2026-08-26 09:50:00+05:30,24370.400390625,24372.19921875,24365.650390625,24368.94921875,0
2026-08-26 09:51:00+05:30,24369.44921875,24370.5,24366.099609375,24367.150390625,0
2026-08-26 09:52:00+05:30,24367.05078125,24367.25,24364.150390625,24365.099609375,0
2026-08-26 09:53:00+05:30,24366.05078125,24367.80078125,24362.30078125,24362.900390625,0
2026-08-26 09:54:00+05:30,24363.099609375,24366.650390625,24360.80078125,24364.849609375,0
2026-08-26 09:55:00+05:30,24364.349609375,24369.349609375,24363.94921875,24368.44921875,0
2026-08-26 09:56:00+05:30,24368.55078125,24374.099609375,24366.55078125,24372.349609375,0
2026-08-26 09:57:00+05:30,24372.0,24375.25,24370.55078125,24370.55078125,0
2026-08-26 09:58:00+05:30,24369.349609375,24369.94921875,24365.900390625,24367.69921875,0
2026-08-26 09:59:00+05:30,24367.44921875,24370.19921875,24365.05078125,24365.80078125,0
2026-08-26 10:00:00+05:30,24366.05078125,24369.05078125,24364.5,24365.55078125,0
2026-08-26 10:01:00+05:30,24365.099609375,24366.30078125,24359.30078125,24360.400390625,0
2026-08-26 10:02:00+05:30,24359.849609375,24362.30078125,24351.25,24354.349609375,0
2026-08-26 10:03:00+05:30,24353.80078125,24359.150390625,24352.849609375,24357.80078125,0
2026-08-26 10:04:00+05:30,24357.5,24358.599609375,24354.349609375,24358.0,0
2026-08-26 10:05:00+05:30,24358.25,24360.599609375,24353.150390625,24355.400390625,0
2026-08-26 10:06:00+05:30,24355.69921875,24356.349609375,24350.19921875,24351.05078125,0
2026-08-26 10:07:00+05:30,24350.69921875,24350.69921875,24340.400390625,24341.5,0
2026-08-26 10:08:00+05:30,24341.650390625,24346.099609375,24340.650390625,24345.80078125,0
2026-08-26 10:09:00+05:30,24346.5,24347.75,24342.19921875,24346.30078125,0
2026-08-26 10:10:00+05:30,24345.80078125,24346.25,24341.19921875,24342.349609375,0
2026-08-26 10:11:00+05:30,24341.900390625,24341.900390625,24333.44921875,24334.400390625,0
2026-08-26 10:12:00+05:30,24334.30078125,24345.25,24333.849609375,24344.69921875,0
2026-08-26 10:13:00+05:30,24344.55078125,24346.55078125,24342.44921875,24346.25,0
2026-08-26 10:14:00+05:30,24345.69921875,24349.94921875,24342.30078125,24342.94921875,0
2026-08-26 10:15:00+05:30,24343.099609375,24348.30078125,24341.650390625,24343.55078125,0
2026-08-26 10:16:00+05:30,24343.849609375,24345.400390625,24335.400390625,24336.650390625,0
2026-08-26 10:17:00+05:30,24336.400390625,24336.94921875,24323.599609375,24323.75,0
2026-08-26 10:18:00+05:30,24323.900390625,24324.80078125,24318.0,24318.44921875,0
2026-08-26 10:19:00+05:30,24318.30078125,24319.150390625,24316.19921875,24318.349609375,0
2026-08-26 10:20:00+05:30,24318.400390625,24320.150390625,24305.0,24307.650390625,0
2026-08-26 10:21:00+05:30,24307.5,24309.44921875,24303.55078125,24305.19921875,0
2026-08-26 10:22:00+05:30,24305.05078125,24309.900390625,24305.05078125,24309.19921875,0
2026-08-26 10:23:00+05:30,24309.150390625,24311.94921875,24296.349609375,24297.25,0
2026-08-26 10:24:00+05:30,24297.30078125,24305.19921875,24294.69921875,24302.400390625,0
2026-08-26 10:25:00+05:30,24302.44921875,24305.69921875,24299.25,24300.099609375,0
2026-08-26 10:26:00+05:30,24299.55078125,24301.25,24295.0,24295.650390625,0
2026-08-26 10:27:00+05:30,24295.150390625,24299.94921875,24294.349609375,24298.94921875,0
2026-08-26 10:28:00+05:30,24299.75,24302.69921875,24297.05078125,24301.44921875,0
2026-08-26 10:29:00+05:30,24301.44921875,24306.0,24300.650390625,24304.599609375,0
2026-08-26 10:30:00+05:30,24304.650390625,24310.0,24303.44921875,24307.400390625,0
2026-08-26 10:31:00+05:30,24307.0,24314.75,24306.150390625,24313.69921875,0
2026-08-26 10:32:00+05:30,24313.150390625,24317.650390625,24312.150390625,24317.650390625,0
2026-08-26 10:33:00+05:30,24317.400390625,24321.400390625,24315.30078125,24316.80078125,0
2026-08-26 10:34:00+05:30,24316.849609375,24318.849609375,24314.349609375,24318.05078125,0
2026-08-26 10:35:00+05:30,24318.099609375,24322.5,24317.900390625,24321.150390625,0
2026-08-26 10:36:00+05:30,24321.400390625,24323.0,24319.19921875,24320.25,0
2026-08-26 10:37:00+05:30,24320.30078125,24321.900390625,24316.80078125,24318.599609375,0
2026-08-26 10:38:00+05:30,24318.5,24321.900390625,24317.349609375,24319.44921875,0
2026-08-26 10:39:00+05:30,24319.349609375,24323.94921875,24319.19921875,24320.849609375,0
2026-08-26 10:40:00+05:30,24321.0,24323.150390625,24319.05078125,24320.19921875,0
2026-08-26 10:41:00+05:30,24320.05078125,24320.75,24315.900390625,24316.55078125,0
2026-08-26 10:42:00+05:30,24316.849609375,24321.69921875,24316.5,24320.75,0
2026-08-26 10:43:00+05:30,24320.69921875,24330.25,24318.80078125,24327.75,0
2026-08-26 10:44:00+05:30,24327.75,24331.30078125,24326.900390625,24327.44921875,0
2026-08-26 10:45:00+05:30,24328.25,24328.94921875,24312.900390625,24315.05078125,0
2026-08-26 10:46:00+05:30,24315.25,24317.25,24313.150390625,24316.400390625,0
2026-08-26 10:47:00+05:30,24316.400390625,24317.900390625,24314.150390625,24316.0,0
2026-08-26 10:48:00+05:30,24316.25,24318.349609375,24314.05078125,24317.69921875,0
2026-08-26 10:49:00+05:30,24317.44921875,24321.099609375,24316.900390625,24317.900390625,0
2026-08-26 10:50:00+05:30,24318.05078125,24319.650390625,24315.900390625,24319.599609375,0
2026-08-26 10:51:00+05:30,24319.30078125,24319.599609375,24315.25,24317.599609375,0
2026-08-26 10:52:00+05:30,24317.75,24320.30078125,24315.0,24320.30078125,0
2026-08-26 10:53:00+05:30,24319.599609375,24320.05078125,24311.900390625,24317.75,0
2026-08-26 10:54:00+05:30,24318.150390625,24320.5,24316.150390625,24319.349609375,0
2026-08-26 10:55:00+05:30,24319.650390625,24320.05078125,24317.80078125,24318.75,0
2026-08-26 10:56:00+05:30,24318.900390625,24321.94921875,24317.849609375,24320.44921875,0
2026-08-26 10:57:00+05:30,24320.55078125,24329.25,24319.25,24328.150390625,0
2026-08-26 10:58:00+05:30,24327.69921875,24329.099609375,24324.75,24325.44921875,0
2026-08-26 10:59:00+05:30,24325.849609375,24326.400390625,24319.849609375,24320.400390625,0
2026-08-26 11:00:00+05:30,24319.94921875,24320.44921875,24315.69921875,24319.5,0
2026-08-26 11:01:00+05:30,24319.30078125,24320.19921875,24310.400390625,24316.400390625,0
2026-08-26 11:02:00+05:30,24316.400390625,24320.94921875,24315.099609375,24318.25,0
2026-08-26 11:03:00+05:30,24318.400390625,24319.099609375,24312.849609375,24314.05078125,0
2026-08-26 11:04:00+05:30,24313.400390625,24314.599609375,24309.599609375,24312.849609375,0
2026-08-26 11:05:00+05:30,24313.849609375,24315.349609375,24312.150390625,24313.900390625,0
2026-08-26 11:06:00+05:30,24313.650390625,24314.30078125,24306.849609375,24308.900390625,0
2026-08-26 11:07:00+05:30,24309.05078125,24313.5,24308.349609375,24313.05078125,0
2026-08-26 11:08:00+05:30,24312.30078125,24318.05078125,24311.75,24316.19921875,0
2026-08-26 11:09:00+05:30,24316.19921875,24321.55078125,24314.150390625,24321.55078125,0
2026-08-26 11:10:00+05:30,24321.80078125,24326.400390625,24320.0,24325.30078125,0
2026-08-26 11:11:00+05:30,24324.650390625,24325.900390625,24321.099609375,24321.44921875,0
2026-08-26 11:12:00+05:30,24321.849609375,24326.349609375,24321.650390625,24326.349609375,0
2026-08-26 11:13:00+05:30,24326.55078125,24327.55078125,24323.849609375,24325.150390625,0
2026-08-26 11:14:00+05:30,24325.19921875,24331.599609375,24323.599609375,24330.80078125,0
2026-08-26 11:15:00+05:30,24330.599609375,24332.650390625,24327.75,24328.849609375,0
2026-08-26 11:16:00+05:30,24328.150390625,24328.599609375,24322.69921875,24323.849609375,0
2026-08-26 11:17:00+05:30,24322.75,24324.30078125,24314.099609375,24314.44921875,0
2026-08-26 11:18:00+05:30,24315.0,24315.0,24305.849609375,24307.5,0
2026-08-26 11:19:00+05:30,24307.599609375,24311.599609375,24306.94921875,24310.19921875,0
2026-08-26 11:20:00+05:30,24310.25,24310.650390625,24306.900390625,24310.599609375,0
2026-08-26 11:21:00+05:30,24311.150390625,24314.650390625,24309.900390625,24311.0,0
2026-08-26 11:22:00+05:30,24311.25,24311.400390625,24300.30078125,24300.30078125,0
2026-08-26 11:23:00+05:30,24300.05078125,24301.75,24297.94921875,24300.80078125,0
2026-08-26 11:24:00+05:30,24301.25,24306.650390625,24300.25,24303.099609375,0
2026-08-26 11:25:00+05:30,24303.849609375,24306.0,24301.150390625,24304.44921875,0
2026-08-26 11:26:00+05:30,24304.75,24307.55078125,24303.69921875,24305.94921875,0
2026-08-26 11:27:00+05:30,24306.099609375,24306.650390625,24301.0,24302.05078125,0
2026-08-26 11:28:00+05:30,24302.150390625,24307.80078125,24300.69921875,24307.599609375,0
2026-08-26 11:29:00+05:30,24307.55078125,24309.25,24303.849609375,24304.94921875,0
2026-08-26 11:30:00+05:30,24305.80078125,24306.55078125,24301.900390625,24305.0,0
2026-08-26 11:31:00+05:30,24305.19921875,24305.94921875,24298.30078125,24298.75,0
2026-08-26 11:32:00+05:30,24299.150390625,24301.599609375,24292.75,24300.849609375,0
2026-08-26 11:33:00+05:30,24300.349609375,24301.349609375,24296.75,24298.150390625,0
2026-08-26 11:34:00+05:30,24298.650390625,24301.55078125,24296.5,24301.25,0
2026-08-26 11:35:00+05:30,24301.69921875,24308.55078125,24300.099609375,24307.400390625,0
2026-08-26 11:36:00+05:30,24307.599609375,24309.69921875,24306.349609375,24308.05078125,0
2026-08-26 11:37:00+05:30,24308.19921875,24313.19921875,24307.5,24312.849609375,0
2026-08-26 11:38:00+05:30,24312.400390625,24313.400390625,24310.650390625,24312.099609375,0
2026-08-26 11:39:00+05:30,24311.849609375,24313.0,24308.400390625,24309.69921875,0
2026-08-26 11:40:00+05:30,24309.30078125,24310.55078125,24308.099609375,24308.75,0
2026-08-26 11:41:00+05:30,24309.099609375,24311.099609375,24306.94921875,24308.349609375,0
2026-08-26 11:42:00+05:30,24308.349609375,24310.599609375,24306.900390625,24310.44921875,0
2026-08-26 11:43:00+05:30,24310.80078125,24311.599609375,24309.25,24311.19921875,0
2026-08-26 11:44:00+05:30,24311.150390625,24311.150390625,24307.349609375,24308.19921875,0
2026-08-26 11:45:00+05:30,24308.19921875,24309.099609375,24306.75,24307.5,0
2026-08-26 11:46:00+05:30,24307.599609375,24308.849609375,24305.55078125,24307.349609375,0
2026-08-26 11:47:00+05:30,24307.80078125,24307.80078125,24304.400390625,24305.05078125,0
2026-08-26 11:48:00+05:30,24305.150390625,24305.900390625,24298.55078125,24299.94921875,0
2026-08-26 11:49:00+05:30,24299.80078125,24300.650390625,24298.05078125,24299.599609375,0
2026-08-26 11:50:00+05:30,24299.599609375,24301.19921875,24298.599609375,24299.44921875,0
2026-08-26 11:51:00+05:30,24300.0,24300.0,24294.349609375,24294.80078125,0
2026-08-26 11:52:00+05:30,24295.849609375,24296.400390625,24293.150390625,24295.650390625,0
2026-08-26 11:53:00+05:30,24295.25,24295.55078125,24291.099609375,24292.150390625,0
2026-08-26 11:54:00+05:30,24292.650390625,24292.650390625,24282.94921875,24285.150390625,0
2026-08-26 11:55:00+05:30,24286.099609375,24290.94921875,24283.19921875,24290.599609375,0
2026-08-26 11:56:00+05:30,24290.94921875,24295.150390625,24290.900390625,24294.650390625,0
2026-08-26 11:57:00+05:30,24294.099609375,24294.69921875,24289.650390625,24290.849609375,0
2026-08-26 11:58:00+05:30,24291.44921875,24293.94921875,24289.5,24291.55078125,0
2026-08-26 11:59:00+05:30,24292.05078125,24292.94921875,24288.44921875,24288.44921875,0
2026-08-26 12:00:00+05:30,24288.650390625,24290.05078125,24279.099609375,24279.099609375,0
2026-08-26 12:01:00+05:30,24279.94921875,24281.30078125,24277.900390625,24279.599609375,0
2026-08-26 12:02:00+05:30,24280.400390625,24280.400390625,24274.05078125,24275.900390625,0
2026-08-26 12:03:00+05:30,24276.349609375,24278.25,24272.400390625,24273.69921875,0
2026-08-26 12:04:00+05:30,24274.05078125,24276.599609375,24270.05078125,24276.44921875,0
2026-08-26 12:05:00+05:30,24276.69921875,24280.94921875,24275.0,24280.94921875,0
2026-08-26 12:06:00+05:30,24281.400390625,24281.44921875,24276.69921875,24277.05078125,0
2026-08-26 12:07:00+05:30,24277.5,24278.69921875,24273.400390625,24273.900390625,0
2026-08-26 12:08:00+05:30,24274.05078125,24276.25,24272.849609375,24275.0,0
2026-08-26 12:09:00+05:30,24275.0,24276.80078125,24269.099609375,24270.400390625,0
2026-08-26 12:10:00+05:30,24271.099609375,24271.69921875,24268.400390625,24268.44921875,0
2026-08-26 12:11:00+05:30,24269.0,24270.80078125,24266.650390625,24268.44921875,0
2026-08-26 12:12:00+05:30,24268.900390625,24270.849609375,24267.599609375,24269.55078125,0
2026-08-26 12:13:00+05:30,24268.900390625,24273.75,24268.599609375,24273.599609375,0
2026-08-26 12:14:00+05:30,24273.849609375,24281.5,24273.55078125,24280.75,0
2026-08-26 12:15:00+05:30,24281.599609375,24282.150390625,24276.05078125,24277.69921875,0
2026-08-26 12:16:00+05:30,24277.599609375,24280.849609375,24277.599609375,24279.80078125,0
2026-08-26 12:17:00+05:30,24279.80078125,24285.400390625,24277.44921875,24283.69921875,0
2026-08-26 12:18:00+05:30,24283.849609375,24288.599609375,24283.19921875,24287.69921875,0
2026-08-26 12:19:00+05:30,24287.55078125,24289.05078125,24284.650390625,24288.0,0
2026-08-26 12:20:00+05:30,24286.25,24288.5,24281.80078125,24282.099609375,0
2026-08-26 12:21:00+05:30,24282.650390625,24284.55078125,24277.80078125,24281.19921875,0
2026-08-26 12:22:00+05:30,24281.150390625,24283.849609375,24279.80078125,24280.599609375,0
2026-08-26 12:23:00+05:30,24281.0,24284.400390625,24279.400390625,24284.0,0
2026-08-26 12:24:00+05:30,24283.25,24291.400390625,24280.900390625,24290.349609375,0
2026-08-26 12:25:00+05:30,24290.650390625,24290.69921875,24281.30078125,24285.69921875,0
2026-08-26 12:26:00+05:30,24285.30078125,24286.5,24281.099609375,24281.400390625,0
2026-08-26 12:27:00+05:30,24281.5,24281.80078125,24277.150390625,24278.19921875,0
2026-08-26 12:28:00+05:30,24278.599609375,24279.25,24273.69921875,24276.69921875,0
2026-08-26 12:29:00+05:30,24276.400390625,24281.94921875,24275.44921875,24278.099609375,0
2026-08-26 12:30:00+05:30,24278.44921875,24279.30078125,24271.80078125,24273.05078125,0
2026-08-26 12:31:00+05:30,24272.5,24275.5,24271.0,24274.400390625,0
2026-08-26 12:32:00+05:30,24273.94921875,24275.150390625,24268.900390625,24269.599609375,0
2026-08-26 12:33:00+05:30,24269.5,24273.80078125,24268.900390625,24272.44921875,0
2026-08-26 12:34:00+05:30,24272.5,24280.94921875,24272.5,24279.5,0
2026-08-26 12:35:00+05:30,24279.19921875,24283.80078125,24278.650390625,24282.349609375,0
2026-08-26 12:36:00+05:30,24282.25,24285.44921875,24281.099609375,24284.5,0
2026-08-26 12:37:00+05:30,24283.849609375,24286.05078125,24281.44921875,24282.75,0
2026-08-26 12:38:00+05:30,24282.599609375,24284.25,24281.19921875,24283.30078125,0
2026-08-26 12:39:00+05:30,24283.25,24283.44921875,24277.19921875,24277.69921875,0
2026-08-26 12:40:00+05:30,24276.30078125,24278.55078125,24274.25,24275.5,0
2026-08-26 12:41:00+05:30,24275.5,24275.5,24272.44921875,24274.099609375,0
2026-08-26 12:42:00+05:30,24273.5,24278.05078125,24272.19921875,24277.25,0
2026-08-26 12:43:00+05:30,24277.25,24284.099609375,24276.849609375,24283.75,0
2026-08-26 12:44:00+05:30,24283.55078125,24285.5,24281.19921875,24283.900390625,0
2026-08-26 12:45:00+05:30,24283.44921875,24285.44921875,24281.19921875,24282.150390625,0
2026-08-26 12:46:00+05:30,24282.05078125,24283.349609375,24280.599609375,24281.44921875,0
2026-08-26 12:47:00+05:30,24281.599609375,24281.900390625,24275.44921875,24275.650390625,0
2026-08-26 12:48:00+05:30,24275.19921875,24281.0,24274.80078125,24280.25,0
2026-08-26 12:49:00+05:30,24280.150390625,24280.55078125,24276.94921875,24277.5,0
2026-08-26 12:50:00+05:30,24277.5,24279.0,24276.19921875,24277.150390625,0
2026-08-26 12:51:00+05:30,24277.05078125,24278.849609375,24276.5,24277.5,0
2026-08-26 12:52:00+05:30,24277.19921875,24278.55078125,24274.599609375,24275.55078125,0
2026-08-26 12:53:00+05:30,24275.650390625,24277.05078125,24273.900390625,24275.849609375,0
2026-08-26 12:54:00+05:30,24275.0,24279.19921875,24273.75,24277.69921875,0
2026-08-26 12:55:00+05:30,24278.349609375,24280.650390625,24276.30078125,24279.44921875,0
2026-08-26 12:56:00+05:30,24279.5,24282.30078125,24279.400390625,24280.69921875,0
2026-08-26 12:57:00+05:30,24280.55078125,24282.69921875,24279.349609375,24280.30078125,0
2026-08-26 12:58:00+05:30,24280.44921875,24284.05078125,24279.400390625,24282.150390625,0
2026-08-26 12:59:00+05:30,24283.05078125,24284.599609375,24278.900390625,24279.05078125,0
2026-08-26 13:00:00+05:30,24279.19921875,24280.94921875,24278.349609375,24280.0,0
2026-08-26 13:01:00+05:30,24280.150390625,24280.55078125,24273.150390625,24274.44921875,0
2026-08-26 13:02:00+05:30,24274.349609375,24275.05078125,24268.25,24269.25,0
2026-08-26 13:03:00+05:30,24269.099609375,24274.349609375,24268.55078125,24273.44921875,0
2026-08-26 13:04:00+05:30,24273.099609375,24276.650390625,24271.150390625,24274.099609375,0
2026-08-26 13:05:00+05:30,24275.099609375,24280.5,24273.900390625,24279.849609375,0
2026-08-26 13:06:00+05:30,24280.19921875,24283.05078125,24279.55078125,24283.05078125,0
2026-08-26 13:07:00+05:30,24282.400390625,24282.44921875,24279.150390625,24280.25,0
2026-08-26 13:08:00+05:30,24280.05078125,24281.5,24276.80078125,24278.599609375,0
2026-08-26 13:09:00+05:30,24277.94921875,24278.5,24272.349609375,24273.30078125,0
2026-08-26 13:10:00+05:30,24273.25,24274.5,24269.900390625,24270.25,0
2026-08-26 13:11:00+05:30,24269.849609375,24272.400390625,24268.69921875,24271.400390625,0
2026-08-26 13:12:00+05:30,24271.400390625,24273.75,24270.900390625,24271.349609375,0
2026-08-26 13:13:00+05:30,24271.5,24272.94921875,24270.349609375,24271.099609375,0
2026-08-26 13:14:00+05:30,24270.900390625,24270.900390625,24268.150390625,24269.19921875,0
2026-08-26 13:15:00+05:30,24269.400390625,24269.94921875,24265.849609375,24266.150390625,0
2026-08-26 13:16:00+05:30,24266.099609375,24266.5,24262.05078125,24262.849609375,0
2026-08-26 13:17:00+05:30,24262.80078125,24263.19921875,24254.150390625,24258.0,0
2026-08-26 13:18:00+05:30,24257.55078125,24263.849609375,24257.349609375,24263.650390625,0
2026-08-26 13:19:00+05:30,24263.349609375,24266.349609375,24263.19921875,24263.599609375,0
2026-08-26 13:20:00+05:30,24264.05078125,24264.650390625,24257.349609375,24259.5,0
2026-08-26 13:21:00+05:30,24259.5,24262.0,24258.19921875,24260.599609375,0
2026-08-26 13:22:00+05:30,24260.55078125,24263.80078125,24260.099609375,24263.349609375,0
2026-08-26 13:23:00+05:30,24263.650390625,24263.900390625,24258.0,24258.150390625,0
2026-08-26 13:24:00+05:30,24258.25,24259.650390625,24254.94921875,24258.599609375,0
2026-08-26 13:25:00+05:30,24258.650390625,24261.44921875,24258.44921875,24259.55078125,0
2026-08-26 13:26:00+05:30,24259.75,24261.5,24258.25,24259.5,0
2026-08-26 13:27:00+05:30,24260.25,24260.80078125,24254.900390625,24254.900390625,0
2026-08-26 13:28:00+05:30,24254.94921875,24258.69921875,24254.05078125,24258.599609375,0
2026-08-26 13:29:00+05:30,24258.44921875,24265.44921875,24257.650390625,24265.44921875,0
2026-08-26 13:30:00+05:30,24265.0,24269.0,24263.19921875,24266.75,0
2026-08-26 13:31:00+05:30,24266.55078125,24267.400390625,24262.099609375,24262.44921875,0
2026-08-26 13:32:00+05:30,24262.44921875,24265.25,24261.69921875,24263.099609375,0
2026-08-26 13:33:00+05:30,24263.849609375,24266.19921875,24262.0,24262.69921875,0
2026-08-26 13:34:00+05:30,24262.5,24267.80078125,24262.19921875,24267.0,0
2026-08-26 13:35:00+05:30,24267.150390625,24268.599609375,24262.55078125,24263.30078125,0
2026-08-26 13:36:00+05:30,24263.30078125,24266.150390625,24262.400390625,24263.19921875,0
2026-08-26 13:37:00+05:30,24262.900390625,24264.80078125,24261.099609375,24263.849609375,0
2026-08-26 13:38:00+05:30,24263.44921875,24267.69921875,24262.80078125,24266.099609375,0
2026-08-26 13:39:00+05:30,24265.900390625,24266.650390625,24263.400390625,24264.94921875,0
2026-08-26 13:40:00+05:30,24265.400390625,24271.25,24264.349609375,24268.900390625,0
2026-08-26 13:41:00+05:30,24268.69921875,24271.25,24267.099609375,24268.5,0
2026-08-26 13:42:00+05:30,24268.5,24270.099609375,24261.05078125,24263.400390625,0
2026-08-26 13:43:00+05:30,24263.0,24267.650390625,24263.0,24266.0,0
2026-08-26 13:44:00+05:30,24266.099609375,24267.0,24261.05078125,24261.900390625,0
2026-08-26 13:45:00+05:30,24262.0,24263.0,24257.0,24260.80078125,0
2026-08-26 13:46:00+05:30,24260.05078125,24263.599609375,24259.05078125,24262.55078125,0
2026-08-26 13:47:00+05:30,24261.900390625,24263.400390625,24258.400390625,24260.150390625,0
2026-08-26 13:48:00+05:30,24259.400390625,24260.69921875,24258.05078125,24258.94921875,0
2026-08-26 13:49:00+05:30,24258.94921875,24262.55078125,24257.80078125,24262.05078125,0
2026-08-26 13:50:00+05:30,24262.44921875,24264.19921875,24261.25,24263.25,0
2026-08-26 13:51:00+05:30,24263.44921875,24263.44921875,24259.0,24260.55078125,0
2026-08-26 13:52:00+05:30,24260.44921875,24266.80078125,24260.400390625,24266.599609375,0
2026-08-26 13:53:00+05:30,24265.94921875,24269.94921875,24265.69921875,24267.400390625,0
2026-08-26 13:54:00+05:30,24267.44921875,24267.44921875,24264.650390625,24264.650390625,0
2026-08-26 13:55:00+05:30,24264.55078125,24266.30078125,24262.80078125,24263.94921875,0
2026-08-26 13:56:00+05:30,24263.44921875,24263.80078125,24259.55078125,24261.099609375,0
2026-08-26 13:57:00+05:30,24261.400390625,24262.849609375,24259.55078125,24261.5,0
2026-08-26 13:58:00+05:30,24261.25,24265.400390625,24260.599609375,24263.80078125,0
2026-08-26 13:59:00+05:30,24263.44921875,24265.80078125,24260.900390625,24263.349609375,0
2026-08-26 14:00:00+05:30,24262.69921875,24263.650390625,24260.099609375,24260.099609375,0
2026-08-26 14:01:00+05:30,24259.5,24265.0,24258.650390625,24264.349609375,0
2026-08-26 14:02:00+05:30,24263.94921875,24265.25,24258.849609375,24262.75,0
2026-08-26 14:03:00+05:30,24262.650390625,24269.400390625,24260.55078125,24267.5,0
2026-08-26 14:04:00+05:30,24266.94921875,24269.19921875,24266.349609375,24267.650390625,0
2026-08-26 14:05:00+05:30,24267.75,24269.400390625,24266.69921875,24269.400390625,0
2026-08-26 14:06:00+05:30,24268.69921875,24269.349609375,24264.44921875,24267.150390625,0
2026-08-26 14:07:00+05:30,24266.80078125,24267.69921875,24260.5,24261.05078125,0
2026-08-26 14:08:00+05:30,24261.05078125,24265.900390625,24260.5,24265.30078125,0
2026-08-26 14:09:00+05:30,24265.55078125,24267.75,24263.55078125,24266.05078125,0
2026-08-26 14:10:00+05:30,24265.94921875,24267.30078125,24263.349609375,24265.650390625,0
2026-08-26 14:11:00+05:30,24265.69921875,24267.650390625,24264.75,24266.349609375,0
2026-08-26 14:12:00+05:30,24266.5,24278.5,24265.94921875,24277.94921875,0
2026-08-26 14:13:00+05:30,24278.349609375,24279.55078125,24274.69921875,24277.0,0
2026-08-26 14:14:00+05:30,24277.099609375,24277.69921875,24272.44921875,24273.5,0
2026-08-26 14:15:00+05:30,24272.80078125,24277.19921875,24272.80078125,24274.75,0
2026-08-26 14:16:00+05:30,24275.099609375,24280.849609375,24275.099609375,24276.69921875,0
2026-08-26 14:17:00+05:30,24276.900390625,24278.900390625,24274.650390625,24275.55078125,0
2026-08-26 14:18:00+05:30,24275.30078125,24277.80078125,24274.0,24276.55078125,0
2026-08-26 14:19:00+05:30,24275.849609375,24277.55078125,24275.400390625,24275.599609375,0
2026-08-26 14:20:00+05:30,24275.75,24279.400390625,24275.099609375,24278.80078125,0
2026-08-26 14:21:00+05:30,24278.75,24281.19921875,24276.69921875,24278.5,0
2026-08-26 14:22:00+05:30,24278.5,24280.75,24275.05078125,24278.400390625,0
2026-08-26 14:23:00+05:30,24278.400390625,24280.25,24276.80078125,24278.80078125,0
2026-08-26 14:24:00+05:30,24278.650390625,24279.349609375,24271.400390625,24273.099609375,0
2026-08-26 14:25:00+05:30,24272.69921875,24275.05078125,24270.599609375,24274.849609375,0
2026-08-26 14:26:00+05:30,24274.69921875,24276.5,24272.19921875,24274.099609375,0
2026-08-26 14:27:00+05:30,24273.900390625,24274.30078125,24268.75,24272.80078125,0
2026-08-26 14:28:00+05:30,24272.75,24273.05078125,24266.30078125,24266.80078125,0
2026-08-26 14:29:00+05:30,24267.349609375,24273.599609375,24266.05078125,24273.25,0
2026-08-26 14:30:00+05:30,24273.099609375,24276.5,24270.099609375,24273.30078125,0
2026-08-26 14:31:00+05:30,24274.400390625,24281.099609375,24271.849609375,24278.400390625,0
2026-08-26 14:32:00+05:30,24279.400390625,24280.80078125,24274.19921875,24275.94921875,0
2026-08-26 14:33:00+05:30,24275.650390625,24277.94921875,24273.55078125,24277.349609375,0
2026-08-26 14:34:00+05:30,24279.099609375,24280.25,24274.150390625,24278.5,0
2026-08-26 14:35:00+05:30,24279.150390625,24280.400390625,24275.19921875,24278.55078125,0
2026-08-26 14:36:00+05:30,24279.0,24279.650390625,24275.94921875,24278.650390625,0
2026-08-26 14:37:00+05:30,24278.5,24284.0,24277.650390625,24282.30078125,0
2026-08-26 14:38:00+05:30,24282.69921875,24282.75,24278.849609375,24279.75,0
2026-08-26 14:39:00+05:30,24279.849609375,24281.75,24276.849609375,24278.150390625,0
2026-08-26 14:40:00+05:30,24277.75,24279.94921875,24275.05078125,24278.69921875,0
2026-08-26 14:41:00+05:30,24279.30078125,24281.75,24277.75,24280.5,0
2026-08-26 14:42:00+05:30,24279.849609375,24281.69921875,24277.25,24279.55078125,0
2026-08-26 14:43:00+05:30,24279.69921875,24281.599609375,24279.099609375,24280.19921875,0
2026-08-26 14:44:00+05:30,24280.44921875,24280.44921875,24277.0,24278.69921875,0
2026-08-26 14:45:00+05:30,24278.80078125,24284.05078125,24276.80078125,24282.80078125,0
2026-08-26 14:46:00+05:30,24283.599609375,24286.099609375,24281.349609375,24285.099609375,0
2026-08-26 14:47:00+05:30,24286.5,24290.099609375,24285.30078125,24289.349609375,0
2026-08-26 14:48:00+05:30,24289.400390625,24291.19921875,24285.19921875,24290.94921875,0
2026-08-26 14:49:00+05:30,24290.55078125,24291.900390625,24286.400390625,24290.80078125,0
2026-08-26 14:50:00+05:30,24289.900390625,24293.650390625,24289.5,24291.349609375,0
2026-08-26 14:51:00+05:30,24291.19921875,24291.900390625,24286.900390625,24291.650390625,0
2026-08-26 14:52:00+05:30,24291.099609375,24294.650390625,24287.349609375,24287.900390625,0
2026-08-26 14:53:00+05:30,24287.849609375,24294.30078125,24287.150390625,24293.55078125,0
2026-08-26 14:54:00+05:30,24293.349609375,24296.650390625,24292.19921875,24294.0,0
2026-08-26 14:55:00+05:30,24294.099609375,24297.05078125,24290.05078125,24290.05078125,0
2026-08-26 14:56:00+05:30,24289.650390625,24292.150390625,24287.80078125,24289.80078125,0
2026-08-26 14:57:00+05:30,24289.75,24294.94921875,24288.5,24292.650390625,0
2026-08-26 14:58:00+05:30,24292.30078125,24292.900390625,24287.400390625,24288.650390625,0
2026-08-26 14:59:00+05:30,24289.30078125,24291.69921875,24285.55078125,24290.80078125,0
2026-08-26 15:00:00+05:30,24288.94921875,24292.349609375,24278.650390625,24279.44921875,0
2026-08-26 15:01:00+05:30,24282.099609375,24287.69921875,24279.349609375,24287.55078125,0
2026-08-26 15:02:00+05:30,24286.900390625,24290.650390625,24285.69921875,24287.099609375,0
2026-08-26 15:03:00+05:30,24287.30078125,24290.349609375,24284.349609375,24289.75,0
2026-08-26 15:04:00+05:30,24289.30078125,24290.349609375,24287.05078125,24287.5,0
2026-08-26 15:05:00+05:30,24287.25,24289.650390625,24278.30078125,24282.150390625,0
2026-08-26 15:06:00+05:30,24281.400390625,24282.5,24273.30078125,24274.849609375,0
2026-08-26 15:07:00+05:30,24275.400390625,24278.69921875,24274.05078125,24276.0,0
2026-08-26 15:08:00+05:30,24275.75,24277.5,24274.099609375,24277.5,0
2026-08-26 15:09:00+05:30,24276.94921875,24279.099609375,24271.0,24275.349609375,0
2026-08-26 15:10:00+05:30,24275.44921875,24280.25,24275.30078125,24278.05078125,0
2026-08-26 15:11:00+05:30,24278.30078125,24279.849609375,24275.44921875,24278.19921875,0
2026-08-26 15:12:00+05:30,24279.400390625,24283.0,24270.650390625,24278.849609375,0
2026-08-26 15:13:00+05:30,24279.30078125,24282.75,24276.650390625,24281.900390625,0
2026-08-26 15:14:00+05:30,24280.94921875,24284.349609375,24273.5,24276.599609375,0
2026-08-26 15:15:00+05:30,24276.900390625,24276.900390625,24276.900390625,24276.900390625,0
2026-08-26 15:16:00+05:30,24276.900390625,24276.900390625,24276.900390625,24276.900390625,0
2026-08-26 15:17:00+05:30,24276.900390625,24276.900390625,24276.900390625,24276.900390625,0
2026-08-26 15:18:00+05:30,24276.900390625,24276.900390625,24276.900390625,24276.900390625,0
2026-08-26 15:19:00+05:30,24276.900390625,24276.900390625,24276.900390625,24276.900390625,0
2026-08-26 15:20:00+05:30,24276.900390625,24276.900390625,24276.900390625,24276.900390625,0
2026-08-26 15:21:00+05:30,24276.900390625,24276.900390625,24276.900390625,24276.900390625,0
2026-08-26 15:22:00+05:30,24276.900390625,24276.900390625,24276.900390625,24276.900390625,0
2026-08-26 15:23:00+05:30,24276.900390625,24276.900390625,24276.900390625,24276.900390625,0
2026-08-26 15:24:00+05:30,24276.900390625,24276.900390625,24276.900390625,24276.900390625,0
2026-08-26 15:25:00+05:30,24276.900390625,24276.900390625,24276.900390625,24276.900390625,0
2026-08-26 15:26:00+05:30,24276.900390625,24276.900390625,24276.900390625,24276.900390625,0
2026-08-26 15:27:00+05:30,24276.900390625,24276.900390625,24276.900390625,24276.900390625,0
2026-08-26 15:28:00+05:30,24276.900390625,24276.900390625,24207.75,24207.75,0
2026-08-26 15:29:00+05:30,24207.75,24207.75,24207.75,24207.75,0
2026-08-27 09:15:00+05:30,24277.599609375,24295.80078125,24265.5,24294.900390625,0
2026-08-27 09:16:00+05:30,24296.650390625,24296.900390625,24274.099609375,24277.650390625,0
2026-08-27 09:17:00+05:30,24277.150390625,24277.349609375,24239.25,24244.25,0
2026-08-27 09:18:00+05:30,24242.94921875,24259.849609375,24241.55078125,24257.69921875,0
2026-08-27 09:19:00+05:30,24256.849609375,24262.599609375,24247.55078125,24250.05078125,0
2026-08-27 09:20:00+05:30,24249.30078125,24253.650390625,24241.349609375,24243.94921875,0
2026-08-27 09:21:00+05:30,24244.69921875,24251.69921875,24239.650390625,24242.69921875,0
2026-08-27 09:22:00+05:30,24243.849609375,24247.05078125,24230.94921875,24231.5,0
2026-08-27 09:23:00+05:30,24233.0,24233.0,24224.0,24228.05078125,0
2026-08-27 09:24:00+05:30,24228.349609375,24228.400390625,24223.099609375,24224.650390625,0
2026-08-27 09:25:00+05:30,24225.150390625,24228.599609375,24219.05078125,24225.349609375,0
2026-08-27 09:26:00+05:30,24227.349609375,24232.30078125,24222.05078125,24230.099609375,0
2026-08-27 09:27:00+05:30,24230.69921875,24232.0,24215.05078125,24216.94921875,0
2026-08-27 09:28:00+05:30,24217.69921875,24219.19921875,24203.400390625,24206.75,0
2026-08-27 09:29:00+05:30,24206.94921875,24208.099609375,24198.400390625,24201.099609375,0
2026-08-27 09:30:00+05:30,24202.5,24210.05078125,24201.25,24203.30078125,0
2026-08-27 09:31:00+05:30,24205.80078125,24209.0,24190.849609375,24191.75,0
2026-08-27 09:32:00+05:30,24192.94921875,24199.150390625,24188.80078125,24197.650390625,0
2026-08-27 09:33:00+05:30,24198.69921875,24203.55078125,24196.94921875,24203.55078125,0
2026-08-27 09:34:00+05:30,24203.650390625,24211.69921875,24202.94921875,24210.849609375,0
2026-08-27 09:35:00+05:30,24210.55078125,24216.900390625,24208.69921875,24209.150390625,0
2026-08-27 09:36:00+05:30,24209.650390625,24210.25,24198.900390625,24200.150390625,0
2026-08-27 09:37:00+05:30,24201.5,24201.5,24192.44921875,24199.80078125,0
2026-08-27 09:38:00+05:30,24200.25,24201.55078125,24196.19921875,24197.25,0
2026-08-27 09:39:00+05:30,24198.400390625,24202.69921875,24193.0,24198.650390625,0
2026-08-27 09:40:00+05:30,24200.650390625,24202.05078125,24195.94921875,24200.900390625,0
2026-08-27 09:41:00+05:30,24201.44921875,24206.150390625,24198.94921875,24200.80078125,0
2026-08-27 09:42:00+05:30,24202.599609375,24204.69921875,24197.75,24204.150390625,0
2026-08-27 09:43:00+05:30,24204.75,24209.599609375,24203.94921875,24208.599609375,0
2026-08-27 09:44:00+05:30,24209.900390625,24214.849609375,24207.69921875,24214.400390625,0
2026-08-27 09:45:00+05:30,24214.349609375,24218.69921875,24211.849609375,24216.19921875,0
2026-08-27 09:46:00+05:30,24217.599609375,24221.599609375,24212.94921875,24216.69921875,0
2026-08-27 09:47:00+05:30,24219.44921875,24224.80078125,24216.19921875,24217.349609375,0
2026-08-27 09:48:00+05:30,24218.75,24224.099609375,24215.80078125,24223.05078125,0
2026-08-27 09:49:00+05:30,24224.099609375,24228.19921875,24221.75,24225.099609375,0
2026-08-27 09:50:00+05:30,24225.849609375,24226.0,24211.650390625,24211.849609375,0
2026-08-27 09:51:00+05:30,24213.650390625,24213.650390625,24206.5,24209.05078125,0
2026-08-27 09:52:00+05:30,24210.69921875,24215.900390625,24210.5,24214.75,0
2026-08-27 09:53:00+05:30,24216.099609375,24220.099609375,24210.900390625,24218.44921875,0
2026-08-27 09:54:00+05:30,24217.94921875,24219.55078125,24209.599609375,24210.099609375,0
2026-08-27 09:55:00+05:30,24210.599609375,24211.30078125,24200.849609375,24205.849609375,0
2026-08-27 09:56:00+05:30,24206.0,24208.25,24203.349609375,24203.5,0
2026-08-27 09:57:00+05:30,24205.5,24207.0,24201.44921875,24203.44921875,0
2026-08-27 09:58:00+05:30,24204.599609375,24204.599609375,24190.150390625,24191.650390625,0
2026-08-27 09:59:00+05:30,24193.94921875,24198.19921875,24189.30078125,24196.75,0
2026-08-27 10:00:00+05:30,24196.099609375,24197.599609375,24185.44921875,24188.5,0
2026-08-27 10:01:00+05:30,24190.55078125,24191.75,24181.55078125,24185.05078125,0
2026-08-27 10:02:00+05:30,24185.5,24193.599609375,24183.19921875,24191.94921875,0
2026-08-27 10:03:00+05:30,24191.55078125,24191.55078125,24183.099609375,24188.30078125,0
2026-08-27 10:04:00+05:30,24190.5,24195.80078125,24188.5,24191.25,0
2026-08-27 10:05:00+05:30,24192.05078125,24192.05078125,24184.099609375,24185.25,0
2026-08-27 10:06:00+05:30,24187.849609375,24188.400390625,24183.349609375,24184.55078125,0
2026-08-27 10:07:00+05:30,24187.900390625,24194.55078125,24186.650390625,24191.94921875,0
2026-08-27 10:08:00+05:30,24192.80078125,24195.400390625,24187.94921875,24189.94921875,0
2026-08-27 10:09:00+05:30,24190.69921875,24196.44921875,24187.150390625,24195.80078125,0
2026-08-27 10:10:00+05:30,24195.900390625,24197.099609375,24189.25,24193.44921875,0
2026-08-27 10:11:00+05:30,24193.05078125,24194.75,24187.099609375,24191.80078125,0
2026-08-27 10:12:00+05:30,24192.94921875,24195.80078125,24190.0,24191.400390625,0
2026-08-27 10:13:00+05:30,24192.30078125,24192.44921875,24187.19921875,24187.30078125,0
2026-08-27 10:14:00+05:30,24188.650390625,24189.349609375,24180.05078125,24183.55078125,0
2026-08-27 10:15:00+05:30,24184.44921875,24192.30078125,24182.0,24191.0,0
2026-08-27 10:16:00+05:30,24191.44921875,24192.0,24187.05078125,24189.5,0
2026-08-27 10:17:00+05:30,24191.099609375,24191.75,24184.94921875,24186.5,0
2026-08-27 10:18:00+05:30,24187.55078125,24190.349609375,24183.94921875,24189.150390625,0
2026-08-27 10:19:00+05:30,24190.05078125,24191.80078125,24184.900390625,24188.30078125,0
2026-08-27 10:20:00+05:30,24188.0,24191.400390625,24186.25,24189.0,0
2026-08-27 10:21:00+05:30,24189.0,24191.400390625,24183.30078125,24184.650390625,0
2026-08-27 10:22:00+05:30,24186.75,24189.19921875,24183.900390625,24185.25,0
2026-08-27 10:23:00+05:30,24186.75,24189.44921875,24185.5,24186.650390625,0
2026-08-27 10:24:00+05:30,24187.150390625,24187.150390625,24181.400390625,24184.650390625,0
2026-08-27 10:25:00+05:30,24184.849609375,24184.849609375,24180.05078125,24183.30078125,0
2026-08-27 10:26:00+05:30,24184.5,24185.80078125,24178.650390625,24181.150390625,0
2026-08-27 10:27:00+05:30,24181.150390625,24187.69921875,24180.150390625,24186.349609375,0
2026-08-27 10:28:00+05:30,24188.05078125,24190.44921875,24183.0,24183.75,0
2026-08-27 10:29:00+05:30,24184.55078125,24186.400390625,24180.400390625,24182.5,0
2026-08-27 10:30:00+05:30,24183.05078125,24185.75,24178.25,24179.80078125,0
2026-08-27 10:31:00+05:30,24180.400390625,24184.349609375,24178.75,24183.75,0
2026-08-27 10:32:00+05:30,24183.69921875,24189.349609375,24181.55078125,24186.150390625,0
2026-08-27 10:33:00+05:30,24188.55078125,24191.900390625,24186.150390625,24190.69921875,0
2026-08-27 10:34:00+05:30,24190.94921875,24191.150390625,24185.80078125,24188.55078125,0
2026-08-27 10:35:00+05:30,24189.400390625,24190.849609375,24184.94921875,24185.849609375,0
2026-08-27 10:36:00+05:30,24186.80078125,24188.0,24183.75,24186.44921875,0
2026-08-27 10:37:00+05:30,24188.0,24188.80078125,24183.19921875,24183.19921875,0
2026-08-27 10:38:00+05:30,24185.55078125,24188.599609375,24183.25,24185.75,0
2026-08-27 10:39:00+05:30,24187.30078125,24187.400390625,24182.75,24184.25,0
2026-08-27 10:40:00+05:30,24185.69921875,24187.19921875,24181.30078125,24183.05078125,0
2026-08-27 10:41:00+05:30,24183.94921875,24185.0,24178.69921875,24180.69921875,0
2026-08-27 10:42:00+05:30,24181.900390625,24181.900390625,24177.80078125,24180.94921875,0
2026-08-27 10:43:00+05:30,24181.0,24181.69921875,24173.55078125,24176.19921875,0
2026-08-27 10:44:00+05:30,24177.900390625,24178.400390625,24169.099609375,24169.099609375,0
2026-08-27 10:45:00+05:30,24172.099609375,24173.69921875,24168.599609375,24169.099609375,0
2026-08-27 10:46:00+05:30,24170.69921875,24178.099609375,24167.80078125,24175.44921875,0
2026-08-27 10:47:00+05:30,24177.599609375,24179.75,24174.19921875,24175.400390625,0
2026-08-27 10:48:00+05:30,24176.0,24176.0,24169.849609375,24174.44921875,0
2026-08-27 10:49:00+05:30,24174.94921875,24176.0,24170.5,24171.599609375,0
2026-08-27 10:50:00+05:30,24173.099609375,24174.30078125,24165.94921875,24166.94921875,0
2026-08-27 10:51:00+05:30,24167.25,24168.349609375,24159.349609375,24161.0,0
2026-08-27 10:52:00+05:30,24162.349609375,24162.75,24158.30078125,24160.44921875,0
2026-08-27 10:53:00+05:30,24160.849609375,24162.30078125,24158.69921875,24160.349609375,0
2026-08-27 10:54:00+05:30,24160.94921875,24163.80078125,24157.849609375,24162.19921875,0
2026-08-27 10:55:00+05:30,24163.44921875,24164.599609375,24158.19921875,24159.349609375,0
2026-08-27 10:56:00+05:30,24160.650390625,24161.30078125,24156.099609375,24160.599609375,0
2026-08-27 10:57:00+05:30,24161.30078125,24161.30078125,24156.80078125,24158.44921875,0
2026-08-27 10:58:00+05:30,24159.650390625,24159.849609375,24154.25,24156.849609375,0
2026-08-27 10:59:00+05:30,24157.69921875,24160.80078125,24155.650390625,24159.650390625,0
2026-08-27 11:00:00+05:30,24161.150390625,24161.150390625,24155.900390625,24158.25,0
2026-08-27 11:01:00+05:30,24159.05078125,24159.150390625,24148.80078125,24150.69921875,0
2026-08-27 11:02:00+05:30,24151.099609375,24161.75,24150.900390625,24161.75,0
2026-08-27 11:03:00+05:30,24161.80078125,24164.75,24160.44921875,24161.599609375,0
2026-08-27 11:04:00+05:30,24161.94921875,24164.599609375,24159.400390625,24163.55078125,0
2026-08-27 11:05:00+05:30,24164.69921875,24167.30078125,24163.0,24164.94921875,0
2026-08-27 11:06:00+05:30,24166.25,24168.5,24162.75,24163.849609375,0
2026-08-27 11:07:00+05:30,24165.05078125,24167.099609375,24163.25,24164.94921875,0
2026-08-27 11:08:00+05:30,24166.150390625,24167.099609375,24160.75,24164.25,0
2026-08-27 11:09:00+05:30,24165.44921875,24168.75,24163.69921875,24166.150390625,0
2026-08-27 11:10:00+05:30,24167.099609375,24167.44921875,24163.400390625,24164.80078125,0
2026-08-27 11:11:00+05:30,24165.349609375,24165.349609375,24160.55078125,24161.900390625,0
2026-08-27 11:12:00+05:30,24162.75,24162.75,24159.650390625,24159.849609375,0
2026-08-27 11:13:00+05:30,24161.30078125,24162.69921875,24156.44921875,24158.75,0
2026-08-27 11:14:00+05:30,24160.599609375,24161.849609375,24155.75,24155.849609375,0
2026-08-27 11:15:00+05:30,24156.849609375,24156.94921875,24152.94921875,24156.05078125,0
2026-08-27 11:16:00+05:30,24157.099609375,24158.75,24152.900390625,24153.94921875,0
2026-08-27 11:17:00+05:30,24154.400390625,24157.44921875,24152.69921875,24153.349609375,0
2026-08-27 11:18:00+05:30,24154.5,24155.0,24148.05078125,24151.150390625,0
2026-08-27 11:19:00+05:30,24151.099609375,24152.599609375,24146.19921875,24146.349609375,0
2026-08-27 11:20:00+05:30,24147.349609375,24148.900390625,24141.599609375,24144.650390625,0
2026-08-27 11:21:00+05:30,24145.5,24147.80078125,24144.5,24145.25,0
2026-08-27 11:22:00+05:30,24146.69921875,24147.55078125,24140.75,24142.94921875,0
2026-08-27 11:23:00+05:30,24143.150390625,24143.150390625,24138.0,24139.44921875,0
2026-08-27 11:24:00+05:30,24140.19921875,24141.599609375,24138.69921875,24140.19921875,0
2026-08-27 11:25:00+05:30,24139.94921875,24144.25,24139.30078125,24142.75,0
2026-08-27 11:26:00+05:30,24142.849609375,24146.19921875,24140.69921875,24142.75,0
2026-08-27 11:27:00+05:30,24141.599609375,24144.30078125,24140.150390625,24141.19921875,0
2026-08-27 11:28:00+05:30,24141.75,24144.599609375,24137.650390625,24140.650390625,0
2026-08-27 11:29:00+05:30,24139.5,24146.400390625,24139.5,24144.05078125,0
2026-08-27 11:30:00+05:30,24144.55078125,24146.30078125,24141.599609375,24141.599609375,0
2026-08-27 11:31:00+05:30,24142.94921875,24153.5,24141.900390625,24151.849609375,0
2026-08-27 11:32:00+05:30,24151.94921875,24155.650390625,24146.650390625,24150.75,0
2026-08-27 11:33:00+05:30,24151.19921875,24155.80078125,24150.349609375,24152.650390625,0
2026-08-27 11:34:00+05:30,24152.5,24158.0,24150.94921875,24156.400390625,0
2026-08-27 11:35:00+05:30,24156.25,24159.94921875,24154.05078125,24157.400390625,0
2026-08-27 11:36:00+05:30,24156.75,24160.05078125,24155.30078125,24155.80078125,0
2026-08-27 11:37:00+05:30,24156.05078125,24160.099609375,24155.30078125,24155.849609375,0
2026-08-27 11:38:00+05:30,24156.05078125,24160.150390625,24153.150390625,24154.80078125,0
2026-08-27 11:39:00+05:30,24155.19921875,24158.19921875,24153.849609375,24155.349609375,0
2026-08-27 11:40:00+05:30,24155.0,24161.349609375,24154.400390625,24158.0,0
2026-08-27 11:41:00+05:30,24158.25,24162.19921875,24153.900390625,24155.44921875,0
2026-08-27 11:42:00+05:30,24155.69921875,24157.30078125,24149.400390625,24150.05078125,0
2026-08-27 11:43:00+05:30,24152.25,24154.650390625,24149.25,24152.599609375,0
2026-08-27 11:44:00+05:30,24151.94921875,24154.099609375,24150.19921875,24151.55078125,0
2026-08-27 11:45:00+05:30,24151.5,24153.30078125,24148.150390625,24151.0,0
2026-08-27 11:46:00+05:30,24151.900390625,24153.19921875,24147.900390625,24150.30078125,0
2026-08-27 11:47:00+05:30,24150.599609375,24155.650390625,24150.099609375,24152.150390625,0
2026-08-27 11:48:00+05:30,24152.05078125,24154.5,24150.599609375,24152.400390625,0
2026-08-27 11:49:00+05:30,24151.650390625,24153.75,24145.349609375,24148.44921875,0
2026-08-27 11:50:00+05:30,24148.849609375,24150.5,24144.94921875,24145.099609375,0
2026-08-27 11:51:00+05:30,24144.94921875,24151.099609375,24143.25,24149.19921875,0
2026-08-27 11:52:00+05:30,24151.099609375,24156.19921875,24148.19921875,24153.849609375,0
2026-08-27 11:53:00+05:30,24154.099609375,24157.30078125,24152.69921875,24155.30078125,0
2026-08-27 11:54:00+05:30,24155.0,24156.5,24152.849609375,24152.849609375,0
2026-08-27 11:55:00+05:30,24154.0,24158.599609375,24152.30078125,24157.80078125,0
2026-08-27 11:56:00+05:30,24157.5,24159.150390625,24153.55078125,24155.69921875,0
2026-08-27 11:57:00+05:30,24156.599609375,24160.25,24154.400390625,24156.80078125,0
2026-08-27 11:58:00+05:30,24157.05078125,24162.150390625,24155.400390625,24160.599609375,0
2026-08-27 11:59:00+05:30,24160.0,24163.400390625,24158.5,24158.80078125,0
2026-08-27 12:00:00+05:30,24158.849609375,24160.5,24152.150390625,24153.400390625,0
2026-08-27 12:01:00+05:30,24153.150390625,24156.75,24150.05078125,24151.150390625,0
2026-08-27 12:02:00+05:30,24151.25,24154.94921875,24146.19921875,24150.55078125,0
2026-08-27 12:03:00+05:30,24150.599609375,24155.650390625,24146.80078125,24149.849609375,0
2026-08-27 12:04:00+05:30,24149.05078125,24154.94921875,24146.94921875,24153.69921875,0
2026-08-27 12:05:00+05:30,24152.75,24154.099609375,24146.75,24147.30078125,0
2026-08-27 12:06:00+05:30,24146.5,24149.0,24144.150390625,24147.19921875,0
2026-08-27 12:07:00+05:30,24147.55078125,24148.80078125,24137.650390625,24139.650390625,0
2026-08-27 12:08:00+05:30,24137.900390625,24141.5,24133.80078125,24139.19921875,0
2026-08-27 12:09:00+05:30,24138.400390625,24146.44921875,24137.099609375,24142.099609375,0
2026-08-27 12:10:00+05:30,24141.30078125,24148.94921875,24140.94921875,24146.400390625,0
2026-08-27 12:11:00+05:30,24146.0,24147.19921875,24138.5,24140.19921875,0
2026-08-27 12:12:00+05:30,24140.19921875,24145.19921875,24139.0,24142.900390625,0
2026-08-27 12:13:00+05:30,24142.30078125,24150.849609375,24142.099609375,24150.849609375,0
2026-08-27 12:14:00+05:30,24150.5,24156.19921875,24150.5,24154.849609375,0
2026-08-27 12:15:00+05:30,24154.849609375,24157.94921875,24151.69921875,24152.94921875,0
2026-08-27 12:16:00+05:30,24153.400390625,24156.599609375,24151.19921875,24155.05078125,0
2026-08-27 12:17:00+05:30,24154.55078125,24161.80078125,24153.19921875,24157.69921875,0
2026-08-27 12:18:00+05:30,24157.69921875,24159.05078125,24151.30078125,24151.900390625,0
2026-08-27 12:19:00+05:30,24151.55078125,24152.75,24145.30078125,24146.5,0
2026-08-27 12:20:00+05:30,24146.099609375,24147.849609375,24141.650390625,24142.400390625,0
2026-08-27 12:21:00+05:30,24142.150390625,24148.80078125,24140.55078125,24145.599609375,0
2026-08-27 12:22:00+05:30,24145.94921875,24147.900390625,24143.25,24145.349609375,0
2026-08-27 12:23:00+05:30,24144.5,24146.849609375,24141.75,24142.25,0
2026-08-27 12:24:00+05:30,24143.25,24145.05078125,24141.349609375,24143.05078125,0
2026-08-27 12:25:00+05:30,24143.099609375,24152.5,24141.69921875,24149.599609375,0
2026-08-27 12:26:00+05:30,24149.30078125,24156.349609375,24149.30078125,24154.75,0
2026-08-27 12:27:00+05:30,24154.55078125,24162.25,24153.599609375,24158.349609375,0
2026-08-27 12:28:00+05:30,24158.599609375,24161.19921875,24156.400390625,24157.650390625,0
2026-08-27 12:29:00+05:30,24158.05078125,24160.44921875,24156.80078125,24158.349609375,0
2026-08-27 12:30:00+05:30,24158.0,24158.80078125,24152.349609375,24154.150390625,0
2026-08-27 12:31:00+05:30,24154.19921875,24160.150390625,24153.75,24155.150390625,0
2026-08-27 12:32:00+05:30,24155.400390625,24156.94921875,24151.05078125,24153.25,0
2026-08-27 12:33:00+05:30,24153.900390625,24156.349609375,24150.400390625,24153.25,0
2026-08-27 12:34:00+05:30,24153.25,24161.75,24150.19921875,24159.69921875,0
2026-08-27 12:35:00+05:30,24159.0,24162.150390625,24154.150390625,24155.75,0
2026-08-27 12:36:00+05:30,24155.19921875,24163.05078125,24153.349609375,24161.900390625,0
2026-08-27 12:37:00+05:30,24162.099609375,24169.94921875,24161.599609375,24167.80078125,0
2026-08-27 12:38:00+05:30,24167.650390625,24174.75,24165.80078125,24173.0,0
2026-08-27 12:39:00+05:30,24172.25,24176.75,24171.400390625,24174.25,0
2026-08-27 12:40:00+05:30,24173.94921875,24177.099609375,24172.75,24172.75,0
2026-08-27 12:41:00+05:30,24172.44921875,24177.400390625,24172.05078125,24175.55078125,0
2026-08-27 12:42:00+05:30,24175.400390625,24176.80078125,24170.19921875,24170.19921875,0
2026-08-27 12:43:00+05:30,24170.69921875,24171.80078125,24166.900390625,24166.94921875,0
2026-08-27 12:44:00+05:30,24167.650390625,24176.150390625,24167.650390625,24173.0,0
2026-08-27 12:45:00+05:30,24172.849609375,24175.650390625,24171.0,24171.099609375,0
2026-08-27 12:46:00+05:30,24171.5,24178.0,24170.75,24171.599609375,0
2026-08-27 12:47:00+05:30,24171.0,24173.400390625,24168.599609375,24169.599609375,0
2026-08-27 12:48:00+05:30,24169.099609375,24170.599609375,24166.0,24170.0,0
2026-08-27 12:49:00+05:30,24169.44921875,24178.400390625,24168.19921875,24176.5,0
2026-08-27 12:50:00+05:30,24177.099609375,24181.900390625,24167.400390625,24172.05078125,0
2026-08-27 12:51:00+05:30,24171.599609375,24178.5,24168.69921875,24175.349609375,0
2026-08-27 12:52:00+05:30,24175.80078125,24182.94921875,24174.69921875,24177.80078125,0
2026-08-27 12:53:00+05:30,24180.349609375,24190.05078125,24177.80078125,24186.349609375,0
2026-08-27 12:54:00+05:30,24186.25,24192.349609375,24186.25,24186.55078125,0
2026-08-27 12:55:00+05:30,24186.400390625,24188.650390625,24182.69921875,24182.69921875,0
2026-08-27 12:56:00+05:30,24183.19921875,24186.599609375,24181.0,24184.44921875,0
2026-08-27 12:57:00+05:30,24183.80078125,24186.650390625,24181.25,24182.349609375,0
2026-08-27 12:58:00+05:30,24182.900390625,24185.55078125,24181.69921875,24184.05078125,0
2026-08-27 12:59:00+05:30,24183.650390625,24184.650390625,24179.849609375,24180.05078125,0
2026-08-27 13:00:00+05:30,24180.5,24186.80078125,24179.25,24183.19921875,0
2026-08-27 13:01:00+05:30,24182.900390625,24184.349609375,24180.900390625,24182.599609375,0
2026-08-27 13:02:00+05:30,24181.80078125,24186.0,24179.19921875,24185.05078125,0
2026-08-27 13:03:00+05:30,24184.69921875,24189.19921875,24184.05078125,24186.400390625,0
2026-08-27 13:04:00+05:30,24186.30078125,24188.400390625,24181.19921875,24181.900390625,0
2026-08-27 13:05:00+05:30,24181.849609375,24184.650390625,24177.44921875,24179.099609375,0
2026-08-27 13:06:00+05:30,24179.400390625,24183.650390625,24176.150390625,24176.94921875,0
2026-08-27 13:07:00+05:30,24175.400390625,24181.30078125,24175.25,24179.94921875,0
2026-08-27 13:08:00+05:30,24180.650390625,24182.400390625,24176.900390625,24180.650390625,0
2026-08-27 13:09:00+05:30,24179.25,24186.099609375,24179.150390625,24182.75,0
2026-08-27 13:10:00+05:30,24182.150390625,24184.94921875,24180.650390625,24182.55078125,0
2026-08-27 13:11:00+05:30,24182.94921875,24187.05078125,24179.5,24183.900390625,0
2026-08-27 13:12:00+05:30,24183.650390625,24195.44921875,24183.400390625,24194.69921875,0
2026-08-27 13:13:00+05:30,24194.650390625,24195.55078125,24187.94921875,24192.25,0
2026-08-27 13:14:00+05:30,24191.69921875,24194.69921875,24188.69921875,24194.099609375,0
2026-08-27 13:15:00+05:30,24193.099609375,24199.900390625,24191.69921875,24195.349609375,0
2026-08-27 13:16:00+05:30,24194.80078125,24195.650390625,24188.900390625,24189.400390625,0
2026-08-27 13:17:00+05:30,24189.19921875,24191.05078125,24183.25,24185.650390625,0
2026-08-27 13:18:00+05:30,24185.80078125,24192.19921875,24182.849609375,24190.099609375,0
2026-08-27 13:19:00+05:30,24190.80078125,24193.400390625,24180.19921875,24186.30078125,0
2026-08-27 13:20:00+05:30,24185.650390625,24192.55078125,24183.0,24189.849609375,0
2026-08-27 13:21:00+05:30,24188.650390625,24191.75,24183.19921875,24184.900390625,0
2026-08-27 13:22:00+05:30,24183.75,24186.75,24181.19921875,24183.900390625,0
2026-08-27 13:23:00+05:30,24183.30078125,24191.05078125,24179.400390625,24189.75,0
2026-08-27 13:24:00+05:30,24189.349609375,24193.150390625,24188.44921875,24193.0,0
2026-08-27 13:25:00+05:30,24192.19921875,24193.5,24181.150390625,24183.650390625,0
2026-08-27 13:26:00+05:30,24183.75,24188.849609375,24180.75,24186.400390625,0
2026-08-27 13:27:00+05:30,24185.80078125,24188.0,24179.75,24182.30078125,0
2026-08-27 13:28:00+05:30,24181.94921875,24184.099609375,24174.75,24177.400390625,0
2026-08-27 13:29:00+05:30,24176.55078125,24184.900390625,24174.44921875,24182.30078125,0
2026-08-27 13:30:00+05:30,24181.05078125,24187.849609375,24174.400390625,24175.849609375,0
2026-08-27 13:31:00+05:30,24176.150390625,24176.94921875,24169.30078125,24170.55078125,0
2026-08-27 13:32:00+05:30,24170.55078125,24172.349609375,24168.349609375,24169.25,0
2026-08-27 13:33:00+05:30,24169.349609375,24177.80078125,24167.80078125,24176.44921875,0
2026-08-27 13:34:00+05:30,24177.0,24177.900390625,24172.150390625,24176.94921875,0
2026-08-27 13:35:00+05:30,24175.900390625,24178.900390625,24174.94921875,24177.599609375,0
2026-08-27 13:36:00+05:30,24177.599609375,24178.19921875,24172.900390625,24174.30078125,0
2026-08-27 13:37:00+05:30,24173.849609375,24175.5,24171.55078125,24173.55078125,0
2026-08-27 13:38:00+05:30,24174.599609375,24179.30078125,24173.05078125,24178.5,0
2026-08-27 13:39:00+05:30,24178.0,24181.69921875,24177.849609375,24179.099609375,0
2026-08-27 13:40:00+05:30,24178.849609375,24179.75,24174.650390625,24175.80078125,0
2026-08-27 13:41:00+05:30,24175.349609375,24176.650390625,24170.30078125,24173.44921875,0
2026-08-27 13:42:00+05:30,24172.80078125,24174.400390625,24168.5,24169.25,0
2026-08-27 13:43:00+05:30,24168.94921875,24170.900390625,24164.0,24165.05078125,0
2026-08-27 13:44:00+05:30,24167.05078125,24172.650390625,24163.150390625,24163.900390625,0
2026-08-27 13:45:00+05:30,24163.30078125,24165.150390625,24158.80078125,24158.849609375,0
2026-08-27 13:46:00+05:30,24159.75,24162.55078125,24155.19921875,24159.69921875,0
2026-08-27 13:47:00+05:30,24159.55078125,24161.099609375,24153.94921875,24154.849609375,0
2026-08-27 13:48:00+05:30,24155.400390625,24155.400390625,24136.19921875,24142.05078125,0
2026-08-27 13:49:00+05:30,24139.80078125,24146.849609375,24139.25,24143.349609375,0
2026-08-27 13:50:00+05:30,24142.94921875,24145.150390625,24140.599609375,24142.849609375,0
2026-08-27 13:51:00+05:30,24142.849609375,24144.599609375,24139.05078125,24139.5,0
2026-08-27 13:52:00+05:30,24139.55078125,24143.150390625,24139.25,24141.30078125,0
2026-08-27 13:53:00+05:30,24141.5,24143.25,24137.599609375,24139.30078125,0
2026-08-27 13:54:00+05:30,24139.25,24140.30078125,24136.30078125,24138.25,0
2026-08-27 13:55:00+05:30,24138.30078125,24139.900390625,24135.349609375,24136.19921875,0
2026-08-27 13:56:00+05:30,24136.5,24138.19921875,24134.650390625,24136.150390625,0
2026-08-27 13:57:00+05:30,24136.05078125,24137.69921875,24132.69921875,24134.650390625,0
2026-08-27 13:58:00+05:30,24135.0,24136.5,24129.25,24132.19921875,0
2026-08-27 13:59:00+05:30,24132.19921875,24134.05078125,24130.25,24131.25,0
2026-08-27 14:00:00+05:30,24130.80078125,24133.80078125,24128.150390625,24133.75,0
2026-08-27 14:01:00+05:30,24133.650390625,24135.30078125,24128.349609375,24131.69921875,0
2026-08-27 14:02:00+05:30,24132.0,24132.849609375,24129.599609375,24131.80078125,0
2026-08-27 14:03:00+05:30,24131.849609375,24133.5,24127.400390625,24128.19921875,0
2026-08-27 14:04:00+05:30,24128.650390625,24131.25,24128.349609375,24129.099609375,0
2026-08-27 14:05:00+05:30,24129.19921875,24134.19921875,24125.849609375,24133.400390625,0
2026-08-27 14:06:00+05:30,24133.44921875,24134.5,24128.19921875,24131.44921875,0
2026-08-27 14:07:00+05:30,24131.75,24132.55078125,24125.849609375,24125.900390625,0
2026-08-27 14:08:00+05:30,24125.650390625,24126.650390625,24121.19921875,24123.80078125,0
2026-08-27 14:09:00+05:30,24123.05078125,24124.849609375,24120.80078125,24123.94921875,0
2026-08-27 14:10:00+05:30,24125.75,24130.900390625,24122.5,24130.0,0
2026-08-27 14:11:00+05:30,24130.30078125,24137.55078125,24127.69921875,24136.349609375,0
2026-08-27 14:12:00+05:30,24136.80078125,24141.099609375,24135.55078125,24139.69921875,0
2026-08-27 14:13:00+05:30,24139.94921875,24143.05078125,24137.5,24141.099609375,0
2026-08-27 14:14:00+05:30,24141.150390625,24141.150390625,24129.19921875,24131.75,0
2026-08-27 14:15:00+05:30,24131.900390625,24136.75,24129.150390625,24132.30078125,0
2026-08-27 14:16:00+05:30,24133.25,24137.099609375,24131.19921875,24136.75,0
2026-08-27 14:17:00+05:30,24136.19921875,24141.94921875,24135.75,24139.599609375,0
2026-08-27 14:18:00+05:30,24138.400390625,24140.55078125,24134.30078125,24137.599609375,0
2026-08-27 14:19:00+05:30,24137.44921875,24144.0,24135.19921875,24142.69921875,0
2026-08-27 14:20:00+05:30,24142.80078125,24144.0,24139.349609375,24140.30078125,0
2026-08-27 14:21:00+05:30,24140.599609375,24143.75,24138.349609375,24143.55078125,0
2026-08-27 14:22:00+05:30,24143.44921875,24145.30078125,24140.80078125,24142.099609375,0
2026-08-27 14:23:00+05:30,24142.94921875,24147.400390625,24142.099609375,24145.650390625,0
2026-08-27 14:24:00+05:30,24146.19921875,24149.349609375,24145.05078125,24148.75,0
2026-08-27 14:25:00+05:30,24149.0,24149.55078125,24144.05078125,24146.150390625,0
2026-08-27 14:26:00+05:30,24146.400390625,24152.19921875,24145.19921875,24150.30078125,0
2026-08-27 14:27:00+05:30,24151.19921875,24152.150390625,24148.80078125,24151.30078125,0
2026-08-27 14:28:00+05:30,24150.94921875,24156.30078125,24150.44921875,24156.30078125,0
2026-08-27 14:29:00+05:30,24155.849609375,24158.0,24152.30078125,24158.0,0
2026-08-27 14:30:00+05:30,24158.150390625,24167.19921875,24158.150390625,24161.5,0
2026-08-27 14:31:00+05:30,24161.349609375,24162.25,24152.05078125,24152.05078125,0
2026-08-27 14:32:00+05:30,24152.30078125,24152.30078125,24138.099609375,24138.349609375,0
2026-08-27 14:33:00+05:30,24138.80078125,24149.44921875,24138.44921875,24147.30078125,0
2026-08-27 14:34:00+05:30,24146.94921875,24157.30078125,24146.80078125,24152.94921875,0
2026-08-27 14:35:00+05:30,24152.30078125,24152.69921875,24139.69921875,24142.19921875,0
2026-08-27 14:36:00+05:30,24141.849609375,24144.349609375,24138.849609375,24141.80078125,0
2026-08-27 14:37:00+05:30,24141.0,24150.150390625,24139.0,24147.05078125,0
2026-08-27 14:38:00+05:30,24147.349609375,24152.150390625,24144.650390625,24148.30078125,0
2026-08-27 14:39:00+05:30,24148.099609375,24153.80078125,24147.400390625,24153.400390625,0
2026-08-27 14:40:00+05:30,24153.30078125,24154.849609375,24145.55078125,24148.44921875,0
2026-08-27 14:41:00+05:30,24148.849609375,24150.69921875,24143.5,24144.75,0
2026-08-27 14:42:00+05:30,24144.650390625,24148.849609375,24143.0,24143.30078125,0
2026-08-27 14:43:00+05:30,24143.30078125,24146.80078125,24139.349609375,24139.44921875,0
2026-08-27 14:44:00+05:30,24140.349609375,24144.19921875,24140.349609375,24143.30078125,0
2026-08-27 14:45:00+05:30,24143.150390625,24146.099609375,24140.900390625,24143.849609375,0
2026-08-27 14:46:00+05:30,24145.25,24147.05078125,24141.69921875,24143.94921875,0
2026-08-27 14:47:00+05:30,24144.05078125,24150.900390625,24142.650390625,24149.05078125,0
2026-08-27 14:48:00+05:30,24149.69921875,24151.099609375,24146.900390625,24150.75,0
2026-08-27 14:49:00+05:30,24150.349609375,24154.400390625,24148.5,24152.19921875,0
2026-08-27 14:50:00+05:30,24152.650390625,24157.099609375,24151.69921875,24157.099609375,0
2026-08-27 14:51:00+05:30,24156.650390625,24157.55078125,24147.650390625,24148.5,0
2026-08-27 14:52:00+05:30,24149.30078125,24154.650390625,24144.650390625,24153.44921875,0
2026-08-27 14:53:00+05:30,24154.150390625,24155.599609375,24150.599609375,24152.849609375,0
2026-08-27 14:54:00+05:30,24153.55078125,24154.44921875,24149.55078125,24149.55078125,0
2026-08-27 14:55:00+05:30,24149.900390625,24154.400390625,24147.849609375,24151.19921875,0
2026-08-27 14:56:00+05:30,24152.400390625,24155.900390625,24150.19921875,24153.55078125,0
2026-08-27 14:57:00+05:30,24154.349609375,24155.400390625,24150.25,24151.849609375,0
2026-08-27 14:58:00+05:30,24152.150390625,24155.400390625,24149.400390625,24150.599609375,0
2026-08-27 14:59:00+05:30,24149.80078125,24156.30078125,24149.349609375,24156.30078125,0
2026-08-27 15:00:00+05:30,24155.94921875,24160.19921875,24153.599609375,24157.599609375,0
2026-08-27 15:01:00+05:30,24158.5,24162.25,24156.099609375,24160.44921875,0
2026-08-27 15:02:00+05:30,24160.55078125,24161.80078125,24156.44921875,24157.150390625,0
2026-08-27 15:03:00+05:30,24158.650390625,24158.650390625,24150.900390625,24153.5,0
2026-08-27 15:04:00+05:30,24153.900390625,24154.05078125,24147.55078125,24148.099609375,0
2026-08-27 15:05:00+05:30,24150.25,24150.25,24142.849609375,24146.900390625,0
2026-08-27 15:06:00+05:30,24148.5,24148.5,24139.650390625,24141.900390625,0
2026-08-27 15:07:00+05:30,24142.0,24149.69921875,24139.30078125,24147.5,0
2026-08-27 15:08:00+05:30,24148.75,24148.75,24141.69921875,24143.099609375,0
2026-08-27 15:09:00+05:30,24143.80078125,24145.400390625,24137.0,24143.25,0
2026-08-27 15:10:00+05:30,24143.900390625,24145.5,24140.900390625,24144.599609375,0
2026-08-27 15:11:00+05:30,24144.099609375,24146.94921875,24137.44921875,24144.75,0
2026-08-27 15:12:00+05:30,24144.75,24146.80078125,24132.5,24139.599609375,0
2026-08-27 15:13:00+05:30,24139.150390625,24143.94921875,24136.5,24138.400390625,0
2026-08-27 15:14:00+05:30,24138.25,24142.150390625,24128.599609375,24134.30078125,0
2026-08-27 15:15:00+05:30,24133.599609375,24133.599609375,24133.05078125,24133.05078125,0
2026-08-27 15:16:00+05:30,24133.05078125,24133.05078125,24133.05078125,24133.05078125,0
2026-08-27 15:17:00+05:30,24133.05078125,24133.05078125,24133.05078125,24133.05078125,0
2026-08-27 15:18:00+05:30,24133.05078125,24133.05078125,24133.05078125,24133.05078125,0
2026-08-27 15:19:00+05:30,24133.05078125,24133.05078125,24133.05078125,24133.05078125,0
2026-08-27 15:20:00+05:30,24133.05078125,24133.05078125,24133.05078125,24133.05078125,0
2026-08-27 15:21:00+05:30,24133.05078125,24133.05078125,24133.05078125,24133.05078125,0
2026-08-27 15:22:00+05:30,24133.05078125,24133.05078125,24133.05078125,24133.05078125,0
2026-08-27 15:23:00+05:30,24133.05078125,24133.05078125,24133.05078125,24133.05078125,0
2026-08-27 15:24:00+05:30,24133.05078125,24133.05078125,24133.05078125,24133.05078125,0
2026-08-27 15:25:00+05:30,24133.05078125,24133.05078125,24133.05078125,24133.05078125,0
2026-08-27 15:26:00+05:30,24133.05078125,24133.05078125,24133.05078125,24133.05078125,0
2026-08-27 15:27:00+05:30,24133.05078125,24133.05078125,24133.05078125,24133.05078125,0
2026-08-27 15:28:00+05:30,24133.05078125,24133.05078125,24090.849609375,24090.849609375,0
2026-08-27 15:29:00+05:30,24090.849609375,24090.849609375,24090.849609375,24090.849609375,0
2026-08-28 09:15:00+05:30,24128.94921875,24145.80078125,24114.94921875,24121.25,0
2026-08-28 09:16:00+05:30,24122.80078125,24131.80078125,24111.55078125,24123.30078125,0
2026-08-28 09:17:00+05:30,24125.69921875,24138.599609375,24119.80078125,24125.25,0
2026-08-28 09:18:00+05:30,24124.900390625,24126.44921875,24115.5,24117.400390625,0
2026-08-28 09:19:00+05:30,24118.94921875,24120.55078125,24110.400390625,24112.19921875,0
2026-08-28 09:20:00+05:30,24113.0,24118.44921875,24107.099609375,24112.05078125,0
2026-08-28 09:21:00+05:30,24113.69921875,24125.94921875,24112.099609375,24124.55078125,0
2026-08-28 09:22:00+05:30,24125.75,24127.80078125,24111.650390625,24112.30078125,0
2026-08-28 09:23:00+05:30,24113.599609375,24120.69921875,24112.69921875,24115.099609375,0
2026-08-28 09:24:00+05:30,24116.849609375,24131.400390625,24112.599609375,24129.55078125,0
2026-08-28 09:25:00+05:30,24131.5,24145.599609375,24131.0,24144.80078125,0
2026-08-28 09:26:00+05:30,24146.5,24151.099609375,24141.69921875,24149.599609375,0
2026-08-28 09:27:00+05:30,24150.55078125,24157.650390625,24148.650390625,24154.900390625,0
2026-08-28 09:28:00+05:30,24156.94921875,24156.94921875,24144.19921875,24146.400390625,0
2026-08-28 09:29:00+05:30,24147.650390625,24151.19921875,24143.650390625,24149.55078125,0
2026-08-28 09:30:00+05:30,24148.349609375,24154.349609375,24140.849609375,24142.94921875,0
2026-08-28 09:31:00+05:30,24144.650390625,24152.55078125,24137.80078125,24141.349609375,0
2026-08-28 09:32:00+05:30,24142.44921875,24151.25,24140.55078125,24149.150390625,0
2026-08-28 09:33:00+05:30,24151.19921875,24153.099609375,24144.80078125,24147.349609375,0
2026-08-28 09:34:00+05:30,24147.94921875,24154.900390625,24144.849609375,24145.44921875,0
2026-08-28 09:35:00+05:30,24149.150390625,24149.150390625,24143.69921875,24144.75,0
2026-08-28 09:36:00+05:30,24145.0,24148.099609375,24136.69921875,24137.75,0
2026-08-28 09:37:00+05:30,24138.900390625,24140.44921875,24130.400390625,24139.80078125,0
2026-08-28 09:38:00+05:30,24140.19921875,24141.30078125,24134.80078125,24135.150390625,0
2026-08-28 09:39:00+05:30,24136.400390625,24145.150390625,24134.849609375,24140.349609375,0
2026-08-28 09:40:00+05:30,24141.099609375,24147.25,24138.599609375,24146.099609375,0
2026-08-28 09:41:00+05:30,24148.19921875,24150.19921875,24145.69921875,24148.05078125,0
2026-08-28 09:42:00+05:30,24150.150390625,24157.30078125,24148.599609375,24157.30078125,0
2026-08-28 09:43:00+05:30,24158.30078125,24166.150390625,24158.30078125,24162.5,0
2026-08-28 09:44:00+05:30,24162.849609375,24163.69921875,24160.69921875,24160.900390625,0
2026-08-28 09:45:00+05:30,24161.400390625,24163.05078125,24158.0,24158.650390625,0
2026-08-28 09:46:00+05:30,24161.150390625,24161.150390625,24152.05078125,24152.05078125,0
2026-08-28 09:47:00+05:30,24153.05078125,24153.30078125,24148.099609375,24151.849609375,0
2026-08-28 09:48:00+05:30,24153.349609375,24155.19921875,24148.900390625,24150.44921875,0
2026-08-28 09:49:00+05:30,24150.349609375,24151.150390625,24144.44921875,24146.94921875,0
2026-08-28 09:50:00+05:30,24148.30078125,24150.69921875,24143.19921875,24146.400390625,0
2026-08-28 09:51:00+05:30,24148.55078125,24150.349609375,24142.19921875,24143.55078125,0
2026-08-28 09:52:00+05:30,24144.30078125,24145.44921875,24136.150390625,24143.19921875,0
2026-08-28 09:53:00+05:30,24144.599609375,24148.30078125,24141.44921875,24147.599609375,0
2026-08-28 09:54:00+05:30,24149.75,24155.69921875,24147.849609375,24154.900390625,0
2026-08-28 09:55:00+05:30,24156.19921875,24159.650390625,24153.94921875,24157.349609375,0
2026-08-28 09:56:00+05:30,24160.099609375,24160.099609375,24154.05078125,24157.55078125,0
2026-08-28 09:57:00+05:30,24159.05078125,24159.05078125,24152.75,24155.69921875,0
2026-08-28 09:58:00+05:30,24158.0,24161.099609375,24156.599609375,24159.0,0
2026-08-28 09:59:00+05:30,24161.30078125,24161.30078125,24155.19921875,24156.5,0
2026-08-28 10:00:00+05:30,24158.30078125,24159.150390625,24149.5,24149.5,0
2026-08-28 10:01:00+05:30,24151.0,24153.0,24146.650390625,24147.55078125,0
2026-08-28 10:02:00+05:30,24148.69921875,24149.55078125,24145.30078125,24148.849609375,0
2026-08-28 10:03:00+05:30,24149.900390625,24154.05078125,24149.44921875,24150.5,0
2026-08-28 10:04:00+05:30,24152.150390625,24152.150390625,24146.05078125,24146.05078125,0
2026-08-28 10:05:00+05:30,24147.0,24149.69921875,24144.94921875,24145.349609375,0
2026-08-28 10:06:00+05:30,24147.05078125,24147.05078125,24141.75,24142.44921875,0
2026-08-28 10:07:00+05:30,24143.650390625,24153.19921875,24141.5,24151.80078125,0
2026-08-28 10:08:00+05:30,24154.05078125,24157.94921875,24150.650390625,24156.599609375,0
2026-08-28 10:09:00+05:30,24157.44921875,24158.650390625,24151.44921875,24151.94921875,0
2026-08-28 10:10:00+05:30,24153.05078125,24154.099609375,24150.80078125,24152.5,0
2026-08-28 10:11:00+05:30,24153.55078125,24154.55078125,24150.650390625,24153.55078125,0
2026-08-28 10:12:00+05:30,24154.44921875,24161.44921875,24153.19921875,24160.0,0
2026-08-28 10:13:00+05:30,24161.19921875,24162.650390625,24158.19921875,24161.349609375,0
2026-08-28 10:14:00+05:30,24163.44921875,24167.849609375,24162.150390625,24167.19921875,0
2026-08-28 10:15:00+05:30,24168.25,24172.94921875,24166.94921875,24170.099609375,0
2026-08-28 10:16:00+05:30,24171.44921875,24178.94921875,24169.94921875,24177.69921875,0
2026-08-28 10:17:00+05:30,24177.650390625,24188.30078125,24176.599609375,24179.349609375,0
2026-08-28 10:18:00+05:30,24180.349609375,24180.349609375,24169.5,24172.69921875,0
2026-08-28 10:19:00+05:30,24174.0,24174.650390625,24165.0,24165.0,0
2026-08-28 10:20:00+05:30,24166.599609375,24168.900390625,24164.30078125,24167.900390625,0
2026-08-28 10:21:00+05:30,24168.94921875,24168.94921875,24161.5,24162.44921875,0
2026-08-28 10:22:00+05:30,24164.30078125,24169.05078125,24163.400390625,24166.05078125,0
2026-08-28 10:23:00+05:30,24166.94921875,24169.0,24164.69921875,24167.80078125,0
2026-08-28 10:24:00+05:30,24168.69921875,24170.55078125,24166.25,24170.19921875,0
2026-08-28 10:25:00+05:30,24171.099609375,24172.349609375,24163.05078125,24163.5,0
2026-08-28 10:26:00+05:30,24165.05078125,24166.25,24158.55078125,24165.0,0
2026-08-28 10:27:00+05:30,24166.599609375,24168.599609375,24162.25,24163.900390625,0
2026-08-28 10:28:00+05:30,24165.599609375,24167.55078125,24162.400390625,24166.599609375,0
2026-08-28 10:29:00+05:30,24168.849609375,24170.599609375,24166.5,24169.849609375,0
2026-08-28 10:30:00+05:30,24171.25,24171.25,24163.75,24163.75,0
2026-08-28 10:31:00+05:30,24165.80078125,24166.44921875,24160.400390625,24160.849609375,0
2026-08-28 10:32:00+05:30,24162.349609375,24167.0,24161.55078125,24165.44921875,0
2026-08-28 10:33:00+05:30,24166.599609375,24166.69921875,24160.75,24161.400390625,0
2026-08-28 10:34:00+05:30,24163.599609375,24164.099609375,24160.150390625,24160.80078125,0
2026-08-28 10:35:00+05:30,24162.19921875,24162.5,24157.349609375,24157.650390625,0
2026-08-28 10:36:00+05:30,24159.19921875,24162.849609375,24157.5,24160.849609375,0
2026-08-28 10:37:00+05:30,24161.900390625,24163.30078125,24158.55078125,24161.099609375,0
2026-08-28 10:38:00+05:30,24163.30078125,24164.099609375,24159.650390625,24160.94921875,0
2026-08-28 10:39:00+05:30,24162.25,24164.55078125,24160.30078125,24161.94921875,0
2026-08-28 10:40:00+05:30,24163.25,24167.69921875,24161.69921875,24162.69921875,0
2026-08-28 10:41:00+05:30,24164.80078125,24168.099609375,24162.900390625,24165.30078125,0
2026-08-28 10:42:00+05:30,24166.150390625,24167.099609375,24162.75,24163.69921875,0
2026-08-28 10:43:00+05:30,24164.650390625,24165.099609375,24157.0,24159.400390625,0
2026-08-28 10:44:00+05:30,24160.25,24162.75,24154.75,24156.150390625,0
2026-08-28 10:45:00+05:30,24157.05078125,24157.05078125,24152.849609375,24154.0,0
2026-08-28 10:46:00+05:30,24155.650390625,24155.650390625,24151.69921875,24152.19921875,0
2026-08-28 10:47:00+05:30,24153.25,24159.599609375,24152.349609375,24157.650390625,0
2026-08-28 10:48:00+05:30,24158.349609375,24160.75,24156.75,24157.30078125,0
2026-08-28 10:49:00+05:30,24158.25,24165.650390625,24156.849609375,24163.400390625,0
2026-08-28 10:50:00+05:30,24163.94921875,24168.900390625,24163.099609375,24167.099609375,0
2026-08-28 10:51:00+05:30,24168.150390625,24170.599609375,24164.94921875,24165.349609375,0
2026-08-28 10:52:00+05:30,24165.69921875,24166.099609375,24162.5,24162.849609375,0
2026-08-28 10:53:00+05:30,24163.400390625,24164.69921875,24159.599609375,24159.75,0
2026-08-28 10:54:00+05:30,24160.150390625,24162.19921875,24155.44921875,24155.599609375,0
2026-08-28 10:55:00+05:30,24157.0,24157.0,24149.75,24150.650390625,0
2026-08-28 10:56:00+05:30,24152.150390625,24157.349609375,24150.5,24156.75,0
2026-08-28 10:57:00+05:30,24157.599609375,24159.69921875,24155.099609375,24156.75,0
2026-08-28 10:58:00+05:30,24157.900390625,24161.94921875,24156.75,24159.94921875,0
2026-08-28 10:59:00+05:30,24160.75,24160.75,24154.5,24155.69921875,0
2026-08-28 11:00:00+05:30,24156.80078125,24157.400390625,24152.94921875,24154.5,0
2026-08-28 11:01:00+05:30,24155.05078125,24161.349609375,24152.650390625,24159.849609375,0
2026-08-28 11:02:00+05:30,24159.94921875,24163.0,24159.400390625,24161.099609375,0
2026-08-28 11:03:00+05:30,24161.0,24161.349609375,24158.150390625,24158.25,0
2026-08-28 11:04:00+05:30,24159.30078125,24162.25,24156.55078125,24160.25,0
2026-08-28 11:05:00+05:30,24162.05078125,24163.30078125,24157.30078125,24158.650390625,0
2026-08-28 11:06:00+05:30,24159.099609375,24159.650390625,24153.099609375,24155.349609375,0
2026-08-28 11:07:00+05:30,24156.19921875,24156.19921875,24149.0,24149.900390625,0
2026-08-28 11:08:00+05:30,24151.0,24153.19921875,24149.25,24151.25,0
2026-08-28 11:09:00+05:30,24152.099609375,24152.099609375,24141.55078125,24142.44921875,0
2026-08-28 11:10:00+05:30,24143.05078125,24148.05078125,24141.94921875,24144.900390625,0
2026-08-28 11:11:00+05:30,24146.599609375,24147.349609375,24143.400390625,24145.80078125,0
2026-08-28 11:12:00+05:30,24147.05078125,24156.900390625,24146.150390625,24155.0,0
2026-08-28 11:13:00+05:30,24156.75,24160.400390625,24155.94921875,24158.55078125,0
2026-08-28 11:14:00+05:30,24160.099609375,24166.05078125,24158.849609375,24160.94921875,0
2026-08-28 11:15:00+05:30,24162.69921875,24163.400390625,24160.0,24161.599609375,0
2026-08-28 11:16:00+05:30,24162.0,24162.0,24155.5,24160.0,0
2026-08-28 11:17:00+05:30,24160.44921875,24160.44921875,24153.05078125,24154.44921875,0
2026-08-28 11:18:00+05:30,24156.30078125,24156.30078125,24147.849609375,24148.900390625,0
2026-08-28 11:19:00+05:30,24149.650390625,24154.05078125,24149.150390625,24151.5,0
2026-08-28 11:20:00+05:30,24151.75,24152.30078125,24146.55078125,24146.849609375,0
2026-08-28 11:21:00+05:30,24147.30078125,24148.849609375,24143.599609375,24145.30078125,0
2026-08-28 11:22:00+05:30,24145.05078125,24145.599609375,24140.5,24144.80078125,0
2026-08-28 11:23:00+05:30,24144.650390625,24146.849609375,24140.349609375,24140.349609375,0
2026-08-28 11:24:00+05:30,24141.150390625,24141.80078125,24138.150390625,24140.5,0
2026-08-28 11:25:00+05:30,24139.900390625,24140.30078125,24136.25,24138.19921875,0
2026-08-28 11:26:00+05:30,24139.19921875,24139.44921875,24127.900390625,24128.55078125,0
2026-08-28 11:27:00+05:30,24129.05078125,24134.05078125,24127.30078125,24129.69921875,0
2026-08-28 11:28:00+05:30,24130.30078125,24130.30078125,24124.650390625,24126.400390625,0
2026-08-28 11:29:00+05:30,24125.55078125,24126.0,24117.0,24117.849609375,0
2026-08-28 11:30:00+05:30,24117.849609375,24122.849609375,24114.94921875,24119.650390625,0
2026-08-28 11:31:00+05:30,24120.55078125,24122.400390625,24116.25,24121.0,0
2026-08-28 11:32:00+05:30,24122.150390625,24123.19921875,24113.900390625,24119.05078125,0
2026-08-28 11:33:00+05:30,24119.55078125,24119.55078125,24105.69921875,24105.75,0
2026-08-28 11:34:00+05:30,24106.94921875,24108.55078125,24102.94921875,24107.75,0
2026-08-28 11:35:00+05:30,24108.44921875,24108.94921875,24094.599609375,24095.0,0
2026-08-28 11:36:00+05:30,24096.0,24096.0,24092.849609375,24094.80078125,0
2026-08-28 11:37:00+05:30,24095.849609375,24101.25,24093.94921875,24099.19921875,0
2026-08-28 11:38:00+05:30,24101.400390625,24105.25,24099.55078125,24103.55078125,0
2026-08-28 11:39:00+05:30,24104.44921875,24104.44921875,24101.0,24101.30078125,0
2026-08-28 11:40:00+05:30,24101.650390625,24104.80078125,24100.5,24102.900390625,0
2026-08-28 11:41:00+05:30,24103.75,24107.75,24102.44921875,24104.5,0
2026-08-28 11:42:00+05:30,24104.400390625,24104.400390625,24098.05078125,24099.55078125,0
2026-08-28 11:43:00+05:30,24099.80078125,24102.400390625,24098.05078125,24102.30078125,0
2026-08-28 11:44:00+05:30,24103.5,24106.349609375,24101.19921875,24105.69921875,0
2026-08-28 11:45:00+05:30,24106.349609375,24106.349609375,24098.099609375,24102.44921875,0
2026-08-28 11:46:00+05:30,24102.650390625,24103.5,24100.099609375,24101.25,0
2026-08-28 11:47:00+05:30,24101.349609375,24104.150390625,24100.650390625,24102.75,0
2026-08-28 11:48:00+05:30,24103.349609375,24105.099609375,24100.94921875,24103.5,0
2026-08-28 11:49:00+05:30,24103.80078125,24107.150390625,24100.55078125,24105.599609375,0
2026-08-28 11:50:00+05:30,24106.400390625,24108.75,24104.19921875,24107.94921875,0
2026-08-28 11:51:00+05:30,24109.5,24109.650390625,24103.44921875,24104.849609375,0
2026-08-28 11:52:00+05:30,24105.900390625,24106.5,24100.650390625,24102.69921875,0
2026-08-28 11:53:00+05:30,24103.55078125,24104.150390625,24098.55078125,24099.349609375,0
2026-08-28 11:54:00+05:30,24100.55078125,24102.25,24098.25,24098.25,0
2026-08-28 11:55:00+05:30,24099.94921875,24100.150390625,24094.599609375,24096.19921875,0
2026-08-28 11:56:00+05:30,24097.25,24097.650390625,24085.55078125,24086.80078125,0
2026-08-28 11:57:00+05:30,24087.400390625,24087.400390625,24077.099609375,24077.75,0
2026-08-28 11:58:00+05:30,24078.55078125,24086.19921875,24077.0,24085.0,0
2026-08-28 11:59:00+05:30,24086.0,24089.599609375,24081.19921875,24083.150390625,0
2026-08-28 12:00:00+05:30,24084.25,24086.349609375,24082.599609375,24083.400390625,0
2026-08-28 12:01:00+05:30,24084.099609375,24086.099609375,24081.849609375,24083.599609375,0
2026-08-28 12:02:00+05:30,24084.099609375,24085.19921875,24082.94921875,24083.44921875,0
2026-08-28 12:03:00+05:30,24084.099609375,24084.55078125,24080.0,24080.19921875,0
2026-08-28 12:04:00+05:30,24081.75,24091.80078125,24080.349609375,24088.05078125,0
2026-08-28 12:05:00+05:30,24089.94921875,24090.599609375,24085.650390625,24086.75,0
2026-08-28 12:06:00+05:30,24087.19921875,24089.5,24085.30078125,24089.44921875,0
2026-08-28 12:07:00+05:30,24088.900390625,24094.0,24088.900390625,24092.650390625,0
2026-08-28 12:08:00+05:30,24093.900390625,24098.69921875,24093.5,24094.69921875,0
2026-08-28 12:09:00+05:30,24094.849609375,24096.0,24086.30078125,24086.30078125,0
2026-08-28 12:10:00+05:30,24086.75,24087.349609375,24081.80078125,24082.80078125,0
2026-08-28 12:11:00+05:30,24083.19921875,24083.80078125,24077.0,24077.94921875,0
2026-08-28 12:12:00+05:30,24079.19921875,24081.75,24077.5,24080.099609375,0
2026-08-28 12:13:00+05:30,24080.650390625,24085.400390625,24079.900390625,24085.349609375,0
2026-08-28 12:14:00+05:30,24085.599609375,24088.80078125,24084.099609375,24086.900390625,0
2026-08-28 12:15:00+05:30,24087.599609375,24089.80078125,24085.30078125,24088.5,0
2026-08-28 12:16:00+05:30,24088.650390625,24090.0,24085.150390625,24086.05078125,0
2026-08-28 12:17:00+05:30,24086.849609375,24089.0,24084.75,24088.05078125,0
2026-08-28 12:18:00+05:30,24088.650390625,24089.69921875,24086.25,24089.150390625,0
2026-08-28 12:19:00+05:30,24088.099609375,24089.55078125,24086.55078125,24088.75,0
2026-08-28 12:20:00+05:30,24089.80078125,24095.44921875,24089.349609375,24093.25,0
2026-08-28 12:21:00+05:30,24094.0,24094.69921875,24089.94921875,24092.94921875,0
2026-08-28 12:22:00+05:30,24093.599609375,24094.05078125,24088.400390625,24089.75,0
2026-08-28 12:23:00+05:30,24090.30078125,24092.099609375,24085.30078125,24086.150390625,0
2026-08-28 12:24:00+05:30,24086.25,24089.05078125,24083.849609375,24085.94921875,0
2026-08-28 12:25:00+05:30,24087.25,24088.44921875,24084.099609375,24086.80078125,0
2026-08-28 12:26:00+05:30,24087.849609375,24090.849609375,24087.400390625,24090.849609375,0
2026-08-28 12:27:00+05:30,24089.849609375,24094.099609375,24089.80078125,24093.0,0
2026-08-28 12:28:00+05:30,24093.80078125,24093.80078125,24090.30078125,24091.55078125,0
2026-08-28 12:29:00+05:30,24093.5,24096.099609375,24091.44921875,24094.650390625,0
2026-08-28 12:30:00+05:30,24096.150390625,24098.0,24094.94921875,24096.099609375,0
2026-08-28 12:31:00+05:30,24096.5,24099.94921875,24093.44921875,24097.849609375,0
2026-08-28 12:32:00+05:30,24098.75,24101.25,24097.19921875,24099.44921875,0
2026-08-28 12:33:00+05:30,24100.650390625,24103.30078125,24098.349609375,24099.05078125,0
2026-08-28 12:34:00+05:30,24100.099609375,24103.349609375,24098.55078125,24101.400390625,0
2026-08-28 12:35:00+05:30,24102.19921875,24104.5,24099.349609375,24101.05078125,0
2026-08-28 12:36:00+05:30,24102.400390625,24103.900390625,24100.0,24103.25,0
2026-08-28 12:37:00+05:30,24104.400390625,24108.099609375,24099.650390625,24102.349609375,0
2026-08-28 12:38:00+05:30,24103.0,24106.05078125,24101.5,24102.599609375,0
2026-08-28 12:39:00+05:30,24105.0,24108.0,24103.25,24105.849609375,0
2026-08-28 12:40:00+05:30,24106.650390625,24107.30078125,24103.849609375,24105.05078125,0
2026-08-28 12:41:00+05:30,24106.849609375,24108.0,24104.650390625,24105.150390625,0
2026-08-28 12:42:00+05:30,24106.19921875,24107.19921875,24104.599609375,24106.05078125,0
2026-08-28 12:43:00+05:30,24106.80078125,24107.80078125,24105.150390625,24106.099609375,0
2026-08-28 12:44:00+05:30,24107.0,24107.55078125,24104.349609375,24105.599609375,0
2026-08-28 12:45:00+05:30,24105.80078125,24105.80078125,24101.94921875,24102.94921875,0
2026-08-28 12:46:00+05:30,24103.80078125,24106.80078125,24102.30078125,24106.150390625,0
2026-08-28 12:47:00+05:30,24106.599609375,24107.69921875,24103.650390625,24104.94921875,0
2026-08-28 12:48:00+05:30,24105.900390625,24108.900390625,24102.349609375,24106.75,0
2026-08-28 12:49:00+05:30,24107.19921875,24109.80078125,24105.75,24109.80078125,0
2026-08-28 12:50:00+05:30,24109.650390625,24109.650390625,24104.75,24105.69921875,0
2026-08-28 12:51:00+05:30,24107.849609375,24109.099609375,24106.0,24108.30078125,0
2026-08-28 12:52:00+05:30,24108.75,24109.5,24105.55078125,24107.69921875,0
2026-08-28 12:53:00+05:30,24108.400390625,24110.94921875,24106.30078125,24107.44921875,0
2026-08-28 12:54:00+05:30,24107.75,24108.5,24104.349609375,24105.30078125,0
2026-08-28 12:55:00+05:30,24106.69921875,24106.69921875,24100.25,24103.30078125,0
2026-08-28 12:56:00+05:30,24103.75,24105.30078125,24100.599609375,24103.150390625,0
2026-08-28 12:57:00+05:30,24103.849609375,24105.400390625,24099.5,24101.75,0
2026-08-28 12:58:00+05:30,24102.650390625,24104.150390625,24099.94921875,24100.0,0
2026-08-28 12:59:00+05:30,24101.150390625,24101.900390625,24096.44921875,24096.44921875,0
2026-08-28 13:00:00+05:30,24098.69921875,24099.349609375,24095.75,24097.30078125,0
2026-08-28 13:01:00+05:30,24098.400390625,24100.19921875,24094.599609375,24096.0,0
2026-08-28 13:02:00+05:30,24096.75,24097.80078125,24093.69921875,24096.25,0
2026-08-28 13:03:00+05:30,24096.849609375,24099.75,24093.099609375,24097.349609375,0
2026-08-28 13:04:00+05:30,24097.900390625,24098.05078125,24092.0,24093.19921875,0
2026-08-28 13:05:00+05:30,24094.44921875,24096.849609375,24090.30078125,24090.849609375,0
2026-08-28 13:06:00+05:30,24092.900390625,24095.05078125,24089.349609375,24093.30078125,0
2026-08-28 13:07:00+05:30,24094.849609375,24098.75,24093.5,24096.900390625,0
2026-08-28 13:08:00+05:30,24097.650390625,24102.94921875,24096.44921875,24098.349609375,0
2026-08-28 13:09:00+05:30,24099.150390625,24103.349609375,24097.69921875,24102.099609375,0
2026-08-28 13:10:00+05:30,24103.55078125,24105.19921875,24100.599609375,24103.400390625,0
2026-08-28 13:11:00+05:30,24104.05078125,24108.69921875,24101.900390625,24108.5,0
2026-08-28 13:12:00+05:30,24109.400390625,24110.0,24101.30078125,24104.099609375,0
2026-08-28 13:13:00+05:30,24104.849609375,24107.69921875,24102.0,24105.599609375,0
2026-08-28 13:14:00+05:30,24106.349609375,24106.650390625,24102.69921875,24103.55078125,0
2026-08-28 13:15:00+05:30,24105.349609375,24106.0,24100.30078125,24102.849609375,0
2026-08-28 13:16:00+05:30,24103.69921875,24106.5,24101.099609375,24101.099609375,0
2026-08-28 13:17:00+05:30,24102.650390625,24104.599609375,24101.099609375,24103.599609375,0
2026-08-28 13:18:00+05:30,24104.44921875,24109.80078125,24103.150390625,24106.25,0
2026-08-28 13:19:00+05:30,24107.5,24110.349609375,24107.19921875,24107.55078125,0
2026-08-28 13:20:00+05:30,24108.55078125,24109.849609375,24104.400390625,24107.599609375,0
2026-08-28 13:21:00+05:30,24109.25,24109.400390625,24106.349609375,24108.400390625,0
2026-08-28 13:22:00+05:30,24109.05078125,24113.25,24107.650390625,24111.5,0
2026-08-28 13:23:00+05:30,24112.05078125,24112.5,24106.849609375,24107.80078125,0
2026-08-28 13:24:00+05:30,24109.5,24110.849609375,24107.599609375,24108.599609375,0
2026-08-28 13:25:00+05:30,24110.69921875,24112.400390625,24107.599609375,24109.599609375,0
2026-08-28 13:26:00+05:30,24109.849609375,24113.19921875,24109.5,24112.55078125,0
2026-08-28 13:27:00+05:30,24113.55078125,24116.44921875,24102.30078125,24102.75,0
2026-08-28 13:28:00+05:30,24103.25,24104.349609375,24098.05078125,24099.55078125,0
2026-08-28 13:29:00+05:30,24100.94921875,24101.19921875,24095.5,24096.150390625,0
2026-08-28 13:30:00+05:30,24097.25,24099.599609375,24095.30078125,24098.349609375,0
2026-08-28 13:31:00+05:30,24099.44921875,24101.400390625,24098.400390625,24099.05078125,0
2026-08-28 13:32:00+05:30,24100.30078125,24103.900390625,24099.900390625,24102.900390625,0
2026-08-28 13:33:00+05:30,24103.75,24110.25,24103.0,24108.55078125,0
2026-08-28 13:34:00+05:30,24109.55078125,24112.94921875,24108.349609375,24109.849609375,0
2026-08-28 13:35:00+05:30,24111.150390625,24111.599609375,24107.55078125,24108.69921875,0
2026-08-28 13:36:00+05:30,24109.19921875,24109.400390625,24105.400390625,24109.05078125,0
2026-08-28 13:37:00+05:30,24109.599609375,24113.94921875,24108.69921875,24112.400390625,0
2026-08-28 13:38:00+05:30,24112.05078125,24113.400390625,24110.55078125,24112.150390625,0
2026-08-28 13:39:00+05:30,24112.80078125,24114.099609375,24110.099609375,24111.80078125,0
2026-08-28 13:40:00+05:30,24112.650390625,24117.75,24111.5,24116.05078125,0
2026-08-28 13:41:00+05:30,24117.30078125,24119.0,24111.30078125,24112.400390625,0
2026-08-28 13:42:00+05:30,24113.150390625,24113.150390625,24109.5,24112.19921875,0
2026-08-28 13:43:00+05:30,24112.69921875,24114.75,24111.150390625,24112.849609375,0
2026-08-28 13:44:00+05:30,24113.650390625,24114.05078125,24111.849609375,24113.099609375,0
2026-08-28 13:45:00+05:30,24114.25,24114.599609375,24111.05078125,24112.44921875,0
2026-08-28 13:46:00+05:30,24113.0,24113.349609375,24110.650390625,24111.25,0
2026-08-28 13:47:00+05:30,24112.150390625,24112.349609375,24108.5,24108.55078125,0
2026-08-28 13:48:00+05:30,24109.599609375,24109.599609375,24100.900390625,24103.30078125,0
2026-08-28 13:49:00+05:30,24103.94921875,24105.69921875,24101.30078125,24103.75,0
2026-08-28 13:50:00+05:30,24104.900390625,24105.599609375,24100.94921875,24105.19921875,0
2026-08-28 13:51:00+05:30,24105.55078125,24105.599609375,24097.44921875,24099.75,0
2026-08-28 13:52:00+05:30,24100.30078125,24105.44921875,24099.5,24104.30078125,0
2026-08-28 13:53:00+05:30,24105.099609375,24105.349609375,24102.099609375,24103.349609375,0
2026-08-28 13:54:00+05:30,24104.150390625,24104.400390625,24101.650390625,24103.349609375,0
2026-08-28 13:55:00+05:30,24104.150390625,24104.150390625,24097.900390625,24099.900390625,0
2026-08-28 13:56:00+05:30,24101.75,24103.150390625,24097.849609375,24102.599609375,0
2026-08-28 13:57:00+05:30,24103.05078125,24107.150390625,24101.150390625,24106.349609375,0
2026-08-28 13:58:00+05:30,24106.44921875,24111.25,24104.900390625,24110.349609375,0
2026-08-28 13:59:00+05:30,24111.400390625,24112.25,24109.19921875,24110.849609375,0
2026-08-28 14:00:00+05:30,24111.900390625,24112.099609375,24107.55078125,24109.650390625,0
2026-08-28 14:01:00+05:30,24109.80078125,24111.5,24106.44921875,24108.150390625,0
2026-08-28 14:02:00+05:30,24109.099609375,24111.69921875,24108.05078125,24110.5,0
2026-08-28 14:03:00+05:30,24111.69921875,24111.900390625,24105.94921875,24107.650390625,0
2026-08-28 14:04:00+05:30,24107.599609375,24109.25,24101.25,24102.900390625,0
2026-08-28 14:05:00+05:30,24103.75,24104.150390625,24100.5,24100.69921875,0
2026-08-28 14:06:00+05:30,24102.400390625,24102.55078125,24098.55078125,24100.5,0
2026-08-28 14:07:00+05:30,24100.25,24105.25,24099.30078125,24104.94921875,0
2026-08-28 14:08:00+05:30,24104.75,24106.44921875,24102.30078125,24102.94921875,0
2026-08-28 14:09:00+05:30,24103.80078125,24106.25,24101.650390625,24103.650390625,0
2026-08-28 14:10:00+05:30,24103.849609375,24108.900390625,24103.0,24108.900390625,0
2026-08-28 14:11:00+05:30,24108.55078125,24112.30078125,24107.55078125,24109.75,0
2026-08-28 14:12:00+05:30,24109.400390625,24112.650390625,24108.05078125,24109.0,0
2026-08-28 14:13:00+05:30,24109.55078125,24113.349609375,24107.30078125,24110.80078125,0
2026-08-28 14:14:00+05:30,24111.69921875,24112.19921875,24109.150390625,24110.80078125,0
2026-08-28 14:15:00+05:30,24111.900390625,24112.400390625,24107.150390625,24108.400390625,0
2026-08-28 14:16:00+05:30,24108.75,24115.599609375,24108.0,24114.0,0
2026-08-28 14:17:00+05:30,24114.80078125,24117.150390625,24113.75,24116.25,0
2026-08-28 14:18:00+05:30,24116.94921875,24119.150390625,24113.44921875,24115.400390625,0
2026-08-28 14:19:00+05:30,24115.650390625,24116.0,24108.80078125,24109.849609375,0
2026-08-28 14:20:00+05:30,24109.44921875,24112.900390625,24109.44921875,24110.44921875,0
2026-08-28 14:21:00+05:30,24111.599609375,24115.599609375,24110.30078125,24113.849609375,0
2026-08-28 14:22:00+05:30,24114.0,24114.599609375,24109.30078125,24112.0,0
2026-08-28 14:23:00+05:30,24113.55078125,24114.19921875,24109.849609375,24113.55078125,0
2026-08-28 14:24:00+05:30,24114.5,24115.94921875,24112.5,24115.900390625,0
2026-08-28 14:25:00+05:30,24115.599609375,24117.05078125,24113.19921875,24115.25,0
2026-08-28 14:26:00+05:30,24115.80078125,24116.75,24112.94921875,24114.44921875,0
2026-08-28 14:27:00+05:30,24115.400390625,24117.099609375,24114.099609375,24116.900390625,0
2026-08-28 14:28:00+05:30,24117.05078125,24119.650390625,24115.150390625,24117.19921875,0
2026-08-28 14:29:00+05:30,24118.349609375,24121.30078125,24117.099609375,24120.349609375,0
2026-08-28 14:30:00+05:30,24120.44921875,24123.69921875,24119.30078125,24121.75,0
2026-08-28 14:31:00+05:30,24122.599609375,24123.80078125,24116.650390625,24117.44921875,0
2026-08-28 14:32:00+05:30,24118.5,24118.5,24114.5,24116.400390625,0
2026-08-28 14:33:00+05:30,24116.75,24117.849609375,24113.099609375,24117.55078125,0
2026-08-28 14:34:00+05:30,24118.05078125,24122.900390625,24117.55078125,24120.19921875,0
2026-08-28 14:35:00+05:30,24120.80078125,24121.599609375,24115.75,24117.349609375,0
2026-08-28 14:36:00+05:30,24117.94921875,24121.75,24116.599609375,24119.349609375,0
2026-08-28 14:37:00+05:30,24119.5,24122.44921875,24117.75,24120.05078125,0
2026-08-28 14:38:00+05:30,24119.400390625,24122.25,24119.30078125,24120.44921875,0
2026-08-28 14:39:00+05:30,24121.349609375,24121.94921875,24117.80078125,24118.900390625,0
2026-08-28 14:40:00+05:30,24119.44921875,24119.900390625,24115.349609375,24117.30078125,0
2026-08-28 14:41:00+05:30,24117.94921875,24118.900390625,24114.75,24116.25,0
2026-08-28 14:42:00+05:30,24116.75,24117.25,24113.849609375,24117.25,0
2026-08-28 14:43:00+05:30,24117.25,24119.099609375,24115.900390625,24118.55078125,0
2026-08-28 14:44:00+05:30,24119.0,24121.30078125,24117.349609375,24118.099609375,0
2026-08-28 14:45:00+05:30,24119.0,24119.44921875,24116.349609375,24117.44921875,0
2026-08-28 14:46:00+05:30,24117.900390625,24117.900390625,24114.25,24115.150390625,0
2026-08-28 14:47:00+05:30,24115.5,24117.94921875,24113.5,24117.80078125,0
2026-08-28 14:48:00+05:30,24118.30078125,24123.349609375,24117.55078125,24122.349609375,0
2026-08-28 14:49:00+05:30,24123.30078125,24127.5,24122.19921875,24126.650390625,0
2026-08-28 14:50:00+05:30,24128.349609375,24136.650390625,24124.30078125,24134.69921875,0
2026-08-28 14:51:00+05:30,24136.19921875,24138.05078125,24130.099609375,24131.849609375,0
2026-08-28 14:52:00+05:30,24131.849609375,24137.599609375,24130.5,24136.150390625,0
2026-08-28 14:53:00+05:30,24136.80078125,24139.349609375,24134.94921875,24136.19921875,0
2026-08-28 14:54:00+05:30,24137.30078125,24140.150390625,24133.849609375,24138.349609375,0
2026-08-28 14:55:00+05:30,24139.349609375,24140.75,24134.94921875,24135.75,0
2026-08-28 14:56:00+05:30,24136.650390625,24136.650390625,24131.75,24132.25,0
2026-08-28 14:57:00+05:30,24133.599609375,24135.0,24130.44921875,24132.25,0
2026-08-28 14:58:00+05:30,24132.5,24133.30078125,24129.150390625,24129.19921875,0
2026-08-28 14:59:00+05:30,24130.44921875,24133.05078125,24128.69921875,24129.44921875,0
2026-08-28 15:00:00+05:30,24128.44921875,24129.0,24121.0,24122.0,0
2026-08-28 15:01:00+05:30,24120.900390625,24122.849609375,24116.05078125,24117.25,0
2026-08-28 15:02:00+05:30,24117.94921875,24118.349609375,24107.0,24108.69921875,0
2026-08-28 15:03:00+05:30,24107.55078125,24111.349609375,24105.05078125,24107.150390625,0
2026-08-28 15:04:00+05:30,24104.900390625,24111.849609375,24104.900390625,24108.900390625,0
2026-08-28 15:05:00+05:30,24108.94921875,24114.150390625,24108.25,24109.80078125,0
2026-08-28 15:06:00+05:30,24110.05078125,24113.150390625,24108.849609375,24110.80078125,0
2026-08-28 15:07:00+05:30,24110.349609375,24114.19921875,24109.80078125,24112.30078125,0
2026-08-28 15:08:00+05:30,24111.650390625,24119.75,24111.44921875,24119.599609375,0
2026-08-28 15:09:00+05:30,24117.94921875,24124.44921875,24116.44921875,24123.0,0
2026-08-28 15:10:00+05:30,24122.30078125,24129.849609375,24121.75,24128.05078125,0
2026-08-28 15:11:00+05:30,24127.44921875,24155.400390625,24124.55078125,24152.80078125,0
2026-08-28 15:12:00+05:30,24149.80078125,24159.099609375,24146.75,24152.55078125,0
2026-08-28 15:13:00+05:30,24150.900390625,24155.69921875,24147.400390625,24148.55078125,0
2026-08-28 15:14:00+05:30,24148.650390625,24150.75,24139.44921875,24142.94921875,0
2026-08-28 15:15:00+05:30,24142.44921875,24142.44921875,24142.44921875,24142.44921875,0
2026-08-28 15:16:00+05:30,24142.44921875,24142.44921875,24142.44921875,24142.44921875,0
2026-08-28 15:17:00+05:30,24142.44921875,24142.44921875,24142.44921875,24142.44921875,0
2026-08-28 15:18:00+05:30,24142.44921875,24142.44921875,24142.44921875,24142.44921875,0
2026-08-28 15:19:00+05:30,24142.44921875,24142.44921875,24142.44921875,24142.44921875,0
2026-08-28 15:20:00+05:30,24142.44921875,24142.44921875,24142.44921875,24142.44921875,0
2026-08-28 15:21:00+05:30,24142.44921875,24142.44921875,24142.44921875,24142.44921875,0
2026-08-28 15:22:00+05:30,24142.44921875,24142.44921875,24142.44921875,24142.44921875,0
2026-08-28 15:23:00+05:30,24142.44921875,24142.44921875,24142.44921875,24142.44921875,0
2026-08-28 15:24:00+05:30,24142.44921875,24142.44921875,24142.44921875,24142.44921875,0
2026-08-28 15:25:00+05:30,24142.44921875,24142.44921875,24142.44921875,24142.44921875,0
2026-08-28 15:26:00+05:30,24142.44921875,24142.44921875,24142.44921875,24142.44921875,0
2026-08-28 15:27:00+05:30,24142.44921875,24142.44921875,24142.44921875,24142.44921875,0
2026-08-28 15:28:00+05:30,24142.44921875,24142.44921875,24142.44921875,24142.44921875,0
2026-08-28 15:29:00+05:30,24142.44921875,24175.650390625,24142.44921875,24175.650390625,0
2026-08-31 09:15:00+05:30,24117.099609375,24126.55078125,24041.94921875,24042.30078125,0
2026-08-31 09:16:00+05:30,24046.75,24061.599609375,24040.19921875,24056.55078125,0
2026-08-31 09:17:00+05:30,24056.80078125,24068.25,24050.25,24064.69921875,0
2026-08-31 09:18:00+05:30,24068.44921875,24068.44921875,24048.75,24058.05078125,0
2026-08-31 09:19:00+05:30,24060.30078125,24068.75,24055.55078125,24065.05078125,0
2026-08-31 09:20:00+05:30,24067.19921875,24084.19921875,24057.599609375,24082.30078125,0
2026-08-31 09:21:00+05:30,24085.099609375,24085.099609375,24069.55078125,24072.849609375,0
2026-08-31 09:22:00+05:30,24075.400390625,24083.599609375,24071.099609375,24075.349609375,0
2026-08-31 09:23:00+05:30,24077.44921875,24077.650390625,24070.650390625,24071.900390625,0
2026-08-31 09:24:00+05:30,24073.599609375,24073.75,24062.900390625,24066.69921875,0
2026-08-31 09:25:00+05:30,24068.80078125,24070.80078125,24061.75,24064.400390625,0
2026-08-31 09:26:00+05:30,24066.25,24066.25,24047.30078125,24049.19921875,0
2026-08-31 09:27:00+05:30,24050.400390625,24055.19921875,24039.44921875,24040.5,0
2026-08-31 09:28:00+05:30,24041.900390625,24046.0,24039.900390625,24041.94921875,0
2026-08-31 09:29:00+05:30,24043.75,24045.650390625,24037.05078125,24043.05078125,0
2026-08-31 09:30:00+05:30,24045.5,24050.099609375,24043.30078125,24047.19921875,0
2026-08-31 09:31:00+05:30,24047.900390625,24047.900390625,24039.80078125,24043.099609375,0
2026-08-31 09:32:00+05:30,24045.94921875,24064.5,24043.650390625,24060.05078125,0
2026-08-31 09:33:00+05:30,24061.94921875,24064.900390625,24056.900390625,24064.05078125,0
2026-08-31 09:34:00+05:30,24066.599609375,24067.400390625,24057.099609375,24057.55078125,0
2026-08-31 09:35:00+05:30,24060.0,24060.0,24050.349609375,24052.0,0
2026-08-31 09:36:00+05:30,24052.69921875,24056.0,24048.849609375,24053.69921875,0
2026-08-31 09:37:00+05:30,24057.099609375,24059.44921875,24053.400390625,24059.400390625,0
2026-08-31 09:38:00+05:30,24060.599609375,24063.0,24048.400390625,24050.099609375,0
2026-08-31 09:39:00+05:30,24051.900390625,24051.900390625,24045.650390625,24046.900390625,0
2026-08-31 09:40:00+05:30,24049.44921875,24049.75,24041.25,24048.650390625,0
2026-08-31 09:41:00+05:30,24050.5,24050.5,24040.55078125,24042.349609375,0
2026-08-31 09:42:00+05:30,24045.5,24045.5,24031.599609375,24033.0,0
2026-08-31 09:43:00+05:30,24034.849609375,24035.05078125,24026.400390625,24028.599609375,0
2026-08-31 09:44:00+05:30,24030.400390625,24030.55078125,24024.400390625,24024.599609375,0
2026-08-31 09:45:00+05:30,24026.650390625,24026.849609375,24019.650390625,24026.55078125,0
2026-08-31 09:46:00+05:30,24028.30078125,24035.849609375,24026.900390625,24035.44921875,0
2026-08-31 09:47:00+05:30,24038.400390625,24038.400390625,24032.099609375,24036.0,0
2026-08-31 09:48:00+05:30,24037.30078125,24037.30078125,24024.0,24027.69921875,0
2026-08-31 09:49:00+05:30,24030.5,24030.5,24024.94921875,24026.19921875,0
2026-08-31 09:50:00+05:30,24026.94921875,24033.900390625,24024.80078125,24029.400390625,0
2026-08-31 09:51:00+05:30,24032.94921875,24036.150390625,24031.099609375,24033.5,0
2026-08-31 09:52:00+05:30,24035.69921875,24035.69921875,24023.0,24023.55078125,0
2026-08-31 09:53:00+05:30,24026.25,24030.05078125,24021.5,24026.400390625,0
2026-08-31 09:54:00+05:30,24027.900390625,24029.19921875,24021.94921875,24023.349609375,0
2026-08-31 09:55:00+05:30,24026.599609375,24026.599609375,24020.599609375,24020.849609375,0
2026-08-31 09:56:00+05:30,24023.900390625,24023.900390625,24013.349609375,24014.349609375,0
2026-08-31 09:57:00+05:30,24015.80078125,24019.25,24013.25,24018.19921875,0
2026-08-31 09:58:00+05:30,24020.05078125,24024.19921875,24018.5,24022.849609375,0
2026-08-31 09:59:00+05:30,24024.849609375,24026.25,24019.900390625,24025.5,0
2026-08-31 10:00:00+05:30,24027.650390625,24033.25,24026.55078125,24030.900390625,0
2026-08-31 10:01:00+05:30,24032.650390625,24032.900390625,24025.44921875,24027.349609375,0
2026-08-31 10:02:00+05:30,24029.099609375,24032.0,24026.650390625,24028.150390625,0
2026-08-31 10:03:00+05:30,24030.849609375,24030.849609375,24023.400390625,24028.0,0
2026-08-31 10:04:00+05:30,24029.150390625,24033.75,24027.25,24032.69921875,0
2026-08-31 10:05:00+05:30,24032.19921875,24040.30078125,24030.400390625,24040.30078125,0
2026-08-31 10:06:00+05:30,24041.30078125,24042.0,24035.349609375,24040.19921875,0
2026-08-31 10:07:00+05:30,24042.69921875,24043.349609375,24038.75,24040.849609375,0
2026-08-31 10:08:00+05:30,24041.400390625,24042.75,24037.80078125,24039.400390625,0
2026-08-31 10:09:00+05:30,24041.25,24041.25,24028.349609375,24029.75,0
2026-08-31 10:10:00+05:30,24032.150390625,24032.150390625,24016.30078125,24018.400390625,0
2026-08-31 10:11:00+05:30,24021.75,24021.75,24013.099609375,24014.94921875,0
2026-08-31 10:12:00+05:30,24018.099609375,24018.099609375,24010.5,24010.69921875,0
2026-08-31 10:13:00+05:30,24013.05078125,24021.94921875,24010.80078125,24019.900390625,0
2026-08-31 10:14:00+05:30,24021.900390625,24022.19921875,24016.05078125,24017.849609375,0
2026-08-31 10:15:00+05:30,24018.69921875,24018.75,24015.5,24016.849609375,0
2026-08-31 10:16:00+05:30,24019.400390625,24021.150390625,24014.30078125,24014.55078125,0
2026-08-31 10:17:00+05:30,24017.25,24018.80078125,24012.80078125,24016.75,0
2026-08-31 10:18:00+05:30,24017.900390625,24018.900390625,24013.30078125,24014.900390625,0
2026-08-31 10:19:00+05:30,24016.94921875,24016.94921875,24010.650390625,24012.150390625,0
2026-08-31 10:20:00+05:30,24013.80078125,24013.80078125,24007.150390625,24007.94921875,0
2026-08-31 10:21:00+05:30,24009.55078125,24011.099609375,24007.30078125,24009.849609375,0
2026-08-31 10:22:00+05:30,24011.30078125,24015.44921875,24009.19921875,24014.5,0
2026-08-31 10:23:00+05:30,24017.5,24017.5,24008.25,24008.94921875,0
2026-08-31 10:24:00+05:30,24011.150390625,24011.150390625,24004.849609375,24009.5,0
2026-08-31 10:25:00+05:30,24010.849609375,24011.0,24005.75,24010.69921875,0
2026-08-31 10:26:00+05:30,24013.150390625,24023.650390625,24009.5,24023.650390625,0
2026-08-31 10:27:00+05:30,24024.94921875,24027.75,24022.75,24027.5,0
2026-08-31 10:28:00+05:30,24029.099609375,24033.0,24027.349609375,24031.349609375,0
2026-08-31 10:29:00+05:30,24033.30078125,24033.30078125,24026.849609375,24028.849609375,0
2026-08-31 10:30:00+05:30,24029.650390625,24032.099609375,24026.94921875,24028.599609375,0
2026-08-31 10:31:00+05:30,24030.900390625,24030.900390625,24024.650390625,24026.099609375,0
2026-08-31 10:32:00+05:30,24027.44921875,24029.400390625,24020.849609375,24021.30078125,0
2026-08-31 10:33:00+05:30,24024.30078125,24024.30078125,24012.099609375,24013.05078125,0
2026-08-31 10:34:00+05:30,24015.099609375,24015.099609375,24008.05078125,24008.05078125,0
2026-08-31 10:35:00+05:30,24012.0,24012.0,24006.900390625,24009.0,0
2026-08-31 10:36:00+05:30,24010.94921875,24010.94921875,24006.0,24007.19921875,0
2026-08-31 10:37:00+05:30,24009.75,24009.75,24000.69921875,24002.94921875,0
2026-08-31 10:38:00+05:30,24004.80078125,24004.80078125,23998.099609375,23999.900390625,0
2026-08-31 10:39:00+05:30,24001.599609375,24007.849609375,23999.349609375,24002.099609375,0
2026-08-31 10:40:00+05:30,24004.55078125,24005.80078125,23997.44921875,24001.44921875,0
2026-08-31 10:41:00+05:30,24001.900390625,24003.400390625,23998.900390625,24002.599609375,0
2026-08-31 10:42:00+05:30,24004.44921875,24004.599609375,23999.94921875,24001.80078125,0
2026-08-31 10:43:00+05:30,24003.55078125,24011.0,24001.599609375,24009.69921875,0
2026-08-31 10:44:00+05:30,24013.150390625,24013.150390625,24007.75,24010.650390625,0
2026-08-31 10:45:00+05:30,24012.25,24015.25,24009.44921875,24011.099609375,0
2026-08-31 10:46:00+05:30,24014.599609375,24014.599609375,24007.400390625,24007.75,0
2026-08-31 10:47:00+05:30,24009.94921875,24012.5,24004.44921875,24006.19921875,0
2026-08-31 10:48:00+05:30,24008.05078125,24009.30078125,24005.30078125,24007.5,0
2026-08-31 10:49:00+05:30,24009.05078125,24009.900390625,24006.5,24007.05078125,0
2026-08-31 10:50:00+05:30,24009.599609375,24009.80078125,24002.55078125,24003.44921875,0
2026-08-31 10:51:00+05:30,24005.55078125,24005.55078125,23997.150390625,23998.75,0
2026-08-31 10:52:00+05:30,24000.75,24003.55078125,23997.650390625,24001.900390625,0
2026-08-31 10:53:00+05:30,24005.150390625,24006.69921875,24001.650390625,24006.400390625,0
2026-08-31 10:54:00+05:30,24008.349609375,24010.349609375,24002.5,24003.80078125,0
2026-08-31 10:55:00+05:30,24005.80078125,24005.80078125,24001.44921875,24005.599609375,0
2026-08-31 10:56:00+05:30,24006.30078125,24006.75,24001.30078125,24004.69921875,0
2026-08-31 10:57:00+05:30,24006.19921875,24012.25,24004.30078125,24007.25,0
2026-08-31 10:58:00+05:30,24009.349609375,24012.94921875,24007.19921875,24012.44921875,0
2026-08-31 10:59:00+05:30,24014.05078125,24015.80078125,24009.150390625,24010.30078125,0
2026-08-31 11:00:00+05:30,24012.650390625,24015.94921875,24008.44921875,24014.849609375,0
2026-08-31 11:01:00+05:30,24016.099609375,24017.19921875,24011.5,24013.44921875,0
2026-08-31 11:02:00+05:30,24015.69921875,24016.80078125,24010.80078125,24012.650390625,0
2026-08-31 11:03:00+05:30,24013.650390625,24013.650390625,24008.650390625,24009.80078125,0
2026-08-31 11:04:00+05:30,24011.75,24012.5,24008.599609375,24011.400390625,0
2026-08-31 11:05:00+05:30,24011.69921875,24014.099609375,24008.69921875,24009.0,0
2026-08-31 11:06:00+05:30,24010.19921875,24010.55078125,24002.400390625,24004.150390625,0
2026-08-31 11:07:00+05:30,24005.099609375,24005.44921875,23999.0,24002.0,0
2026-08-31 11:08:00+05:30,24003.30078125,24004.30078125,23998.150390625,23999.099609375,0
2026-08-31 11:09:00+05:30,24000.599609375,24000.599609375,23995.69921875,23997.44921875,0
2026-08-31 11:10:00+05:30,23999.19921875,23999.44921875,23996.19921875,23998.0,0
2026-08-31 11:11:00+05:30,23999.599609375,24001.69921875,23994.75,23994.900390625,0
2026-08-31 11:12:00+05:30,23997.44921875,23997.44921875,23993.849609375,23995.69921875,0
2026-08-31 11:13:00+05:30,23997.0,24000.0,23994.5,23995.599609375,0
2026-08-31 11:14:00+05:30,23998.69921875,24002.69921875,23995.75,24001.599609375,0
2026-08-31 11:15:00+05:30,24003.30078125,24006.349609375,24000.25,24002.599609375,0
2026-08-31 11:16:00+05:30,24004.94921875,24007.599609375,24002.150390625,24004.69921875,0
2026-08-31 11:17:00+05:30,24007.05078125,24007.05078125,24002.900390625,24006.44921875,0
2026-08-31 11:18:00+05:30,24008.05078125,24009.349609375,24003.80078125,24004.599609375,0
2026-08-31 11:19:00+05:30,24005.650390625,24007.400390625,24003.19921875,24004.150390625,0
2026-08-31 11:20:00+05:30,24006.099609375,24006.849609375,24001.75,24004.80078125,0
2026-08-31 11:21:00+05:30,24006.30078125,24006.30078125,24000.650390625,24003.94921875,0
2026-08-31 11:22:00+05:30,24005.44921875,24009.30078125,24002.849609375,24007.75,0
2026-08-31 11:23:00+05:30,24008.900390625,24009.900390625,24006.55078125,24007.349609375,0
2026-08-31 11:24:00+05:30,24008.55078125,24008.55078125,24002.80078125,24002.94921875,0
2026-08-31 11:25:00+05:30,24005.849609375,24005.849609375,24001.849609375,24003.94921875,0
2026-08-31 11:26:00+05:30,24005.80078125,24005.80078125,24001.94921875,24002.30078125,0
2026-08-31 11:27:00+05:30,24003.900390625,24005.94921875,24001.650390625,24005.55078125,0
2026-08-31 11:28:00+05:30,24006.75,24008.400390625,24003.44921875,24003.75,0
2026-08-31 11:29:00+05:30,24007.0,24010.849609375,24003.75,24009.75,0
2026-08-31 11:30:00+05:30,24011.25,24016.55078125,24009.400390625,24014.849609375,0
2026-08-31 11:31:00+05:30,24017.349609375,24018.150390625,24010.30078125,24010.400390625,0
2026-08-31 11:32:00+05:30,24012.599609375,24014.94921875,24009.599609375,24012.69921875,0
2026-08-31 11:33:00+05:30,24013.94921875,24013.94921875,24008.400390625,24010.400390625,0
2026-08-31 11:34:00+05:30,24012.5,24018.900390625,24009.69921875,24014.5,0
2026-08-31 11:35:00+05:30,24018.30078125,24021.80078125,24014.55078125,24019.75,0
2026-08-31 11:36:00+05:30,24021.94921875,24026.69921875,24018.75,24019.599609375,0
2026-08-31 11:37:00+05:30,24021.849609375,24022.650390625,24013.55078125,24015.55078125,0
2026-08-31 11:38:00+05:30,24018.0,24023.0,24014.30078125,24019.55078125,0
2026-08-31 11:39:00+05:30,24021.75,24021.75,24015.599609375,24017.849609375,0
2026-08-31 11:40:00+05:30,24022.099609375,24022.849609375,24017.400390625,24020.30078125,0
2026-08-31 11:41:00+05:30,24024.05078125,24025.80078125,24020.44921875,24022.900390625,0
2026-08-31 11:42:00+05:30,24024.599609375,24028.69921875,24022.650390625,24026.599609375,0
2026-08-31 11:43:00+05:30,24029.349609375,24031.349609375,24025.75,24026.0,0
2026-08-31 11:44:00+05:30,24028.900390625,24028.900390625,24022.75,24024.849609375,0
2026-08-31 11:45:00+05:30,24027.0,24030.25,24025.0,24026.599609375,0
2026-08-31 11:46:00+05:30,24030.0,24030.0,24024.94921875,24025.349609375,0
2026-08-31 11:47:00+05:30,24027.849609375,24027.849609375,24018.80078125,24020.650390625,0
2026-08-31 11:48:00+05:30,24022.69921875,24024.150390625,24018.80078125,24023.900390625,0
2026-08-31 11:49:00+05:30,24026.30078125,24036.30078125,24025.400390625,24032.150390625,0
2026-08-31 11:50:00+05:30,24033.900390625,24035.849609375,24030.599609375,24034.849609375,0
2026-08-31 11:51:00+05:30,24038.150390625,24041.55078125,24032.25,24034.900390625,0
2026-08-31 11:52:00+05:30,24037.150390625,24038.05078125,24033.25,24034.650390625,0
2026-08-31 11:53:00+05:30,24037.0,24043.900390625,24033.849609375,24042.30078125,0
2026-08-31 11:54:00+05:30,24045.099609375,24073.849609375,24041.5,24072.849609375,0
2026-08-31 11:55:00+05:30,24074.25,24076.05078125,24064.900390625,24074.849609375,0
2026-08-31 11:56:00+05:30,24076.44921875,24088.69921875,24069.94921875,24083.75,0
2026-08-31 11:57:00+05:30,24085.099609375,24085.150390625,24079.19921875,24082.94921875,0
2026-08-31 11:58:00+05:30,24084.400390625,24084.400390625,24067.650390625,24068.25,0
2026-08-31 11:59:00+05:30,24071.900390625,24071.900390625,24062.05078125,24063.900390625,0
2026-08-31 12:00:00+05:30,24067.0,24068.849609375,24062.80078125,24065.099609375,0
2026-08-31 12:01:00+05:30,24068.05078125,24068.05078125,24059.099609375,24059.849609375,0
2026-08-31 12:02:00+05:30,24062.80078125,24067.75,24059.44921875,24067.30078125,0
2026-08-31 12:03:00+05:30,24068.75,24070.80078125,24062.05078125,24067.55078125,0
2026-08-31 12:04:00+05:30,24070.55078125,24078.150390625,24066.75,24075.849609375,0
2026-08-31 12:05:00+05:30,24078.69921875,24078.69921875,24066.349609375,24068.150390625,0
2026-08-31 12:06:00+05:30,24070.69921875,24070.69921875,24064.75,24068.5,0
2026-08-31 12:07:00+05:30,24070.650390625,24071.80078125,24066.69921875,24067.69921875,0
2026-08-31 12:08:00+05:30,24069.650390625,24069.650390625,24063.5,24064.849609375,0
2026-08-31 12:09:00+05:30,24066.75,24066.75,24061.44921875,24064.25,0
2026-08-31 12:10:00+05:30,24066.94921875,24066.94921875,24060.05078125,24062.05078125,0
2026-08-31 12:11:00+05:30,24063.75,24065.099609375,24060.650390625,24061.900390625,0
2026-08-31 12:12:00+05:30,24063.349609375,24065.55078125,24059.44921875,24064.69921875,0
2026-08-31 12:13:00+05:30,24066.69921875,24067.05078125,24061.349609375,24061.849609375,0
2026-08-31 12:14:00+05:30,24064.0,24064.0,24053.5,24055.94921875,0
2026-08-31 12:15:00+05:30,24057.75,24057.75,24052.44921875,24054.69921875,0
2026-08-31 12:16:00+05:30,24057.69921875,24065.150390625,24055.75,24063.150390625,0
2026-08-31 12:17:00+05:30,24066.19921875,24066.19921875,24062.150390625,24064.75,0
2026-08-31 12:18:00+05:30,24065.650390625,24068.099609375,24063.349609375,24065.94921875,0
2026-08-31 12:19:00+05:30,24070.099609375,24070.80078125,24065.94921875,24070.19921875,0
2026-08-31 12:20:00+05:30,24071.900390625,24073.400390625,24068.599609375,24070.0,0
2026-08-31 12:21:00+05:30,24071.69921875,24074.05078125,24067.650390625,24072.55078125,0
2026-08-31 12:22:00+05:30,24075.650390625,24080.19921875,24072.44921875,24075.900390625,0
2026-08-31 12:23:00+05:30,24077.30078125,24077.30078125,24067.19921875,24067.650390625,0
2026-08-31 12:24:00+05:30,24070.80078125,24070.80078125,24064.30078125,24065.30078125,0
2026-08-31 12:25:00+05:30,24067.69921875,24068.55078125,24064.099609375,24066.150390625,0
2026-08-31 12:26:00+05:30,24068.69921875,24069.599609375,24063.25,24064.650390625,0
2026-08-31 12:27:00+05:30,24065.80078125,24066.150390625,24061.599609375,24064.19921875,0
2026-08-31 12:28:00+05:30,24066.44921875,24066.75,24063.19921875,24064.150390625,0
2026-08-31 12:29:00+05:30,24065.69921875,24070.099609375,24063.44921875,24064.19921875,0
2026-08-31 12:30:00+05:30,24066.25,24066.25,24054.05078125,24060.44921875,0
2026-08-31 12:31:00+05:30,24062.599609375,24065.349609375,24060.55078125,24061.05078125,0
2026-08-31 12:32:00+05:30,24064.25,24066.599609375,24061.05078125,24065.55078125,0
2026-08-31 12:33:00+05:30,24067.400390625,24067.55078125,24062.30078125,24063.75,0
2026-08-31 12:34:00+05:30,24065.400390625,24066.099609375,24056.25,24057.0,0
2026-08-31 12:35:00+05:30,24061.0,24064.25,24057.349609375,24064.0,0
2026-08-31 12:36:00+05:30,24065.849609375,24065.94921875,24062.75,24065.099609375,0
2026-08-31 12:37:00+05:30,24066.69921875,24067.80078125,24062.849609375,24066.69921875,0
2026-08-31 12:38:00+05:30,24068.599609375,24072.19921875,24066.349609375,24070.44921875,0
2026-08-31 12:39:00+05:30,24072.25,24072.25,24067.599609375,24071.400390625,0
2026-08-31 12:40:00+05:30,24073.0,24075.80078125,24070.80078125,24072.849609375,0
2026-08-31 12:41:00+05:30,24076.0,24079.349609375,24071.55078125,24077.94921875,0
2026-08-31 12:42:00+05:30,24079.19921875,24079.19921875,24071.05078125,24072.19921875,0
2026-08-31 12:43:00+05:30,24074.099609375,24074.099609375,24068.150390625,24070.150390625,0
2026-08-31 12:44:00+05:30,24071.900390625,24075.400390625,24070.599609375,24073.94921875,0
2026-08-31 12:45:00+05:30,24076.5,24076.5,24068.30078125,24068.900390625,0
2026-08-31 12:46:00+05:30,24071.69921875,24071.69921875,24063.5,24064.150390625,0
2026-08-31 12:47:00+05:30,24065.650390625,24068.650390625,24062.150390625,24065.75,0
2026-08-31 12:48:00+05:30,24068.05078125,24068.05078125,24063.80078125,24065.349609375,0
2026-08-31 12:49:00+05:30,24067.44921875,24069.80078125,24064.75,24067.80078125,0
2026-08-31 12:50:00+05:30,24070.599609375,24072.849609375,24066.400390625,24071.44921875,0
2026-08-31 12:51:00+05:30,24073.44921875,24074.650390625,24069.55078125,24071.30078125,0
2026-08-31 12:52:00+05:30,24074.099609375,24074.150390625,24070.150390625,24071.94921875,0
2026-08-31 12:53:00+05:30,24074.44921875,24074.900390625,24070.55078125,24070.94921875,0
2026-08-31 12:54:00+05:30,24073.400390625,24078.44921875,24070.849609375,24077.599609375,0
2026-08-31 12:55:00+05:30,24079.05078125,24079.05078125,24069.150390625,24071.19921875,0
2026-08-31 12:56:00+05:30,24072.75,24075.69921875,24070.650390625,24073.599609375,0
2026-08-31 12:57:00+05:30,24075.05078125,24075.05078125,24064.400390625,24067.25,0
2026-08-31 12:58:00+05:30,24069.099609375,24069.349609375,24064.150390625,24067.599609375,0
2026-08-31 12:59:00+05:30,24069.5,24069.80078125,24062.150390625,24062.150390625,0
2026-08-31 13:00:00+05:30,24064.849609375,24067.400390625,24059.30078125,24061.94921875,0
2026-08-31 13:01:00+05:30,24063.80078125,24069.349609375,24057.400390625,24068.80078125,0
2026-08-31 13:02:00+05:30,24067.849609375,24069.900390625,24063.75,24064.94921875,0
2026-08-31 13:03:00+05:30,24067.150390625,24072.349609375,24063.55078125,24067.0,0
2026-08-31 13:04:00+05:30,24070.150390625,24071.30078125,24066.849609375,24068.599609375,0
2026-08-31 13:05:00+05:30,24071.44921875,24071.44921875,24066.25,24069.5,0
2026-08-31 13:06:00+05:30,24070.75,24070.75,24064.80078125,24065.94921875,0
2026-08-31 13:07:00+05:30,24067.75,24068.0,24063.099609375,24065.0,0
2026-08-31 13:08:00+05:30,24068.0,24068.0,24061.75,24063.75,0
2026-08-31 13:09:00+05:30,24066.19921875,24066.19921875,24058.0,24060.849609375,0
2026-08-31 13:10:00+05:30,24062.650390625,24065.099609375,24057.55078125,24062.30078125,0
2026-08-31 13:11:00+05:30,24063.900390625,24069.25,24060.400390625,24062.80078125,0
2026-08-31 13:12:00+05:30,24065.55078125,24067.0,24062.55078125,24066.5,0
2026-08-31 13:13:00+05:30,24067.349609375,24072.30078125,24063.849609375,24069.849609375,0
2026-08-31 13:14:00+05:30,24074.099609375,24076.80078125,24069.44921875,24074.150390625,0
2026-08-31 13:15:00+05:30,24076.0,24076.0,24070.05078125,24070.44921875,0
2026-08-31 13:16:00+05:30,24072.19921875,24072.400390625,24068.349609375,24069.150390625,0
2026-08-31 13:17:00+05:30,24070.75,24071.150390625,24066.349609375,24067.0,0
2026-08-31 13:18:00+05:30,24069.599609375,24070.19921875,24064.75,24068.69921875,0
2026-08-31 13:19:00+05:30,24071.400390625,24071.400390625,24065.30078125,24066.0,0
2026-08-31 13:20:00+05:30,24067.75,24068.44921875,24064.55078125,24065.25,0
2026-08-31 13:21:00+05:30,24067.55078125,24068.30078125,24065.30078125,24067.44921875,0
2026-08-31 13:22:00+05:30,24068.599609375,24070.0,24063.0,24063.5,0
2026-08-31 13:23:00+05:30,24065.19921875,24070.150390625,24063.900390625,24066.05078125,0
2026-08-31 13:24:00+05:30,24067.80078125,24068.5,24064.55078125,24065.0,0
2026-08-31 13:25:00+05:30,24067.80078125,24069.69921875,24065.25,24068.150390625,0
2026-08-31 13:26:00+05:30,24069.75,24070.0,24065.94921875,24067.849609375,0
2026-08-31 13:27:00+05:30,24069.75,24076.150390625,24065.650390625,24071.05078125,0
2026-08-31 13:28:00+05:30,24071.849609375,24072.05078125,24064.0,24065.05078125,0
2026-08-31 13:29:00+05:30,24066.75,24067.30078125,24063.099609375,24067.05078125,0
2026-08-31 13:30:00+05:30,24069.099609375,24069.099609375,24064.69921875,24066.349609375,0
2026-08-31 13:31:00+05:30,24068.849609375,24070.349609375,24062.849609375,24067.19921875,0
2026-08-31 13:32:00+05:30,24068.5,24073.099609375,24065.25,24071.19921875,0
2026-08-31 13:33:00+05:30,24073.650390625,24073.650390625,24068.099609375,24070.599609375,0
2026-08-31 13:34:00+05:30,24073.69921875,24073.69921875,24068.650390625,24069.849609375,0
2026-08-31 13:35:00+05:30,24071.19921875,24072.19921875,24066.94921875,24067.849609375,0
2026-08-31 13:36:00+05:30,24069.650390625,24069.650390625,24062.849609375,24063.69921875,0
2026-08-31 13:37:00+05:30,24067.55078125,24067.55078125,24058.849609375,24064.0,0
2026-08-31 13:38:00+05:30,24065.44921875,24069.75,24062.30078125,24065.599609375,0
2026-08-31 13:39:00+05:30,24067.80078125,24067.80078125,24059.5,24061.80078125,0
2026-08-31 13:40:00+05:30,24063.650390625,24067.0,24059.80078125,24063.349609375,0
2026-08-31 13:41:00+05:30,24065.5,24065.5,24058.0,24060.599609375,0
2026-08-31 13:42:00+05:30,24063.849609375,24063.849609375,24058.55078125,24059.80078125,0
2026-08-31 13:43:00+05:30,24061.900390625,24062.0,24053.650390625,24055.349609375,0
2026-08-31 13:44:00+05:30,24056.80078125,24061.150390625,24054.25,24055.05078125,0
2026-08-31 13:45:00+05:30,24058.150390625,24061.349609375,24054.599609375,24057.900390625,0
2026-08-31 13:46:00+05:30,24059.650390625,24060.599609375,24055.349609375,24055.5,0
2026-08-31 13:47:00+05:30,24058.25,24060.55078125,24054.900390625,24056.80078125,0
2026-08-31 13:48:00+05:30,24058.75,24064.05078125,24056.849609375,24061.80078125,0
2026-08-31 13:49:00+05:30,24064.349609375,24066.75,24061.849609375,24064.650390625,0
2026-08-31 13:50:00+05:30,24065.69921875,24066.650390625,24062.0,24063.400390625,0
2026-08-31 13:51:00+05:30,24066.75,24067.150390625,24061.5,24062.05078125,0
2026-08-31 13:52:00+05:30,24064.0,24065.55078125,24061.05078125,24061.349609375,0
2026-08-31 13:53:00+05:30,24063.05078125,24065.0,24056.650390625,24057.55078125,0
2026-08-31 13:54:00+05:30,24060.150390625,24062.650390625,24056.5,24058.25,0
2026-08-31 13:55:00+05:30,24060.099609375,24060.099609375,24052.650390625,24053.150390625,0
2026-08-31 13:56:00+05:30,24055.55078125,24055.55078125,24050.0,24054.44921875,0
2026-08-31 13:57:00+05:30,24056.099609375,24056.099609375,24050.25,24051.900390625,0
2026-08-31 13:58:00+05:30,24053.55078125,24054.349609375,24050.349609375,24051.69921875,0
2026-08-31 13:59:00+05:30,24053.94921875,24053.94921875,24043.19921875,24047.05078125,0
2026-08-31 14:00:00+05:30,24049.05078125,24049.05078125,24039.5,24046.900390625,0
2026-08-31 14:01:00+05:30,24049.099609375,24050.69921875,24041.099609375,24044.69921875,0
2026-08-31 14:02:00+05:30,24047.75,24047.75,24042.25,24042.75,0
2026-08-31 14:03:00+05:30,24045.650390625,24047.19921875,24036.80078125,24037.349609375,0
2026-08-31 14:04:00+05:30,24039.75,24039.75,24031.900390625,24033.55078125,0
2026-08-31 14:05:00+05:30,24036.44921875,24036.69921875,24025.0,24025.0,0
2026-08-31 14:06:00+05:30,24027.849609375,24034.5,24024.80078125,24033.150390625,0
2026-08-31 14:07:00+05:30,24036.349609375,24043.30078125,24030.400390625,24039.75,0
2026-08-31 14:08:00+05:30,24043.30078125,24043.30078125,24034.44921875,24037.099609375,0
2026-08-31 14:09:00+05:30,24038.75,24039.0,24029.94921875,24031.69921875,0
2026-08-31 14:10:00+05:30,24034.900390625,24039.099609375,24031.599609375,24036.400390625,0
2026-08-31 14:11:00+05:30,24037.55078125,24037.55078125,24029.099609375,24030.55078125,0
2026-08-31 14:12:00+05:30,24033.849609375,24033.849609375,24029.94921875,24031.25,0
2026-08-31 14:13:00+05:30,24033.599609375,24034.69921875,24030.69921875,24031.94921875,0
2026-08-31 14:14:00+05:30,24033.0,24034.599609375,24029.25,24031.55078125,0
2026-08-31 14:15:00+05:30,24033.5,24034.099609375,24029.5,24032.55078125,0
2026-08-31 14:16:00+05:30,24034.650390625,24036.0,24027.0,24034.94921875,0
2026-08-31 14:17:00+05:30,24038.0,24040.25,24033.599609375,24033.599609375,0
2026-08-31 14:18:00+05:30,24036.349609375,24037.75,24032.599609375,24034.05078125,0
2026-08-31 14:19:00+05:30,24036.900390625,24037.599609375,24030.349609375,24034.55078125,0
2026-08-31 14:20:00+05:30,24036.05078125,24036.05078125,24026.80078125,24027.75,0
2026-08-31 14:21:00+05:30,24029.25,24032.099609375,24026.150390625,24029.849609375,0
2026-08-31 14:22:00+05:30,24030.900390625,24032.150390625,24024.44921875,24025.05078125,0
2026-08-31 14:23:00+05:30,24027.650390625,24027.650390625,24020.900390625,24023.44921875,0
2026-08-31 14:24:00+05:30,24026.099609375,24029.849609375,24022.19921875,24024.75,0
2026-08-31 14:25:00+05:30,24027.94921875,24032.900390625,24023.349609375,24024.55078125,0
2026-08-31 14:26:00+05:30,24027.900390625,24030.900390625,24025.5,24027.599609375,0
2026-08-31 14:27:00+05:30,24030.05078125,24030.05078125,24023.900390625,24025.349609375,0
2026-08-31 14:28:00+05:30,24027.5,24029.19921875,24020.599609375,24024.25,0
2026-08-31 14:29:00+05:30,24025.75,24028.849609375,24021.05078125,24022.19921875,0
2026-08-31 14:30:00+05:30,24023.849609375,24028.55078125,24020.5,24026.150390625,0
2026-08-31 14:31:00+05:30,24027.75,24032.05078125,24025.55078125,24030.650390625,0
2026-08-31 14:32:00+05:30,24032.900390625,24035.349609375,24031.05078125,24031.75,0
2026-08-31 14:33:00+05:30,24033.19921875,24034.900390625,24030.05078125,24030.25,0
2026-08-31 14:34:00+05:30,24032.150390625,24033.94921875,24026.650390625,24033.75,0
2026-08-31 14:35:00+05:30,24035.30078125,24037.80078125,24031.900390625,24034.25,0
2026-08-31 14:36:00+05:30,24036.55078125,24037.150390625,24030.849609375,24031.75,0
2026-08-31 14:37:00+05:30,24034.05078125,24036.94921875,24031.25,24035.80078125,0
2026-08-31 14:38:00+05:30,24037.69921875,24038.05078125,24033.5,24036.5,0
2026-08-31 14:39:00+05:30,24037.849609375,24046.599609375,24036.849609375,24044.650390625,0
2026-08-31 14:40:00+05:30,24045.0,24054.05078125,24045.0,24053.650390625,0
2026-08-31 14:41:00+05:30,24054.099609375,24055.099609375,24050.900390625,24052.05078125,0
2026-08-31 14:42:00+05:30,24053.19921875,24063.599609375,24051.400390625,24059.349609375,0
2026-08-31 14:43:00+05:30,24060.900390625,24061.44921875,24055.75,24056.44921875,0
2026-08-31 14:44:00+05:30,24057.650390625,24061.05078125,24052.55078125,24054.099609375,0
2026-08-31 14:45:00+05:30,24056.150390625,24074.099609375,24055.400390625,24073.150390625,0
2026-08-31 14:46:00+05:30,24075.94921875,24114.0,24072.44921875,24110.900390625,0
2026-08-31 14:47:00+05:30,24112.5,24112.5,24084.400390625,24087.900390625,0
2026-08-31 14:48:00+05:30,24088.44921875,24088.44921875,24073.05078125,24081.94921875,0
2026-08-31 14:49:00+05:30,24082.75,24082.75,24074.5,24077.099609375,0
2026-08-31 14:50:00+05:30,24077.25,24085.349609375,24075.599609375,24080.69921875,0
2026-08-31 14:51:00+05:30,24080.25,24084.849609375,24079.30078125,24082.05078125,0
2026-08-31 14:52:00+05:30,24083.150390625,24092.0,24081.94921875,24087.44921875,0
2026-08-31 14:53:00+05:30,24087.44921875,24094.0,24084.69921875,24091.099609375,0
2026-08-31 14:54:00+05:30,24092.25,24096.55078125,24088.650390625,24094.44921875,0
2026-08-31 14:55:00+05:30,24095.05078125,24096.150390625,24089.75,24093.599609375,0
2026-08-31 14:56:00+05:30,24093.099609375,24093.099609375,24081.150390625,24084.44921875,0
2026-08-31 14:57:00+05:30,24083.80078125,24085.94921875,24077.849609375,24079.44921875,0
2026-08-31 14:58:00+05:30,24081.599609375,24081.599609375,24072.400390625,24074.25,0
2026-08-31 14:59:00+05:30,24074.19921875,24078.0,24069.69921875,24075.19921875,0
2026-08-31 15:00:00+05:30,24074.94921875,24074.94921875,24057.19921875,24067.44921875,0
2026-08-31 15:01:00+05:30,24066.25,24073.5,24065.05078125,24070.150390625,0
2026-08-31 15:02:00+05:30,24070.19921875,24073.44921875,24066.099609375,24069.349609375,0
2026-08-31 15:03:00+05:30,24070.150390625,24071.05078125,24058.599609375,24060.849609375,0
2026-08-31 15:04:00+05:30,24060.80078125,24061.44921875,24054.25,24057.599609375,0
2026-08-31 15:05:00+05:30,24056.69921875,24058.599609375,24046.25,24052.900390625,0
2026-08-31 15:06:00+05:30,24050.75,24060.849609375,24050.150390625,24060.19921875,0
2026-08-31 15:07:00+05:30,24059.19921875,24063.650390625,24057.44921875,24059.400390625,0
2026-08-31 15:08:00+05:30,24060.69921875,24067.650390625,24057.55078125,24064.94921875,0
2026-08-31 15:09:00+05:30,24066.0,24070.5,24061.849609375,24068.099609375,0
2026-08-31 15:10:00+05:30,24068.30078125,24069.80078125,24058.0,24059.650390625,0
2026-08-31 15:11:00+05:30,24059.05078125,24067.349609375,24056.69921875,24060.25,0
2026-08-31 15:12:00+05:30,24059.650390625,24064.19921875,24053.55078125,24057.599609375,0
2026-08-31 15:13:00+05:30,24057.30078125,24061.099609375,24053.19921875,24057.30078125,0
2026-08-31 15:14:00+05:30,24056.900390625,24069.25,24044.650390625,24051.94921875,0
2026-08-31 15:15:00+05:30,24050.25,24050.25,24050.25,24050.25,0
2026-08-31 15:16:00+05:30,24050.25,24050.25,24050.25,24050.25,0
2026-08-31 15:17:00+05:30,24050.25,24050.25,24050.25,24050.25,0
2026-08-31 15:18:00+05:30,24050.25,24050.25,24050.25,24050.25,0
2026-08-31 15:19:00+05:30,24050.25,24050.25,24050.25,24050.25,0
2026-08-31 15:20:00+05:30,24050.25,24050.25,24050.25,24050.25,0
2026-08-31 15:21:00+05:30,24050.25,24050.25,24050.25,24050.25,0
2026-08-31 15:22:00+05:30,24050.25,24050.25,24050.25,24050.25,0
2026-08-31 15:23:00+05:30,24050.25,24050.25,24050.25,24050.25,0
2026-08-31 15:24:00+05:30,24050.25,24050.25,24050.25,24050.25,0
2026-08-31 15:25:00+05:30,24050.25,24050.25,24050.25,24050.25,0
2026-08-31 15:26:00+05:30,24050.25,24050.25,24050.25,24050.25,0
2026-08-31 15:27:00+05:30,24050.25,24050.25,24050.25,24050.25,0
2026-08-31 15:28:00+05:30,24050.25,24050.25,24050.25,24050.25,0
2026-08-31 15:29:00+05:30,24050.25,24080.400390625,24050.25,24080.400390625,0
2026-09-01 09:15:00+05:30,24077.05078125,24077.05078125,24034.0,24036.5,0
2026-09-01 09:16:00+05:30,24039.400390625,24045.349609375,24031.650390625,24033.69921875,0
2026-09-01 09:17:00+05:30,24034.80078125,24039.650390625,24028.0,24037.900390625,0
2026-09-01 09:18:00+05:30,24038.400390625,24042.19921875,24033.599609375,24036.55078125,0
2026-09-01 09:19:00+05:30,24038.94921875,24045.80078125,24032.25,24041.150390625,0
2026-09-01 09:20:00+05:30,24042.55078125,24047.44921875,24037.349609375,24041.5,0
2026-09-01 09:21:00+05:30,24042.30078125,24050.900390625,24040.0,24047.69921875,0
2026-09-01 09:22:00+05:30,24048.900390625,24051.05078125,24037.19921875,24041.599609375,0
2026-09-01 09:23:00+05:30,24042.19921875,24043.75,24037.400390625,24039.80078125,0
2026-09-01 09:24:00+05:30,24040.55078125,24041.80078125,24031.69921875,24039.099609375,0
2026-09-01 09:25:00+05:30,24039.400390625,24045.599609375,24032.94921875,24042.099609375,0
2026-09-01 09:26:00+05:30,24043.900390625,24058.30078125,24043.900390625,24055.80078125,0
2026-09-01 09:27:00+05:30,24056.69921875,24057.19921875,24050.5,24050.69921875,0
2026-09-01 09:28:00+05:30,24053.05078125,24059.80078125,24049.25,24058.650390625,0
2026-09-01 09:29:00+05:30,24059.69921875,24065.599609375,24057.5,24063.94921875,0
2026-09-01 09:30:00+05:30,24064.75,24067.75,24061.69921875,24063.5,0
2026-09-01 09:31:00+05:30,24065.05078125,24067.150390625,24058.69921875,24062.69921875,0
2026-09-01 09:32:00+05:30,24062.900390625,24072.75,24060.55078125,24066.25,0
2026-09-01 09:33:00+05:30,24067.099609375,24076.650390625,24065.599609375,24071.19921875,0
2026-09-01 09:34:00+05:30,24071.099609375,24072.55078125,24062.849609375,24066.19921875,0
2026-09-01 09:35:00+05:30,24066.349609375,24067.75,24061.19921875,24063.30078125,0
2026-09-01 09:36:00+05:30,24064.19921875,24064.19921875,24051.69921875,24051.69921875,0
2026-09-01 09:37:00+05:30,24053.849609375,24053.849609375,24045.150390625,24047.900390625,0
2026-09-01 09:38:00+05:30,24049.5,24055.0,24046.599609375,24050.849609375,0
2026-09-01 09:39:00+05:30,24052.30078125,24052.30078125,24039.94921875,24040.849609375,0
2026-09-01 09:40:00+05:30,24041.25,24044.599609375,24037.099609375,24039.25,0
2026-09-01 09:41:00+05:30,24041.0,24046.44921875,24039.349609375,24044.849609375,0
2026-09-01 09:42:00+05:30,24046.099609375,24047.75,24039.349609375,24041.25,0
2026-09-01 09:43:00+05:30,24042.94921875,24042.94921875,24031.150390625,24032.75,0
2026-09-01 09:44:00+05:30,24034.94921875,24034.94921875,24025.55078125,24028.349609375,0
2026-09-01 09:45:00+05:30,24030.150390625,24030.150390625,24025.19921875,24026.599609375,0
2026-09-01 09:46:00+05:30,24027.55078125,24027.94921875,24020.25,24021.150390625,0
2026-09-01 09:47:00+05:30,24021.849609375,24022.349609375,24013.599609375,24014.849609375,0
2026-09-01 09:48:00+05:30,24017.05078125,24017.55078125,24010.55078125,24014.80078125,0
2026-09-01 09:49:00+05:30,24016.05078125,24022.75,24014.19921875,24021.19921875,0
2026-09-01 09:50:00+05:30,24021.349609375,24026.400390625,24014.349609375,24026.400390625,0
2026-09-01 09:51:00+05:30,24026.94921875,24027.099609375,24018.650390625,24021.19921875,0
2026-09-01 09:52:00+05:30,24022.55078125,24029.099609375,24020.25,24026.849609375,0
2026-09-01 09:53:00+05:30,24027.55078125,24031.349609375,24026.349609375,24028.30078125,0
2026-09-01 09:54:00+05:30,24028.150390625,24028.849609375,24018.599609375,24022.05078125,0
2026-09-01 09:55:00+05:30,24023.0,24027.69921875,24021.55078125,24026.19921875,0
2026-09-01 09:56:00+05:30,24026.44921875,24027.69921875,24016.19921875,24018.05078125,0
2026-09-01 09:57:00+05:30,24019.94921875,24021.150390625,24016.44921875,24020.099609375,0
2026-09-01 09:58:00+05:30,24022.05078125,24023.5,24015.349609375,24016.099609375,0
2026-09-01 09:59:00+05:30,24016.900390625,24019.19921875,24014.69921875,24018.25,0
2026-09-01 10:00:00+05:30,24019.0,24023.099609375,24017.900390625,24018.849609375,0
2026-09-01 10:01:00+05:30,24019.599609375,24020.44921875,24015.05078125,24018.099609375,0
2026-09-01 10:02:00+05:30,24021.25,24021.5,24017.400390625,24020.650390625,0
2026-09-01 10:03:00+05:30,24021.94921875,24028.19921875,24020.69921875,24028.19921875,0
2026-09-01 10:04:00+05:30,24029.400390625,24036.099609375,24026.75,24032.94921875,0
2026-09-01 10:05:00+05:30,24033.94921875,24036.5,24032.44921875,24032.650390625,0
2026-09-01 10:06:00+05:30,24035.0,24035.0,24023.30078125,24024.849609375,0
2026-09-01 10:07:00+05:30,24027.30078125,24034.849609375,24023.650390625,24031.55078125,0
2026-09-01 10:08:00+05:30,24033.80078125,24034.150390625,24026.44921875,24027.75,0
2026-09-01 10:09:00+05:30,24029.900390625,24035.75,24029.30078125,24033.0,0
2026-09-01 10:10:00+05:30,24034.0,24037.099609375,24031.05078125,24033.80078125,0
2026-09-01 10:11:00+05:30,24036.349609375,24040.94921875,24033.55078125,24036.05078125,0
2026-09-01 10:12:00+05:30,24037.0,24038.75,24033.099609375,24037.599609375,0
2026-09-01 10:13:00+05:30,24038.69921875,24038.69921875,24031.94921875,24035.400390625,0
2026-09-01 10:14:00+05:30,24035.599609375,24040.849609375,24033.80078125,24036.25,0
2026-09-01 10:15:00+05:30,24037.55078125,24050.849609375,24035.30078125,24049.44921875,0
2026-09-01 10:16:00+05:30,24050.25,24052.849609375,24046.69921875,24047.19921875,0
2026-09-01 10:17:00+05:30,24049.25,24053.25,24044.94921875,24052.55078125,0
2026-09-01 10:18:00+05:30,24053.75,24056.75,24051.55078125,24054.44921875,0
2026-09-01 10:19:00+05:30,24055.94921875,24056.94921875,24048.349609375,24050.19921875,0
2026-09-01 10:20:00+05:30,24052.30078125,24052.30078125,24045.19921875,24047.30078125,0
2026-09-01 10:21:00+05:30,24050.19921875,24052.69921875,24047.599609375,24051.80078125,0
2026-09-01 10:22:00+05:30,24053.599609375,24058.0,24051.30078125,24057.150390625,0
2026-09-01 10:23:00+05:30,24059.099609375,24060.94921875,24056.94921875,24058.80078125,0
2026-09-01 10:24:00+05:30,24060.349609375,24064.05078125,24053.900390625,24062.5,0
2026-09-01 10:25:00+05:30,24062.94921875,24063.44921875,24055.099609375,24057.400390625,0
2026-09-01 10:26:00+05:30,24058.30078125,24061.5,24056.44921875,24057.099609375,0
2026-09-01 10:27:00+05:30,24059.05078125,24065.650390625,24055.44921875,24056.94921875,0
2026-09-01 10:28:00+05:30,24059.25,24064.650390625,24056.099609375,24064.30078125,0
2026-09-01 10:29:00+05:30,24064.75,24066.25,24060.05078125,24061.05078125,0
2026-09-01 10:30:00+05:30,24062.80078125,24072.0,24060.19921875,24067.349609375,0
2026-09-01 10:31:00+05:30,24069.599609375,24073.19921875,24064.30078125,24067.44921875,0
2026-09-01 10:32:00+05:30,24069.44921875,24071.599609375,24067.55078125,24068.099609375,0
2026-09-01 10:33:00+05:30,24070.0,24071.25,24065.099609375,24066.599609375,0
2026-09-01 10:34:00+05:30,24066.849609375,24068.80078125,24063.69921875,24064.75,0
2026-09-01 10:35:00+05:30,24067.30078125,24067.30078125,24061.75,24062.75,0
2026-09-01 10:36:00+05:30,24063.599609375,24066.849609375,24058.80078125,24066.19921875,0
2026-09-01 10:37:00+05:30,24068.349609375,24073.05078125,24066.69921875,24069.05078125,0
2026-09-01 10:38:00+05:30,24069.75,24071.05078125,24064.650390625,24068.30078125,0
2026-09-01 10:39:00+05:30,24069.30078125,24071.849609375,24067.05078125,24068.55078125,0
2026-09-01 10:40:00+05:30,24069.099609375,24070.94921875,24064.849609375,24065.44921875,0
2026-09-01 10:41:00+05:30,24066.099609375,24066.25,24058.599609375,24061.150390625,0
2026-09-01 10:42:00+05:30,24062.5,24065.099609375,24059.25,24063.599609375,0
2026-09-01 10:43:00+05:30,24066.05078125,24069.44921875,24063.849609375,24066.94921875,0
2026-09-01 10:44:00+05:30,24068.349609375,24069.19921875,24064.30078125,24064.94921875,0
2026-09-01 10:45:00+05:30,24066.0,24066.44921875,24062.099609375,24064.0,0
2026-09-01 10:46:00+05:30,24065.19921875,24067.400390625,24062.599609375,24064.69921875,0
2026-09-01 10:47:00+05:30,24066.94921875,24067.75,24063.75,24066.0,0
2026-09-01 10:48:00+05:30,24067.900390625,24071.44921875,24065.05078125,24068.849609375,0
2026-09-01 10:49:00+05:30,24070.849609375,24070.849609375,24066.55078125,24069.69921875,0
2026-09-01 10:50:00+05:30,24069.599609375,24075.099609375,24066.19921875,24075.099609375,0
2026-09-01 10:51:00+05:30,24076.599609375,24077.80078125,24070.599609375,24071.30078125,0
2026-09-01 10:52:00+05:30,24073.25,24082.150390625,24072.099609375,24080.94921875,0
2026-09-01 10:53:00+05:30,24082.150390625,24089.94921875,24079.5,24088.44921875,0
2026-09-01 10:54:00+05:30,24090.5,24092.44921875,24085.44921875,24087.19921875,0
2026-09-01 10:55:00+05:30,24088.650390625,24090.69921875,24082.650390625,24090.05078125,0
2026-09-01 10:56:00+05:30,24091.400390625,24091.400390625,24077.150390625,24077.349609375,0
2026-09-01 10:57:00+05:30,24079.150390625,24088.849609375,24074.44921875,24085.94921875,0
2026-09-01 10:58:00+05:30,24087.900390625,24088.55078125,24079.349609375,24080.75,0
2026-09-01 10:59:00+05:30,24083.099609375,24084.599609375,24080.80078125,24082.0,0
2026-09-01 11:00:00+05:30,24083.650390625,24088.19921875,24081.75,24082.94921875,0
2026-09-01 11:01:00+05:30,24084.900390625,24084.900390625,24077.94921875,24078.75,0
2026-09-01 11:02:00+05:30,24080.150390625,24080.650390625,24075.44921875,24077.69921875,0
2026-09-01 11:03:00+05:30,24079.349609375,24079.349609375,24072.400390625,24076.150390625,0
2026-09-01 11:04:00+05:30,24077.05078125,24081.150390625,24073.650390625,24077.400390625,0
2026-09-01 11:05:00+05:30,24078.75,24078.849609375,24072.94921875,24076.900390625,0
2026-09-01 11:06:00+05:30,24077.650390625,24081.0,24075.69921875,24076.69921875,0
2026-09-01 11:07:00+05:30,24078.55078125,24084.349609375,24075.099609375,24082.849609375,0
2026-09-01 11:08:00+05:30,24085.25,24094.55078125,24083.19921875,24094.55078125,0
2026-09-01 11:09:00+05:30,24095.55078125,24096.30078125,24091.900390625,24092.849609375,0
2026-09-01 11:10:00+05:30,24094.75,24099.30078125,24091.0,24096.25,0
2026-09-01 11:11:00+05:30,24097.349609375,24107.55078125,24095.44921875,24101.30078125,0
2026-09-01 11:12:00+05:30,24101.75,24110.900390625,24096.69921875,24110.900390625,0
2026-09-01 11:13:00+05:30,24111.19921875,24111.75,24105.69921875,24106.19921875,0
2026-09-01 11:14:00+05:30,24107.349609375,24107.349609375,24103.099609375,24107.05078125,0
2026-09-01 11:15:00+05:30,24108.75,24115.900390625,24107.0,24114.44921875,0
2026-09-01 11:16:00+05:30,24115.44921875,24118.30078125,24112.69921875,24116.75,0
2026-09-01 11:17:00+05:30,24118.30078125,24118.849609375,24114.849609375,24114.849609375,0
2026-09-01 11:18:00+05:30,24117.099609375,24119.900390625,24113.75,24115.599609375,0
2026-09-01 11:19:00+05:30,24118.25,24122.650390625,24114.650390625,24121.650390625,0
2026-09-01 11:20:00+05:30,24123.94921875,24127.30078125,24120.599609375,24124.349609375,0
2026-09-01 11:21:00+05:30,24125.150390625,24125.44921875,24120.0,24121.900390625,0
2026-09-01 11:22:00+05:30,24123.5,24125.150390625,24120.69921875,24122.25,0
2026-09-01 11:23:00+05:30,24124.44921875,24125.05078125,24117.55078125,24119.55078125,0
2026-09-01 11:24:00+05:30,24121.05078125,24123.75,24118.150390625,24120.349609375,0
2026-09-01 11:25:00+05:30,24121.69921875,24121.69921875,24117.30078125,24119.75,0
2026-09-01 11:26:00+05:30,24120.69921875,24122.75,24116.5,24122.05078125,0
2026-09-01 11:27:00+05:30,24123.19921875,24124.80078125,24119.900390625,24124.19921875,0
2026-09-01 11:28:00+05:30,24126.150390625,24127.25,24123.44921875,24127.25,0
2026-09-01 11:29:00+05:30,24128.25,24130.25,24124.75,24126.30078125,0
2026-09-01 11:30:00+05:30,24127.900390625,24142.80078125,24125.80078125,24140.650390625,0
2026-09-01 11:31:00+05:30,24142.30078125,24142.849609375,24129.599609375,24132.099609375,0
2026-09-01 11:32:00+05:30,24134.900390625,24134.900390625,24127.30078125,24130.75,0
2026-09-01 11:33:00+05:30,24131.05078125,24134.599609375,24128.80078125,24131.55078125,0
2026-09-01 11:34:00+05:30,24133.599609375,24134.150390625,24123.55078125,24124.55078125,0
2026-09-01 11:35:00+05:30,24126.650390625,24127.44921875,24116.30078125,24117.75,0
2026-09-01 11:36:00+05:30,24118.30078125,24120.900390625,24115.099609375,24117.25,0
2026-09-01 11:37:00+05:30,24118.44921875,24120.650390625,24115.099609375,24119.19921875,0
2026-09-01 11:38:00+05:30,24120.75,24121.099609375,24111.55078125,24114.55078125,0
2026-09-01 11:39:00+05:30,24116.25,24116.849609375,24110.69921875,24112.599609375,0
2026-09-01 11:40:00+05:30,24113.400390625,24113.400390625,24104.25,24104.849609375,0
2026-09-01 11:41:00+05:30,24106.599609375,24117.55078125,24104.0,24117.55078125,0
2026-09-01 11:42:00+05:30,24117.80078125,24121.94921875,24112.94921875,24114.05078125,0
2026-09-01 11:43:00+05:30,24117.25,24117.25,24110.900390625,24111.80078125,0
2026-09-01 11:44:00+05:30,24113.900390625,24121.80078125,24111.900390625,24119.0,0
2026-09-01 11:45:00+05:30,24120.0,24125.400390625,24116.94921875,24117.69921875,0
2026-09-01 11:46:00+05:30,24120.30078125,24120.30078125,24114.650390625,24116.0,0
2026-09-01 11:47:00+05:30,24118.05078125,24118.55078125,24112.69921875,24115.900390625,0
2026-09-01 11:48:00+05:30,24117.80078125,24117.80078125,24110.900390625,24111.900390625,0
2026-09-01 11:49:00+05:30,24114.099609375,24114.099609375,24109.44921875,24110.599609375,0
2026-09-01 11:50:00+05:30,24111.55078125,24113.94921875,24108.19921875,24112.69921875,0
2026-09-01 11:51:00+05:30,24114.44921875,24115.849609375,24111.75,24114.75,0
2026-09-01 11:52:00+05:30,24116.0,24119.5,24112.94921875,24116.0,0
2026-09-01 11:53:00+05:30,24117.94921875,24118.849609375,24111.80078125,24113.30078125,0
2026-09-01 11:54:00+05:30,24115.25,24117.849609375,24112.94921875,24117.650390625,0
2026-09-01 11:55:00+05:30,24119.650390625,24122.75,24116.44921875,24121.849609375,0
2026-09-01 11:56:00+05:30,24123.0,24123.0,24116.5,24122.650390625,0
2026-09-01 11:57:00+05:30,24124.0,24125.400390625,24118.900390625,24119.94921875,0
2026-09-01 11:58:00+05:30,24122.19921875,24122.19921875,24116.150390625,24119.55078125,0
2026-09-01 11:59:00+05:30,24121.099609375,24121.25,24114.900390625,24116.69921875,0
2026-09-01 12:00:00+05:30,24118.650390625,24120.30078125,24112.099609375,24113.30078125,0
2026-09-01 12:01:00+05:30,24115.30078125,24116.0,24110.599609375,24113.0,0
2026-09-01 12:02:00+05:30,24114.69921875,24117.099609375,24113.25,24115.650390625,0
2026-09-01 12:03:00+05:30,24116.900390625,24121.0,24115.099609375,24119.44921875,0
2026-09-01 12:04:00+05:30,24121.30078125,24123.099609375,24117.849609375,24121.30078125,0
2026-09-01 12:05:00+05:30,24124.19921875,24126.44921875,24121.94921875,24125.80078125,0
2026-09-01 12:06:00+05:30,24127.349609375,24128.44921875,24122.75,24126.150390625,0
2026-09-01 12:07:00+05:30,24127.69921875,24127.80078125,24123.400390625,24124.650390625,0
2026-09-01 12:08:00+05:30,24126.30078125,24127.05078125,24122.900390625,24126.30078125,0
2026-09-01 12:09:00+05:30,24127.599609375,24128.650390625,24125.099609375,24127.900390625,0
2026-09-01 12:10:00+05:30,24129.099609375,24130.900390625,24126.80078125,24129.94921875,0
2026-09-01 12:11:00+05:30,24131.25,24131.55078125,24128.5,24130.400390625,0
2026-09-01 12:12:00+05:30,24132.19921875,24132.19921875,24127.44921875,24130.05078125,0
2026-09-01 12:13:00+05:30,24131.099609375,24131.099609375,24120.80078125,24122.05078125,0
2026-09-01 12:14:00+05:30,24123.55078125,24123.55078125,24114.5,24117.75,0
2026-09-01 12:15:00+05:30,24118.5,24120.75,24114.150390625,24114.44921875,0
2026-09-01 12:16:00+05:30,24116.0,24116.55078125,24108.05078125,24110.0,0
2026-09-01 12:17:00+05:30,24112.05078125,24112.05078125,24104.94921875,24106.55078125,0
2026-09-01 12:18:00+05:30,24108.5,24111.849609375,24104.849609375,24110.25,0
2026-09-01 12:19:00+05:30,24112.25,24113.150390625,24107.099609375,24110.099609375,0
2026-09-01 12:20:00+05:30,24111.650390625,24111.94921875,24105.69921875,24111.400390625,0
2026-09-01 12:21:00+05:30,24113.150390625,24113.150390625,24106.099609375,24108.650390625,0
2026-09-01 12:22:00+05:30,24109.75,24113.69921875,24105.75,24108.0,0
2026-09-01 12:23:00+05:30,24109.5,24110.099609375,24103.19921875,24105.849609375,0
2026-09-01 12:24:00+05:30,24107.349609375,24107.349609375,24097.0,24097.650390625,0
2026-09-01 12:25:00+05:30,24098.75,24106.19921875,24094.650390625,24105.5,0
2026-09-01 12:26:00+05:30,24107.69921875,24109.400390625,24105.0,24106.599609375,0
2026-09-01 12:27:00+05:30,24107.44921875,24109.94921875,24105.30078125,24107.150390625,0
2026-09-01 12:28:00+05:30,24108.849609375,24111.44921875,24105.69921875,24107.19921875,0
2026-09-01 12:29:00+05:30,24109.849609375,24112.75,24106.0,24109.650390625,0
2026-09-01 12:30:00+05:30,24110.900390625,24111.400390625,24106.900390625,24111.400390625,0
2026-09-01 12:31:00+05:30,24112.55078125,24115.25,24110.75,24114.05078125,0
2026-09-01 12:32:00+05:30,24115.650390625,24115.69921875,24109.849609375,24110.69921875,0
2026-09-01 12:33:00+05:30,24111.75,24112.400390625,24102.75,24105.30078125,0
2026-09-01 12:34:00+05:30,24106.150390625,24108.80078125,24104.69921875,24108.400390625,0
2026-09-01 12:35:00+05:30,24109.849609375,24112.05078125,24107.099609375,24109.80078125,0
2026-09-01 12:36:00+05:30,24111.599609375,24113.05078125,24105.05078125,24106.900390625,0
2026-09-01 12:37:00+05:30,24107.19921875,24109.55078125,24105.849609375,24107.75,0
2026-09-01 12:38:00+05:30,24108.849609375,24110.05078125,24106.400390625,24106.900390625,0
2026-09-01 12:39:00+05:30,24107.849609375,24112.30078125,24106.599609375,24111.05078125,0
2026-09-01 12:40:00+05:30,24111.80078125,24115.05078125,24109.94921875,24111.80078125,0
2026-09-01 12:41:00+05:30,24111.94921875,24114.900390625,24108.69921875,24111.150390625,0
2026-09-01 12:42:00+05:30,24112.150390625,24117.349609375,24111.55078125,24113.75,0
2026-09-01 12:43:00+05:30,24116.0,24117.349609375,24110.599609375,24113.400390625,0
2026-09-01 12:44:00+05:30,24115.25,24115.80078125,24111.75,24115.150390625,0
2026-09-01 12:45:00+05:30,24116.5,24118.69921875,24111.19921875,24112.5,0
2026-09-01 12:46:00+05:30,24114.400390625,24114.599609375,24108.05078125,24110.150390625,0
2026-09-01 12:47:00+05:30,24111.099609375,24112.0,24108.599609375,24110.849609375,0
2026-09-01 12:48:00+05:30,24112.19921875,24113.55078125,24108.849609375,24110.0,0
2026-09-01 12:49:00+05:30,24110.150390625,24112.849609375,24106.55078125,24107.44921875,0
2026-09-01 12:50:00+05:30,24109.30078125,24109.80078125,24104.94921875,24105.75,0
2026-09-01 12:51:00+05:30,24107.150390625,24107.25,24097.099609375,24099.75,0
2026-09-01 12:52:00+05:30,24101.650390625,24103.94921875,24098.0,24101.849609375,0
2026-09-01 12:53:00+05:30,24103.400390625,24103.400390625,24097.349609375,24098.25,0
2026-09-01 12:54:00+05:30,24100.19921875,24100.94921875,24092.30078125,24093.5,0
2026-09-01 12:55:00+05:30,24095.099609375,24095.099609375,24090.650390625,24091.849609375,0
2026-09-01 12:56:00+05:30,24093.349609375,24094.05078125,24087.55078125,24088.80078125,0
2026-09-01 12:57:00+05:30,24089.599609375,24093.44921875,24087.44921875,24092.25,0
2026-09-01 12:58:00+05:30,24094.0,24096.80078125,24091.94921875,24094.05078125,0
2026-09-01 12:59:00+05:30,24095.80078125,24097.349609375,24091.349609375,24092.25,0
2026-09-01 13:00:00+05:30,24094.05078125,24094.099609375,24087.75,24089.80078125,0
2026-09-01 13:01:00+05:30,24091.05078125,24093.69921875,24082.19921875,24084.69921875,0
2026-09-01 13:02:00+05:30,24086.400390625,24088.650390625,24084.19921875,24086.69921875,0
2026-09-01 13:03:00+05:30,24088.0,24088.55078125,24083.150390625,24083.150390625,0
2026-09-01 13:04:00+05:30,24084.80078125,24086.400390625,24081.69921875,24084.150390625,0
2026-09-01 13:05:00+05:30,24085.05078125,24085.19921875,24075.0,24079.19921875,0
2026-09-01 13:06:00+05:30,24080.30078125,24081.900390625,24073.5,24074.25,0
2026-09-01 13:07:00+05:30,24074.69921875,24075.599609375,24070.69921875,24074.80078125,0
2026-09-01 13:08:00+05:30,24075.650390625,24078.349609375,24072.150390625,24073.55078125,0
2026-09-01 13:09:00+05:30,24074.69921875,24077.150390625,24073.25,24074.94921875,0
2026-09-01 13:10:00+05:30,24075.80078125,24075.80078125,24069.5,24070.150390625,0
2026-09-01 13:11:00+05:30,24070.650390625,24070.650390625,24058.599609375,24061.19921875,0
2026-09-01 13:12:00+05:30,24062.05078125,24062.19921875,24053.94921875,24057.80078125,0
2026-09-01 13:13:00+05:30,24059.55078125,24059.69921875,24053.849609375,24056.0,0
2026-09-01 13:14:00+05:30,24056.849609375,24057.25,24049.80078125,24050.19921875,0
2026-09-01 13:15:00+05:30,24050.75,24050.75,24043.849609375,24043.849609375,0
2026-09-01 13:16:00+05:30,24045.150390625,24048.30078125,24041.900390625,24043.650390625,0
2026-09-01 13:17:00+05:30,24045.150390625,24047.55078125,24042.400390625,24042.55078125,0
2026-09-01 13:18:00+05:30,24044.0,24048.0,24041.80078125,24046.099609375,0
2026-09-01 13:19:00+05:30,24047.69921875,24051.0,24045.19921875,24049.05078125,0
2026-09-01 13:20:00+05:30,24050.349609375,24050.55078125,24046.650390625,24050.44921875,0
2026-09-01 13:21:00+05:30,24051.099609375,24057.150390625,24050.0,24055.94921875,0
2026-09-01 13:22:00+05:30,24057.0,24058.55078125,24055.400390625,24058.0,0
2026-09-01 13:23:00+05:30,24059.25,24059.25,24053.650390625,24054.19921875,0
2026-09-01 13:24:00+05:30,24055.150390625,24058.099609375,24052.400390625,24056.900390625,0
2026-09-01 13:25:00+05:30,24058.25,24059.0,24054.80078125,24058.69921875,0
2026-09-01 13:26:00+05:30,24059.650390625,24060.25,24055.44921875,24057.599609375,0
2026-09-01 13:27:00+05:30,24057.75,24058.69921875,24051.150390625,24052.75,0
2026-09-01 13:28:00+05:30,24053.80078125,24054.099609375,24045.599609375,24047.400390625,0
2026-09-01 13:29:00+05:30,24049.44921875,24051.80078125,24046.94921875,24049.80078125,0
2026-09-01 13:30:00+05:30,24051.44921875,24054.599609375,24049.900390625,24053.5,0
2026-09-01 13:31:00+05:30,24055.0,24061.849609375,24054.5,24059.400390625,0
2026-09-01 13:32:00+05:30,24061.0,24062.44921875,24059.0,24059.400390625,0
2026-09-01 13:33:00+05:30,24060.599609375,24061.80078125,24057.349609375,24060.650390625,0
2026-09-01 13:34:00+05:30,24060.44921875,24061.400390625,24057.44921875,24059.94921875,0
2026-09-01 13:35:00+05:30,24060.599609375,24065.650390625,24058.650390625,24061.69921875,0
2026-09-01 13:36:00+05:30,24062.80078125,24062.80078125,24053.099609375,24054.05078125,0
2026-09-01 13:37:00+05:30,24054.94921875,24054.94921875,24043.099609375,24045.650390625,0
2026-09-01 13:38:00+05:30,24047.099609375,24048.30078125,24039.900390625,24041.400390625,0
2026-09-01 13:39:00+05:30,24043.25,24043.30078125,24033.30078125,24036.900390625,0
2026-09-01 13:40:00+05:30,24038.0,24038.150390625,24025.94921875,24027.30078125,0
2026-09-01 13:41:00+05:30,24028.75,24029.650390625,24021.849609375,24022.849609375,0
2026-09-01 13:42:00+05:30,24023.94921875,24025.849609375,24021.19921875,24025.0,0
2026-09-01 13:43:00+05:30,24025.75,24032.400390625,24023.650390625,24030.30078125,0
2026-09-01 13:44:00+05:30,24032.05078125,24037.0,24029.25,24034.19921875,0
2026-09-01 13:45:00+05:30,24034.900390625,24034.94921875,24024.75,24030.650390625,0
2026-09-01 13:46:00+05:30,24032.55078125,24033.19921875,24025.400390625,24026.19921875,0
2026-09-01 13:47:00+05:30,24027.25,24027.69921875,24017.19921875,24019.599609375,0
2026-09-01 13:48:00+05:30,24021.30078125,24022.0,24018.0,24021.650390625,0
2026-09-01 13:49:00+05:30,24022.099609375,24022.55078125,24018.44921875,24019.25,0
2026-09-01 13:50:00+05:30,24019.650390625,24019.650390625,23999.849609375,24000.44921875,0
2026-09-01 13:51:00+05:30,24001.849609375,24002.0,23988.19921875,23990.099609375,0
2026-09-01 13:52:00+05:30,23991.650390625,23997.099609375,23989.349609375,23992.25,0
2026-09-01 13:53:00+05:30,23993.69921875,23996.0,23989.099609375,23991.69921875,0
2026-09-01 13:54:00+05:30,23993.349609375,23996.30078125,23988.900390625,23993.80078125,0
2026-09-01 13:55:00+05:30,23995.0,23995.0,23989.349609375,23989.94921875,0
2026-09-01 13:56:00+05:30,23991.0,23998.849609375,23988.05078125,23998.849609375,0
2026-09-01 13:57:00+05:30,23999.849609375,24006.349609375,23997.400390625,24006.05078125,0
2026-09-01 13:58:00+05:30,24007.69921875,24010.94921875,24005.099609375,24005.650390625,0
2026-09-01 13:59:00+05:30,24006.900390625,24007.849609375,23999.099609375,24000.150390625,0
2026-09-01 14:00:00+05:30,24001.80078125,24001.80078125,23991.900390625,23993.19921875,0
2026-09-01 14:01:00+05:30,23995.349609375,23997.0,23989.75,23991.44921875,0
2026-09-01 14:02:00+05:30,23992.599609375,23993.0,23981.94921875,23981.94921875,0
2026-09-01 14:03:00+05:30,23983.94921875,23984.099609375,23977.599609375,23978.44921875,0
2026-09-01 14:04:00+05:30,23980.0,23983.19921875,23977.150390625,23978.55078125,0
2026-09-01 14:05:00+05:30,23980.44921875,23983.94921875,23973.05078125,23982.55078125,0
2026-09-01 14:06:00+05:30,23983.94921875,23983.94921875,23976.75,23978.150390625,0
2026-09-01 14:07:00+05:30,23979.69921875,23979.900390625,23973.400390625,23974.349609375,0
2026-09-01 14:08:00+05:30,23975.94921875,23975.94921875,23963.0,23964.05078125,0
2026-09-01 14:09:00+05:30,23965.05078125,23965.05078125,23953.900390625,23956.349609375,0
2026-09-01 14:10:00+05:30,23957.849609375,23961.94921875,23956.25,23961.650390625,0
2026-09-01 14:11:00+05:30,23962.900390625,23972.94921875,23962.19921875,23970.19921875,0
2026-09-01 14:12:00+05:30,23971.69921875,23971.69921875,23960.30078125,23960.94921875,0
2026-09-01 14:13:00+05:30,23962.599609375,23964.0,23960.05078125,23961.099609375,0
2026-09-01 14:14:00+05:30,23962.30078125,23966.599609375,23960.05078125,23965.05078125,0
2026-09-01 14:15:00+05:30,23967.25,23968.69921875,23964.150390625,23965.80078125,0
2026-09-01 14:16:00+05:30,23967.55078125,23968.0,23962.599609375,23963.94921875,0
2026-09-01 14:17:00+05:30,23965.44921875,23965.44921875,23959.69921875,23962.44921875,0
2026-09-01 14:18:00+05:30,23964.400390625,23964.400390625,23958.0,23960.099609375,0
2026-09-01 14:19:00+05:30,23961.400390625,23966.19921875,23960.099609375,23965.650390625,0
2026-09-01 14:20:00+05:30,23967.150390625,23967.349609375,23962.599609375,23964.05078125,0
2026-09-01 14:21:00+05:30,23966.150390625,23966.150390625,23958.55078125,23959.5,0
2026-09-01 14:22:00+05:30,23961.099609375,23962.75,23954.400390625,23955.349609375,0
2026-09-01 14:23:00+05:30,23956.30078125,23958.80078125,23953.900390625,23954.650390625,0
2026-09-01 14:24:00+05:30,23956.0,23959.05078125,23954.55078125,23958.05078125,0
2026-09-01 14:25:00+05:30,23959.650390625,23964.599609375,23957.400390625,23961.849609375,0
2026-09-01 14:26:00+05:30,23963.349609375,23963.349609375,23958.80078125,23958.849609375,0
2026-09-01 14:27:00+05:30,23961.30078125,23961.30078125,23954.900390625,23955.5,0
2026-09-01 14:28:00+05:30,23957.25,23957.94921875,23952.599609375,23957.0,0
2026-09-01 14:29:00+05:30,23959.400390625,23982.25,23958.400390625,23981.599609375,0
2026-09-01 14:30:00+05:30,23982.44921875,23983.75,23969.099609375,23970.400390625,0
2026-09-01 14:31:00+05:30,23972.0,23982.75,23968.44921875,23981.30078125,0
2026-09-01 14:32:00+05:30,23983.25,23988.599609375,23979.349609375,23979.400390625,0
2026-09-01 14:33:00+05:30,23981.05078125,23981.69921875,23972.30078125,23973.30078125,0
2026-09-01 14:34:00+05:30,23975.349609375,23985.5,23972.80078125,23984.44921875,0
2026-09-01 14:35:00+05:30,23985.599609375,23989.69921875,23978.349609375,23979.55078125,0
2026-09-01 14:36:00+05:30,23980.650390625,23980.650390625,23974.55078125,23974.80078125,0
2026-09-01 14:37:00+05:30,23975.94921875,23975.94921875,23967.849609375,23967.94921875,0
2026-09-01 14:38:00+05:30,23969.599609375,23973.19921875,23967.80078125,23971.44921875,0
2026-09-01 14:39:00+05:30,23973.099609375,23973.19921875,23965.5,23966.0,0
2026-09-01 14:40:00+05:30,23967.5,23967.5,23958.400390625,23960.349609375,0
2026-09-01 14:41:00+05:30,23960.75,23963.599609375,23959.900390625,23963.150390625,0
2026-09-01 14:42:00+05:30,23964.44921875,23972.44921875,23963.05078125,23969.349609375,0
2026-09-01 14:43:00+05:30,23970.55078125,23970.55078125,23963.5,23964.400390625,0
2026-09-01 14:44:00+05:30,23965.5,23965.5,23961.849609375,23961.94921875,0
2026-09-01 14:45:00+05:30,23963.69921875,23978.05078125,23960.599609375,23972.55078125,0
2026-09-01 14:46:00+05:30,23973.599609375,23973.849609375,23968.44921875,23970.849609375,0
2026-09-01 14:47:00+05:30,23972.0,23972.400390625,23965.0,23968.55078125,0
2026-09-01 14:48:00+05:30,23969.400390625,23970.75,23964.25,23964.25,0
2026-09-01 14:49:00+05:30,23965.05078125,23971.30078125,23961.5,23969.650390625,0
2026-09-01 14:50:00+05:30,23970.400390625,23980.849609375,23970.0,23978.25,0
2026-09-01 14:51:00+05:30,23980.099609375,23984.94921875,23978.05078125,23983.599609375,0
2026-09-01 14:52:00+05:30,23984.900390625,23985.5,23976.099609375,23979.599609375,0
2026-09-01 14:53:00+05:30,23980.900390625,23981.80078125,23976.44921875,23977.599609375,0
2026-09-01 14:54:00+05:30,23977.75,23981.55078125,23975.900390625,23980.75,0
2026-09-01 14:55:00+05:30,23980.849609375,23989.849609375,23980.849609375,23987.0,0
2026-09-01 14:56:00+05:30,23988.25,23993.349609375,23984.650390625,23984.849609375,0
2026-09-01 14:57:00+05:30,23985.900390625,23986.0,23979.19921875,23980.599609375,0
2026-09-01 14:58:00+05:30,23981.099609375,23987.30078125,23978.849609375,23983.349609375,0
2026-09-01 14:59:00+05:30,23984.5,23984.80078125,23980.099609375,23980.5,0
2026-09-01 15:00:00+05:30,23980.80078125,23982.05078125,23974.349609375,23976.900390625,0
2026-09-01 15:01:00+05:30,23977.900390625,23986.05078125,23975.19921875,23983.150390625,0
2026-09-01 15:02:00+05:30,23983.5,23983.5,23974.25,23974.94921875,0
2026-09-01 15:03:00+05:30,23976.05078125,23976.75,23968.30078125,23969.5,0
2026-09-01 15:04:00+05:30,23970.650390625,23976.900390625,23969.55078125,23975.900390625,0
2026-09-01 15:05:00+05:30,23975.849609375,23983.099609375,23971.75,23983.099609375,0
2026-09-01 15:06:00+05:30,23983.400390625,23985.349609375,23979.650390625,23982.55078125,0
2026-09-01 15:07:00+05:30,23983.0,23983.05078125,23972.099609375,23973.599609375,0
2026-09-01 15:08:00+05:30,23974.599609375,23976.5,23972.400390625,23974.05078125,0
2026-09-01 15:09:00+05:30,23974.5,23975.900390625,23969.19921875,23969.650390625,0
2026-09-01 15:10:00+05:30,23970.69921875,23977.400390625,23969.19921875,23975.94921875,0
2026-09-01 15:11:00+05:30,23975.94921875,23976.69921875,23968.5,23973.5,0
2026-09-01 15:12:00+05:30,23974.44921875,23979.44921875,23959.150390625,23967.400390625,0
2026-09-01 15:13:00+05:30,23970.44921875,23977.44921875,23968.650390625,23973.44921875,0
2026-09-01 15:14:00+05:30,23971.55078125,23990.25,23971.099609375,23984.44921875,0
2026-09-01 15:15:00+05:30,23980.55078125,23980.55078125,23980.55078125,23980.55078125,0
2026-09-01 15:16:00+05:30,23980.55078125,23980.55078125,23980.55078125,23980.55078125,0
2026-09-01 15:17:00+05:30,23980.55078125,23980.55078125,23980.55078125,23980.55078125,0
2026-09-01 15:18:00+05:30,23980.55078125,23980.55078125,23980.55078125,23980.55078125,0
2026-09-01 15:19:00+05:30,23980.55078125,23980.55078125,23980.55078125,23980.55078125,0
2026-09-01 15:20:00+05:30,23980.55078125,23980.55078125,23980.55078125,23980.55078125,0
2026-09-01 15:21:00+05:30,23980.55078125,23980.55078125,23980.55078125,23980.55078125,0
2026-09-01 15:22:00+05:30,23980.55078125,23980.55078125,23980.55078125,23980.55078125,0
2026-09-01 15:23:00+05:30,23980.55078125,23980.55078125,23980.55078125,23980.55078125,0
2026-09-01 15:24:00+05:30,23980.55078125,23980.55078125,23980.55078125,23980.55078125,0
2026-09-01 15:25:00+05:30,23980.55078125,23980.55078125,23980.55078125,23980.55078125,0
2026-09-01 15:26:00+05:30,23980.55078125,23980.55078125,23980.55078125,23980.55078125,0
2026-09-01 15:27:00+05:30,23980.55078125,23980.55078125,23980.55078125,23980.55078125,0
2026-09-01 15:28:00+05:30,23980.55078125,23980.55078125,23980.55078125,23980.55078125,0
2026-09-01 15:29:00+05:30,23980.55078125,24055.80078125,23980.55078125,24055.80078125,0
2026-09-02 09:15:00+05:30,23879.400390625,23879.400390625,23808.75,23825.19921875,0
2026-09-02 09:16:00+05:30,23824.94921875,23830.69921875,23815.849609375,23818.44921875,0
2026-09-02 09:17:00+05:30,23819.05078125,23825.94921875,23816.099609375,23819.80078125,0
2026-09-02 09:18:00+05:30,23821.69921875,23836.94921875,23820.05078125,23832.650390625,0
2026-09-02 09:19:00+05:30,23834.69921875,23834.900390625,23820.69921875,23824.69921875,0
2026-09-02 09:20:00+05:30,23824.349609375,23827.849609375,23817.75,23827.849609375,0
2026-09-02 09:21:00+05:30,23826.75,23828.30078125,23809.349609375,23816.849609375,0
2026-09-02 09:22:00+05:30,23816.44921875,23819.94921875,23803.44921875,23804.25,0
2026-09-02 09:23:00+05:30,23805.44921875,23811.94921875,23794.44921875,23796.69921875,0
2026-09-02 09:24:00+05:30,23796.05078125,23804.0,23788.05078125,23803.400390625,0
2026-09-02 09:25:00+05:30,23804.599609375,23817.5,23803.599609375,23813.30078125,0
2026-09-02 09:26:00+05:30,23814.099609375,23829.05078125,23813.44921875,23826.5,0
2026-09-02 09:27:00+05:30,23827.05078125,23833.94921875,23825.30078125,23827.55078125,0
2026-09-02 09:28:00+05:30,23828.25,23828.25,23816.69921875,23821.19921875,0
2026-09-02 09:29:00+05:30,23820.099609375,23824.0,23818.44921875,23821.69921875,0
2026-09-02 09:30:00+05:30,23822.55078125,23831.80078125,23818.150390625,23818.80078125,0
2026-09-02 09:31:00+05:30,23819.349609375,23823.05078125,23813.400390625,23818.75,0
2026-09-02 09:32:00+05:30,23819.30078125,23824.94921875,23817.30078125,23821.30078125,0
2026-09-02 09:33:00+05:30,23821.400390625,23833.75,23821.400390625,23832.94921875,0
2026-09-02 09:34:00+05:30,23832.94921875,23843.25,23831.25,23843.25,0
2026-09-02 09:35:00+05:30,23843.19921875,23849.94921875,23834.099609375,23842.19921875,0
2026-09-02 09:36:00+05:30,23843.0,23843.75,23832.80078125,23836.69921875,0
2026-09-02 09:37:00+05:30,23838.150390625,23846.75,23835.80078125,23840.30078125,0
2026-09-02 09:38:00+05:30,23840.44921875,23843.099609375,23835.099609375,23837.05078125,0
2026-09-02 09:39:00+05:30,23837.849609375,23839.25,23827.400390625,23827.849609375,0
2026-09-02 09:40:00+05:30,23828.25,23835.44921875,23827.349609375,23834.75,0
2026-09-02 09:41:00+05:30,23834.400390625,23842.150390625,23833.849609375,23840.0,0
2026-09-02 09:42:00+05:30,23840.80078125,23846.19921875,23838.849609375,23843.400390625,0
2026-09-02 09:43:00+05:30,23843.25,23848.25,23841.80078125,23845.0,0
2026-09-02 09:44:00+05:30,23845.650390625,23847.0,23840.25,23841.599609375,0
2026-09-02 09:45:00+05:30,23842.0,23842.44921875,23834.55078125,23835.150390625,0
2026-09-02 09:46:00+05:30,23835.44921875,23836.55078125,23828.80078125,23830.05078125,0
2026-09-02 09:47:00+05:30,23830.150390625,23830.5,23821.55078125,23825.55078125,0
2026-09-02 09:48:00+05:30,23825.80078125,23831.05078125,23823.599609375,23830.69921875,0
2026-09-02 09:49:00+05:30,23831.05078125,23838.55078125,23830.30078125,23835.349609375,0
2026-09-02 09:50:00+05:30,23835.25,23847.25,23830.80078125,23845.44921875,0
2026-09-02 09:51:00+05:30,23845.55078125,23845.80078125,23834.94921875,23835.25,0
2026-09-02 09:52:00+05:30,23835.80078125,23839.849609375,23831.55078125,23831.55078125,0
2026-09-02 09:53:00+05:30,23832.55078125,23835.25,23829.599609375,23833.349609375,0
2026-09-02 09:54:00+05:30,23834.0,23835.0,23828.400390625,23830.69921875,0
2026-09-02 09:55:00+05:30,23831.349609375,23835.44921875,23828.75,23834.150390625,0
2026-09-02 09:56:00+05:30,23835.19921875,23845.44921875,23833.94921875,23841.599609375,0
2026-09-02 09:57:00+05:30,23841.94921875,23846.69921875,23838.55078125,23840.099609375,0
2026-09-02 09:58:00+05:30,23841.75,23854.0,23841.75,23851.44921875,0
2026-09-02 09:59:00+05:30,23852.099609375,23855.900390625,23848.94921875,23851.0,0
2026-09-02 10:00:00+05:30,23851.0,23852.75,23845.5,23847.30078125,0
2026-09-02 10:01:00+05:30,23848.0,23852.44921875,23847.0,23849.94921875,0
2026-09-02 10:02:00+05:30,23850.05078125,23856.80078125,23848.849609375,23853.0,0
2026-09-02 10:03:00+05:30,23852.849609375,23857.599609375,23850.900390625,23853.55078125,0
2026-09-02 10:04:00+05:30,23854.30078125,23856.0,23849.75,23853.25,0
2026-09-02 10:05:00+05:30,23853.55078125,23858.30078125,23852.75,23855.599609375,0
2026-09-02 10:06:00+05:30,23854.75,23859.44921875,23854.55078125,23857.19921875,0
2026-09-02 10:07:00+05:30,23857.75,23862.19921875,23856.5,23860.400390625,0
2026-09-02 10:08:00+05:30,23861.44921875,23861.44921875,23847.900390625,23848.94921875,0
2026-09-02 10:09:00+05:30,23848.75,23849.19921875,23845.75,23848.099609375,0
2026-09-02 10:10:00+05:30,23848.25,23850.349609375,23845.400390625,23848.849609375,0
2026-09-02 10:11:00+05:30,23848.900390625,23852.55078125,23839.900390625,23840.099609375,0
2026-09-02 10:12:00+05:30,23840.400390625,23848.5,23840.400390625,23847.849609375,0
2026-09-02 10:13:00+05:30,23848.05078125,23857.69921875,23846.05078125,23854.94921875,0
2026-09-02 10:14:00+05:30,23855.150390625,23855.5,23847.44921875,23848.30078125,0
2026-09-02 10:15:00+05:30,23848.05078125,23850.05078125,23844.75,23849.099609375,0
2026-09-02 10:16:00+05:30,23849.30078125,23853.650390625,23848.150390625,23850.400390625,0
2026-09-02 10:17:00+05:30,23850.349609375,23852.900390625,23848.349609375,23851.05078125,0
2026-09-02 10:18:00+05:30,23850.849609375,23853.55078125,23847.19921875,23853.150390625,0
2026-09-02 10:19:00+05:30,23852.75,23859.05078125,23852.30078125,23855.400390625,0
2026-09-02 10:20:00+05:30,23856.150390625,23866.349609375,23855.94921875,23864.05078125,0
2026-09-02 10:21:00+05:30,23864.5,23874.5,23859.0,23873.849609375,0
2026-09-02 10:22:00+05:30,23874.650390625,23881.0,23873.80078125,23875.900390625,0
2026-09-02 10:23:00+05:30,23875.150390625,23877.849609375,23870.349609375,23872.30078125,0
2026-09-02 10:24:00+05:30,23871.150390625,23877.75,23870.19921875,23876.099609375,0
2026-09-02 10:25:00+05:30,23876.55078125,23876.75,23871.94921875,23873.55078125,0
2026-09-02 10:26:00+05:30,23874.849609375,23876.599609375,23872.150390625,23875.94921875,0
2026-09-02 10:27:00+05:30,23875.5,23879.19921875,23875.5,23877.05078125,0
2026-09-02 10:28:00+05:30,23877.55078125,23881.05078125,23875.400390625,23875.400390625,0
2026-09-02 10:29:00+05:30,23875.5,23883.099609375,23875.25,23882.75,0
2026-09-02 10:30:00+05:30,23882.599609375,23886.69921875,23881.44921875,23884.75,0
2026-09-02 10:31:00+05:30,23885.5,23895.55078125,23884.349609375,23887.05078125,0
2026-09-02 10:32:00+05:30,23888.349609375,23889.80078125,23884.0,23886.30078125,0
2026-09-02 10:33:00+05:30,23886.94921875,23888.599609375,23881.25,23884.94921875,0
2026-09-02 10:34:00+05:30,23884.55078125,23886.25,23880.0,23881.099609375,0
2026-09-02 10:35:00+05:30,23880.80078125,23882.400390625,23875.650390625,23877.150390625,0
2026-09-02 10:36:00+05:30,23877.0,23878.400390625,23873.650390625,23874.69921875,0
2026-09-02 10:37:00+05:30,23874.75,23878.5,23873.80078125,23876.400390625,0
2026-09-02 10:38:00+05:30,23876.099609375,23876.30078125,23870.599609375,23872.0,0
2026-09-02 10:39:00+05:30,23871.650390625,23871.80078125,23861.900390625,23864.5,0
2026-09-02 10:40:00+05:30,23864.400390625,23870.30078125,23861.650390625,23868.75,0
2026-09-02 10:41:00+05:30,23867.349609375,23868.849609375,23863.650390625,23865.19921875,0
2026-09-02 10:42:00+05:30,23864.400390625,23868.80078125,23862.25,23866.099609375,0
2026-09-02 10:43:00+05:30,23866.650390625,23867.25,23861.599609375,23862.80078125,0
2026-09-02 10:44:00+05:30,23862.900390625,23863.599609375,23860.05078125,23860.650390625,0
2026-09-02 10:45:00+05:30,23861.25,23863.30078125,23859.55078125,23861.30078125,0
2026-09-02 10:46:00+05:30,23861.55078125,23863.650390625,23857.25,23858.94921875,0
2026-09-02 10:47:00+05:30,23859.19921875,23860.650390625,23856.5,23860.150390625,0
2026-09-02 10:48:00+05:30,23859.80078125,23865.099609375,23859.25,23863.94921875,0
2026-09-02 10:49:00+05:30,23864.0,23866.55078125,23861.900390625,23862.900390625,0
2026-09-02 10:50:00+05:30,23862.900390625,23869.400390625,23861.849609375,23869.400390625,0
2026-09-02 10:51:00+05:30,23868.349609375,23871.55078125,23863.599609375,23863.69921875,0
2026-09-02 10:52:00+05:30,23864.650390625,23865.55078125,23850.150390625,23850.150390625,0
2026-09-02 10:53:00+05:30,23851.05078125,23851.80078125,23843.55078125,23843.55078125,0
2026-09-02 10:54:00+05:30,23844.650390625,23855.05078125,23840.599609375,23854.55078125,0
2026-09-02 10:55:00+05:30,23855.900390625,23859.19921875,23855.099609375,23857.400390625,0
2026-09-02 10:56:00+05:30,23857.05078125,23864.849609375,23856.05078125,23863.099609375,0
2026-09-02 10:57:00+05:30,23863.099609375,23865.80078125,23860.400390625,23861.30078125,0
2026-09-02 10:58:00+05:30,23860.80078125,23861.80078125,23857.900390625,23859.599609375,0
2026-09-02 10:59:00+05:30,23859.30078125,23862.30078125,23858.599609375,23859.94921875,0
2026-09-02 11:00:00+05:30,23859.80078125,23862.05078125,23859.150390625,23860.400390625,0
2026-09-02 11:01:00+05:30,23860.599609375,23861.400390625,23851.94921875,23853.19921875,0
2026-09-02 11:02:00+05:30,23852.69921875,23852.80078125,23845.599609375,23845.599609375,0
2026-09-02 11:03:00+05:30,23845.80078125,23846.400390625,23841.349609375,23843.099609375,0
2026-09-02 11:04:00+05:30,23843.19921875,23843.599609375,23835.900390625,23836.599609375,0
2026-09-02 11:05:00+05:30,23837.349609375,23838.25,23832.650390625,23835.5,0
2026-09-02 11:06:00+05:30,23836.150390625,23836.5,23830.94921875,23833.099609375,0
2026-09-02 11:07:00+05:30,23832.349609375,23841.900390625,23832.349609375,23839.44921875,0
2026-09-02 11:08:00+05:30,23839.900390625,23839.900390625,23835.30078125,23836.0,0
2026-09-02 11:09:00+05:30,23836.05078125,23836.44921875,23830.400390625,23830.650390625,0
2026-09-02 11:10:00+05:30,23829.900390625,23833.05078125,23829.900390625,23832.25,0
2026-09-02 11:11:00+05:30,23832.55078125,23834.44921875,23830.19921875,23831.55078125,0
2026-09-02 11:12:00+05:30,23832.44921875,23833.80078125,23829.55078125,23831.599609375,0
2026-09-02 11:13:00+05:30,23831.849609375,23832.69921875,23826.150390625,23830.25,0
2026-09-02 11:14:00+05:30,23830.599609375,23833.150390625,23828.349609375,23832.349609375,0
2026-09-02 11:15:00+05:30,23832.099609375,23834.099609375,23830.150390625,23831.25,0
2026-09-02 11:16:00+05:30,23831.44921875,23831.44921875,23827.30078125,23828.55078125,0
2026-09-02 11:17:00+05:30,23829.19921875,23830.69921875,23826.05078125,23829.19921875,0
2026-09-02 11:18:00+05:30,23829.599609375,23839.44921875,23828.400390625,23838.099609375,0
2026-09-02 11:19:00+05:30,23838.94921875,23840.900390625,23833.69921875,23834.94921875,0
2026-09-02 11:20:00+05:30,23835.349609375,23838.55078125,23832.80078125,23833.849609375,0
2026-09-02 11:21:00+05:30,23834.05078125,23835.349609375,23831.650390625,23833.349609375,0
2026-09-02 11:22:00+05:30,23833.94921875,23833.94921875,23824.849609375,23827.69921875,0
2026-09-02 11:23:00+05:30,23826.5,23830.599609375,23825.75,23828.30078125,0
2026-09-02 11:24:00+05:30,23827.900390625,23829.150390625,23823.650390625,23824.94921875,0
2026-09-02 11:25:00+05:30,23824.849609375,23825.349609375,23821.650390625,23824.599609375,0
2026-09-02 11:26:00+05:30,23824.94921875,23827.44921875,23822.0,23822.5,0
2026-09-02 11:27:00+05:30,23822.75,23824.75,23821.150390625,23822.150390625,0
2026-09-02 11:28:00+05:30,23822.5,23825.650390625,23821.05078125,23823.650390625,0
2026-09-02 11:29:00+05:30,23823.75,23825.349609375,23818.5,23819.599609375,0
2026-09-02 11:30:00+05:30,23819.0,23821.900390625,23818.55078125,23820.05078125,0
2026-09-02 11:31:00+05:30,23820.19921875,23820.94921875,23818.0,23818.55078125,0
2026-09-02 11:32:00+05:30,23819.650390625,23820.05078125,23816.19921875,23816.599609375,0
2026-09-02 11:33:00+05:30,23817.099609375,23817.25,23809.75,23811.69921875,0
2026-09-02 11:34:00+05:30,23811.099609375,23815.55078125,23809.849609375,23813.94921875,0
2026-09-02 11:35:00+05:30,23813.69921875,23816.69921875,23812.0,23813.0,0
2026-09-02 11:36:00+05:30,23813.5,23814.05078125,23810.0,23811.55078125,0
2026-09-02 11:37:00+05:30,23811.69921875,23814.400390625,23809.900390625,23810.099609375,0
2026-09-02 11:38:00+05:30,23810.0,23814.05078125,23807.099609375,23812.30078125,0
2026-09-02 11:39:00+05:30,23812.55078125,23818.099609375,23812.349609375,23817.69921875,0
2026-09-02 11:40:00+05:30,23817.94921875,23819.80078125,23813.19921875,23813.55078125,0
2026-09-02 11:41:00+05:30,23814.19921875,23815.44921875,23810.349609375,23810.44921875,0
2026-09-02 11:42:00+05:30,23811.69921875,23813.650390625,23808.69921875,23811.599609375,0
2026-09-02 11:43:00+05:30,23812.349609375,23818.599609375,23811.0,23814.30078125,0
2026-09-02 11:44:00+05:30,23815.099609375,23815.55078125,23810.69921875,23810.69921875,0
2026-09-02 11:45:00+05:30,23811.94921875,23813.30078125,23809.25,23809.94921875,0
2026-09-02 11:46:00+05:30,23810.5,23811.599609375,23807.0,23809.400390625,0
2026-09-02 11:47:00+05:30,23809.150390625,23811.94921875,23806.05078125,23807.05078125,0
2026-09-02 11:48:00+05:30,23808.349609375,23814.30078125,23807.400390625,23813.599609375,0
2026-09-02 11:49:00+05:30,23814.05078125,23815.05078125,23810.80078125,23811.900390625,0
2026-09-02 11:50:00+05:30,23813.099609375,23814.900390625,23812.0,23813.25,0
2026-09-02 11:51:00+05:30,23813.650390625,23814.44921875,23811.69921875,23813.30078125,0
2026-09-02 11:52:00+05:30,23813.80078125,23819.75,23812.44921875,23814.75,0
2026-09-02 11:53:00+05:30,23815.25,23819.0,23811.099609375,23817.0,0
2026-09-02 11:54:00+05:30,23818.44921875,23825.05078125,23818.349609375,23824.349609375,0
2026-09-02 11:55:00+05:30,23825.19921875,23830.150390625,23821.150390625,23822.150390625,0
2026-09-02 11:56:00+05:30,23822.44921875,23824.94921875,23815.599609375,23817.80078125,0
2026-09-02 11:57:00+05:30,23818.150390625,23819.05078125,23813.349609375,23814.349609375,0
2026-09-02 11:58:00+05:30,23814.900390625,23815.05078125,23810.650390625,23811.650390625,0
2026-09-02 11:59:00+05:30,23812.400390625,23815.25,23810.05078125,23812.94921875,0
2026-09-02 12:00:00+05:30,23814.80078125,23817.0,23812.19921875,23815.80078125,0
2026-09-02 12:01:00+05:30,23815.55078125,23818.55078125,23811.69921875,23816.69921875,0
2026-09-02 12:02:00+05:30,23816.5,23817.30078125,23811.69921875,23812.75,0
2026-09-02 12:03:00+05:30,23814.30078125,23816.900390625,23805.900390625,23806.650390625,0
2026-09-02 12:04:00+05:30,23808.19921875,23808.19921875,23801.099609375,23805.05078125,0
2026-09-02 12:05:00+05:30,23806.099609375,23809.30078125,23803.849609375,23807.69921875,0
2026-09-02 12:06:00+05:30,23808.30078125,23813.150390625,23807.900390625,23811.849609375,0
2026-09-02 12:07:00+05:30,23812.099609375,23812.30078125,23807.099609375,23807.5,0
2026-09-02 12:08:00+05:30,23807.69921875,23811.25,23807.69921875,23808.349609375,0
2026-09-02 12:09:00+05:30,23809.25,23812.94921875,23807.94921875,23811.75,0
2026-09-02 12:10:00+05:30,23812.5,23817.55078125,23811.400390625,23817.05078125,0
2026-09-02 12:11:00+05:30,23817.599609375,23834.0,23816.349609375,23830.599609375,0
2026-09-02 12:12:00+05:30,23830.900390625,23836.44921875,23830.05078125,23835.30078125,0
2026-09-02 12:13:00+05:30,23836.80078125,23839.400390625,23834.0,23837.05078125,0
2026-09-02 12:14:00+05:30,23837.099609375,23838.75,23834.599609375,23838.349609375,0
2026-09-02 12:15:00+05:30,23838.849609375,23841.0,23835.75,23837.5,0
2026-09-02 12:16:00+05:30,23837.69921875,23838.19921875,23833.75,23836.69921875,0
2026-09-02 12:17:00+05:30,23837.75,23843.400390625,23836.44921875,23841.099609375,0
2026-09-02 12:18:00+05:30,23841.30078125,23841.30078125,23831.900390625,23832.650390625,0
2026-09-02 12:19:00+05:30,23832.80078125,23833.150390625,23826.150390625,23828.30078125,0
2026-09-02 12:20:00+05:30,23829.0,23829.0,23820.650390625,23820.650390625,0
2026-09-02 12:21:00+05:30,23821.400390625,23821.400390625,23815.94921875,23817.55078125,0
2026-09-02 12:22:00+05:30,23818.900390625,23829.650390625,23818.30078125,23824.19921875,0
2026-09-02 12:23:00+05:30,23824.650390625,23827.30078125,23822.44921875,23825.69921875,0
2026-09-02 12:24:00+05:30,23826.44921875,23827.30078125,23823.099609375,23825.69921875,0
2026-09-02 12:25:00+05:30,23826.349609375,23829.80078125,23825.25,23826.80078125,0
2026-09-02 12:26:00+05:30,23827.150390625,23831.599609375,23826.44921875,23831.44921875,0
2026-09-02 12:27:00+05:30,23831.849609375,23834.25,23829.94921875,23830.5,0
2026-09-02 12:28:00+05:30,23831.55078125,23835.5,23830.44921875,23834.80078125,0
2026-09-02 12:29:00+05:30,23835.30078125,23837.44921875,23834.75,23836.25,0
2026-09-02 12:30:00+05:30,23836.19921875,23844.55078125,23834.30078125,23842.19921875,0
2026-09-02 12:31:00+05:30,23843.099609375,23848.55078125,23842.0,23848.19921875,0
2026-09-02 12:32:00+05:30,23847.94921875,23855.30078125,23846.75,23851.25,0
2026-09-02 12:33:00+05:30,23852.30078125,23854.75,23851.349609375,23853.349609375,0
2026-09-02 12:34:00+05:30,23854.30078125,23855.099609375,23847.150390625,23847.900390625,0
2026-09-02 12:35:00+05:30,23848.849609375,23855.150390625,23846.599609375,23846.599609375,0
2026-09-02 12:36:00+05:30,23846.900390625,23854.099609375,23846.900390625,23854.099609375,0
2026-09-02 12:37:00+05:30,23855.099609375,23857.05078125,23853.25,23855.5,0
2026-09-02 12:38:00+05:30,23856.80078125,23858.05078125,23851.650390625,23851.900390625,0
2026-09-02 12:39:00+05:30,23853.150390625,23853.25,23849.30078125,23851.05078125,0
2026-09-02 12:40:00+05:30,23851.25,23855.150390625,23851.05078125,23853.19921875,0
2026-09-02 12:41:00+05:30,23853.75,23856.25,23849.400390625,23854.400390625,0
2026-09-02 12:42:00+05:30,23854.75,23858.94921875,23854.75,23857.55078125,0
2026-09-02 12:43:00+05:30,23858.150390625,23866.400390625,23855.44921875,23864.75,0
2026-09-02 12:44:00+05:30,23865.19921875,23868.19921875,23859.900390625,23860.94921875,0
2026-09-02 12:45:00+05:30,23860.650390625,23862.30078125,23850.849609375,23851.05078125,0
2026-09-02 12:46:00+05:30,23851.80078125,23860.0,23850.69921875,23859.0,0
2026-09-02 12:47:00+05:30,23858.80078125,23862.44921875,23852.900390625,23853.5,0
2026-09-02 12:48:00+05:30,23853.650390625,23854.400390625,23850.94921875,23852.75,0
2026-09-02 12:49:00+05:30,23853.44921875,23861.44921875,23853.44921875,23859.30078125,0
2026-09-02 12:50:00+05:30,23859.94921875,23861.80078125,23859.25,23859.69921875,0
2026-09-02 12:51:00+05:30,23859.75,23862.75,23859.650390625,23861.69921875,0
2026-09-02 12:52:00+05:30,23862.30078125,23864.599609375,23861.25,23861.69921875,0
2026-09-02 12:53:00+05:30,23861.75,23863.75,23858.900390625,23862.5,0
2026-09-02 12:54:00+05:30,23862.599609375,23864.25,23860.0,23863.150390625,0
2026-09-02 12:55:00+05:30,23863.30078125,23864.650390625,23858.099609375,23859.19921875,0
2026-09-02 12:56:00+05:30,23858.900390625,23863.55078125,23858.900390625,23862.30078125,0
2026-09-02 12:57:00+05:30,23862.05078125,23867.19921875,23861.80078125,23864.44921875,0
2026-09-02 12:58:00+05:30,23864.19921875,23867.400390625,23863.80078125,23866.5,0
2026-09-02 12:59:00+05:30,23866.150390625,23870.55078125,23865.94921875,23869.69921875,0
2026-09-02 13:00:00+05:30,23869.94921875,23874.400390625,23869.349609375,23872.650390625,0
2026-09-02 13:01:00+05:30,23874.349609375,23876.69921875,23872.650390625,23873.650390625,0
2026-09-02 13:02:00+05:30,23874.0,23876.80078125,23872.650390625,23875.0,0
2026-09-02 13:03:00+05:30,23875.349609375,23875.599609375,23871.150390625,23872.150390625,0
2026-09-02 13:04:00+05:30,23872.69921875,23873.05078125,23866.19921875,23866.25,0
2026-09-02 13:05:00+05:30,23867.5,23868.55078125,23864.75,23867.599609375,0
2026-09-02 13:06:00+05:30,23868.30078125,23869.69921875,23864.05078125,23864.05078125,0
2026-09-02 13:07:00+05:30,23864.69921875,23865.0,23859.19921875,23859.19921875,0
2026-09-02 13:08:00+05:30,23860.099609375,23861.19921875,23856.900390625,23858.0,0
2026-09-02 13:09:00+05:30,23858.44921875,23859.75,23855.80078125,23857.75,0
2026-09-02 13:10:00+05:30,23858.69921875,23861.599609375,23855.650390625,23861.349609375,0
2026-09-02 13:11:00+05:30,23862.19921875,23870.30078125,23861.69921875,23868.599609375,0
2026-09-02 13:12:00+05:30,23868.80078125,23872.349609375,23866.75,23870.849609375,0
2026-09-02 13:13:00+05:30,23871.75,23875.05078125,23870.900390625,23873.650390625,0
2026-09-02 13:14:00+05:30,23875.30078125,23876.099609375,23870.5,23873.849609375,0
2026-09-02 13:15:00+05:30,23874.19921875,23875.599609375,23870.0,23870.0,0
2026-09-02 13:16:00+05:30,23871.05078125,23871.75,23867.19921875,23870.30078125,0
2026-09-02 13:17:00+05:30,23870.80078125,23875.900390625,23870.44921875,23874.30078125,0
2026-09-02 13:18:00+05:30,23874.5,23875.75,23873.30078125,23874.55078125,0
2026-09-02 13:19:00+05:30,23875.400390625,23875.75,23869.900390625,23871.19921875,0
2026-09-02 13:20:00+05:30,23872.25,23873.900390625,23870.55078125,23872.30078125,0
2026-09-02 13:21:00+05:30,23872.94921875,23878.44921875,23871.19921875,23876.0,0
2026-09-02 13:22:00+05:30,23876.900390625,23877.5,23871.349609375,23872.400390625,0
2026-09-02 13:23:00+05:30,23873.099609375,23875.5,23870.849609375,23873.80078125,0
2026-09-02 13:24:00+05:30,23873.849609375,23879.19921875,23872.44921875,23877.5,0
2026-09-02 13:25:00+05:30,23877.650390625,23880.44921875,23877.19921875,23879.099609375,0
2026-09-02 13:26:00+05:30,23879.94921875,23882.94921875,23878.900390625,23881.900390625,0
2026-09-02 13:27:00+05:30,23882.94921875,23884.80078125,23881.30078125,23882.69921875,0
2026-09-02 13:28:00+05:30,23883.349609375,23883.900390625,23872.900390625,23874.69921875,0
2026-09-02 13:29:00+05:30,23875.30078125,23876.599609375,23874.69921875,23875.099609375,0
2026-09-02 13:30:00+05:30,23875.80078125,23876.349609375,23873.05078125,23874.650390625,0
2026-09-02 13:31:00+05:30,23874.80078125,23876.19921875,23865.94921875,23866.44921875,0
2026-09-02 13:32:00+05:30,23867.05078125,23873.0,23867.05078125,23869.69921875,0
2026-09-02 13:33:00+05:30,23870.650390625,23874.599609375,23870.55078125,23873.44921875,0
2026-09-02 13:34:00+05:30,23874.25,23877.849609375,23870.849609375,23877.849609375,0
2026-09-02 13:35:00+05:30,23877.94921875,23882.849609375,23877.75,23882.05078125,0
2026-09-02 13:36:00+05:30,23882.650390625,23886.80078125,23882.650390625,23885.5,0
2026-09-02 13:37:00+05:30,23886.19921875,23888.099609375,23883.80078125,23884.5,0
2026-09-02 13:38:00+05:30,23885.349609375,23885.5,23874.400390625,23875.55078125,0
2026-09-02 13:39:00+05:30,23876.0,23876.5,23863.25,23863.55078125,0
2026-09-02 13:40:00+05:30,23863.5,23865.400390625,23859.05078125,23861.900390625,0
2026-09-02 13:41:00+05:30,23862.30078125,23869.44921875,23861.75,23868.400390625,0
2026-09-02 13:42:00+05:30,23868.69921875,23870.349609375,23866.55078125,23869.80078125,0
2026-09-02 13:43:00+05:30,23870.650390625,23870.80078125,23867.400390625,23868.0,0
2026-09-02 13:44:00+05:30,23868.19921875,23869.05078125,23865.0,23868.650390625,0
2026-09-02 13:45:00+05:30,23868.400390625,23874.150390625,23866.94921875,23873.05078125,0
2026-09-02 13:46:00+05:30,23873.80078125,23874.80078125,23869.55078125,23870.05078125,0
2026-09-02 13:47:00+05:30,23870.30078125,23876.69921875,23869.349609375,23875.900390625,0
2026-09-02 13:48:00+05:30,23876.349609375,23878.30078125,23868.150390625,23870.30078125,0
2026-09-02 13:49:00+05:30,23871.849609375,23873.400390625,23863.94921875,23864.44921875,0
2026-09-02 13:50:00+05:30,23864.75,23867.44921875,23859.849609375,23861.400390625,0
2026-09-02 13:51:00+05:30,23862.05078125,23862.75,23850.80078125,23851.400390625,0
2026-09-02 13:52:00+05:30,23852.099609375,23858.0,23851.5,23856.55078125,0
2026-09-02 13:53:00+05:30,23857.30078125,23865.400390625,23856.94921875,23864.599609375,0
2026-09-02 13:54:00+05:30,23865.30078125,23867.650390625,23863.94921875,23866.400390625,0
2026-09-02 13:55:00+05:30,23866.80078125,23868.69921875,23864.5,23867.099609375,0
2026-09-02 13:56:00+05:30,23867.55078125,23869.19921875,23866.400390625,23868.400390625,0
2026-09-02 13:57:00+05:30,23868.849609375,23871.099609375,23867.05078125,23867.69921875,0
2026-09-02 13:58:00+05:30,23868.099609375,23869.94921875,23866.30078125,23868.69921875,0
2026-09-02 13:59:00+05:30,23869.150390625,23872.55078125,23868.30078125,23872.0,0
2026-09-02 14:00:00+05:30,23872.30078125,23880.44921875,23872.30078125,23879.599609375,0
2026-09-02 14:01:00+05:30,23880.55078125,23883.25,23879.849609375,23882.30078125,0
2026-09-02 14:02:00+05:30,23882.349609375,23885.19921875,23880.0,23880.80078125,0
2026-09-02 14:03:00+05:30,23880.80078125,23881.80078125,23877.30078125,23877.30078125,0
2026-09-02 14:04:00+05:30,23877.80078125,23878.099609375,23873.900390625,23874.05078125,0
2026-09-02 14:05:00+05:30,23874.599609375,23876.19921875,23872.0,23874.349609375,0
2026-09-02 14:06:00+05:30,23875.0,23885.75,23874.05078125,23884.30078125,0
2026-09-02 14:07:00+05:30,23884.44921875,23894.44921875,23884.30078125,23893.900390625,0
2026-09-02 14:08:00+05:30,23894.599609375,23895.0,23891.55078125,23891.599609375,0
2026-09-02 14:09:00+05:30,23892.5,23893.900390625,23891.599609375,23892.400390625,0
2026-09-02 14:10:00+05:30,23892.900390625,23893.55078125,23890.69921875,23890.69921875,0
2026-09-02 14:11:00+05:30,23891.650390625,23892.30078125,23888.44921875,23889.19921875,0
2026-09-02 14:12:00+05:30,23889.44921875,23893.849609375,23888.5,23893.5,0
2026-09-02 14:13:00+05:30,23893.349609375,23894.94921875,23883.80078125,23884.05078125,0
2026-09-02 14:14:00+05:30,23884.5,23885.44921875,23881.69921875,23885.25,0
2026-09-02 14:15:00+05:30,23885.75,23886.55078125,23882.94921875,23885.150390625,0
2026-09-02 14:16:00+05:30,23885.55078125,23886.900390625,23882.650390625,23883.650390625,0
2026-09-02 14:17:00+05:30,23883.150390625,23883.75,23878.80078125,23881.099609375,0
2026-09-02 14:18:00+05:30,23880.349609375,23882.19921875,23878.19921875,23881.349609375,0
2026-09-02 14:19:00+05:30,23881.599609375,23883.75,23879.900390625,23883.05078125,0
2026-09-02 14:20:00+05:30,23882.900390625,23885.599609375,23879.80078125,23881.19921875,0
2026-09-02 14:21:00+05:30,23881.69921875,23883.44921875,23880.099609375,23881.94921875,0
2026-09-02 14:22:00+05:30,23882.69921875,23883.44921875,23880.75,23881.75,0
2026-09-02 14:23:00+05:30,23881.55078125,23882.25,23879.5,23881.900390625,0
2026-09-02 14:24:00+05:30,23881.900390625,23882.349609375,23873.0,23874.44921875,0
2026-09-02 14:25:00+05:30,23874.80078125,23874.900390625,23871.80078125,23872.94921875,0
2026-09-02 14:26:00+05:30,23873.25,23876.650390625,23871.900390625,23875.69921875,0
2026-09-02 14:27:00+05:30,23876.19921875,23880.0,23875.55078125,23878.849609375,0
2026-09-02 14:28:00+05:30,23879.55078125,23884.0,23878.349609375,23883.05078125,0
2026-09-02 14:29:00+05:30,23883.25,23886.599609375,23883.099609375,23886.400390625,0
2026-09-02 14:30:00+05:30,23886.650390625,23894.25,23886.30078125,23894.05078125,0
2026-09-02 14:31:00+05:30,23894.099609375,23898.75,23893.099609375,23894.55078125,0
2026-09-02 14:32:00+05:30,23894.900390625,23902.849609375,23894.19921875,23901.650390625,0
2026-09-02 14:33:00+05:30,23901.849609375,23908.69921875,23898.80078125,23907.80078125,0
2026-09-02 14:34:00+05:30,23908.099609375,23908.849609375,23901.400390625,23901.599609375,0
2026-09-02 14:35:00+05:30,23901.349609375,23909.55078125,23901.099609375,23909.55078125,0
2026-09-02 14:36:00+05:30,23909.44921875,23910.44921875,23905.400390625,23906.099609375,0
2026-09-02 14:37:00+05:30,23905.849609375,23907.650390625,23902.150390625,23902.44921875,0
2026-09-02 14:38:00+05:30,23903.94921875,23903.94921875,23892.849609375,23895.94921875,0
2026-09-02 14:39:00+05:30,23896.650390625,23903.599609375,23896.349609375,23903.44921875,0
2026-09-02 14:40:00+05:30,23903.75,23907.849609375,23903.75,23905.75,0
2026-09-02 14:41:00+05:30,23905.44921875,23907.25,23899.599609375,23900.5,0
2026-09-02 14:42:00+05:30,23900.5,23901.94921875,23896.849609375,23897.099609375,0
2026-09-02 14:43:00+05:30,23896.69921875,23897.44921875,23891.099609375,23891.30078125,0
2026-09-02 14:44:00+05:30,23891.150390625,23892.19921875,23886.30078125,23887.650390625,0
2026-09-02 14:45:00+05:30,23887.650390625,23891.0,23882.44921875,23888.94921875,0
2026-09-02 14:46:00+05:30,23889.599609375,23890.900390625,23887.30078125,23890.400390625,0
2026-09-02 14:47:00+05:30,23890.94921875,23897.75,23890.650390625,23896.599609375,0
2026-09-02 14:48:00+05:30,23896.55078125,23901.75,23896.30078125,23900.900390625,0
2026-09-02 14:49:00+05:30,23901.400390625,23905.80078125,23898.900390625,23898.900390625,0
2026-09-02 14:50:00+05:30,23899.44921875,23899.650390625,23888.099609375,23888.099609375,0
2026-09-02 14:51:00+05:30,23889.0,23893.349609375,23886.44921875,23890.25,0
2026-09-02 14:52:00+05:30,23890.099609375,23893.0,23885.69921875,23887.0,0
2026-09-02 14:53:00+05:30,23887.150390625,23888.94921875,23882.55078125,23883.5,0
2026-09-02 14:54:00+05:30,23883.650390625,23884.650390625,23881.150390625,23883.75,0
2026-09-02 14:55:00+05:30,23884.55078125,23885.0,23871.099609375,23871.55078125,0
2026-09-02 14:56:00+05:30,23872.400390625,23873.05078125,23870.0,23871.19921875,0
2026-09-02 14:57:00+05:30,23871.650390625,23872.599609375,23867.94921875,23868.599609375,0
2026-09-02 14:58:00+05:30,23868.94921875,23875.80078125,23868.150390625,23875.05078125,0
2026-09-02 14:59:00+05:30,23875.349609375,23876.19921875,23872.44921875,23873.150390625,0
2026-09-02 15:00:00+05:30,23872.80078125,23872.80078125,23868.94921875,23869.69921875,0
2026-09-02 15:01:00+05:30,23869.599609375,23870.150390625,23863.69921875,23863.75,0
2026-09-02 15:02:00+05:30,23864.0,23865.05078125,23861.19921875,23864.150390625,0
2026-09-02 15:03:00+05:30,23864.30078125,23866.44921875,23861.599609375,23863.05078125,0
2026-09-02 15:04:00+05:30,23863.0,23863.69921875,23859.25,23860.80078125,0
2026-09-02 15:05:00+05:30,23860.400390625,23860.5,23855.0,23859.44921875,0
2026-09-02 15:06:00+05:30,23859.69921875,23861.75,23856.099609375,23857.94921875,0
2026-09-02 15:07:00+05:30,23858.25,23858.75,23853.599609375,23855.94921875,0
2026-09-02 15:08:00+05:30,23856.25,23858.150390625,23854.75,23855.69921875,0
2026-09-02 15:09:00+05:30,23856.25,23862.400390625,23851.900390625,23862.05078125,0
2026-09-02 15:10:00+05:30,23862.0,23871.75,23861.55078125,23871.25,0
2026-09-02 15:11:00+05:30,23871.69921875,23880.349609375,23870.900390625,23876.0,0
2026-09-02 15:12:00+05:30,23875.849609375,23884.099609375,23871.94921875,23875.30078125,0
2026-09-02 15:13:00+05:30,23876.75,23880.849609375,23873.25,23879.0,0
2026-09-02 15:14:00+05:30,23877.80078125,23888.94921875,23875.650390625,23883.5,0
2026-09-02 15:15:00+05:30,23882.849609375,23882.849609375,23882.849609375,23882.849609375,0
2026-09-02 15:16:00+05:30,23882.849609375,23882.849609375,23882.849609375,23882.849609375,0
2026-09-02 15:17:00+05:30,23882.849609375,23882.849609375,23882.849609375,23882.849609375,0
2026-09-02 15:18:00+05:30,23882.849609375,23882.849609375,23882.849609375,23882.849609375,0
2026-09-02 15:19:00+05:30,23882.849609375,23882.849609375,23882.849609375,23882.849609375,0
2026-09-02 15:20:00+05:30,23882.849609375,23882.849609375,23882.849609375,23882.849609375,0
2026-09-02 15:21:00+05:30,23882.849609375,23882.849609375,23882.849609375,23882.849609375,0
2026-09-02 15:22:00+05:30,23882.849609375,23882.849609375,23882.849609375,23882.849609375,0
2026-09-02 15:23:00+05:30,23882.849609375,23882.849609375,23882.849609375,23882.849609375,0
2026-09-02 15:24:00+05:30,23882.849609375,23882.849609375,23882.849609375,23882.849609375,0
2026-09-02 15:25:00+05:30,23882.849609375,23882.849609375,23882.849609375,23882.849609375,0
2026-09-02 15:26:00+05:30,23882.849609375,23882.849609375,23882.849609375,23882.849609375,0
2026-09-02 15:27:00+05:30,23882.849609375,23882.849609375,23882.849609375,23882.849609375,0
2026-09-02 15:28:00+05:30,23882.849609375,23882.849609375,23882.849609375,23882.849609375,0
2026-09-02 15:29:00+05:30,23882.849609375,23914.44921875,23882.849609375,23914.44921875,0
2026-09-03 09:15:00+05:30,23997.94921875,24018.849609375,23968.05078125,23975.900390625,0
2026-09-03 09:16:00+05:30,23976.099609375,24003.80078125,23976.099609375,23986.349609375,0
2026-09-03 09:17:00+05:30,23985.30078125,23988.400390625,23971.94921875,23974.44921875,0
2026-09-03 09:18:00+05:30,23974.349609375,23981.0,23966.650390625,23966.650390625,0
2026-09-03 09:19:00+05:30,23966.599609375,23972.0,23960.75,23968.349609375,0
2026-09-03 09:20:00+05:30,23968.650390625,23981.80078125,23968.25,23980.849609375,0
2026-09-03 09:21:00+05:30,23980.900390625,23989.349609375,23980.30078125,23980.30078125,0
2026-09-03 09:22:00+05:30,23980.150390625,23980.650390625,23969.80078125,23975.650390625,0
2026-09-03 09:23:00+05:30,23974.75,23979.94921875,23967.0,23967.0,0
2026-09-03 09:24:00+05:30,23966.75,23968.69921875,23957.30078125,23957.80078125,0
2026-09-03 09:25:00+05:30,23957.650390625,23969.349609375,23955.400390625,23962.75,0
2026-09-03 09:26:00+05:30,23962.650390625,23970.150390625,23958.150390625,23959.349609375,0
2026-09-03 09:27:00+05:30,23959.25,23971.400390625,23957.849609375,23968.0,0
2026-09-03 09:28:00+05:30,23968.94921875,23974.650390625,23965.44921875,23971.25,0
2026-09-03 09:29:00+05:30,23970.75,23983.099609375,23968.599609375,23981.94921875,0
2026-09-03 09:30:00+05:30,23982.19921875,23991.349609375,23980.05078125,23988.05078125,0
2026-09-03 09:31:00+05:30,23987.5,23992.30078125,23984.0,23986.80078125,0
2026-09-03 09:32:00+05:30,23986.05078125,23991.55078125,23985.349609375,23986.55078125,0
2026-09-03 09:33:00+05:30,23986.400390625,23995.55078125,23986.400390625,23992.80078125,0
2026-09-03 09:34:00+05:30,23992.94921875,23997.849609375,23991.55078125,23994.25,0
2026-09-03 09:35:00+05:30,23994.150390625,23996.05078125,23991.94921875,23995.099609375,0
2026-09-03 09:36:00+05:30,23994.849609375,23997.55078125,23992.5,23996.0,0
2026-09-03 09:37:00+05:30,23995.099609375,23997.150390625,23992.599609375,23993.55078125,0
2026-09-03 09:38:00+05:30,23994.75,24001.55078125,23991.900390625,24000.19921875,0
2026-09-03 09:39:00+05:30,23999.900390625,24007.44921875,23998.400390625,24006.0,0
2026-09-03 09:40:00+05:30,24006.099609375,24013.19921875,24005.94921875,24011.5,0
2026-09-03 09:41:00+05:30,24011.650390625,24017.25,24011.44921875,24016.30078125,0
2026-09-03 09:42:00+05:30,24016.25,24018.900390625,24008.849609375,24010.150390625,0
2026-09-03 09:43:00+05:30,24009.650390625,24018.44921875,24007.849609375,24016.30078125,0
2026-09-03 09:44:00+05:30,24016.5,24020.599609375,24016.349609375,24017.05078125,0
2026-09-03 09:45:00+05:30,24016.849609375,24022.5,24016.849609375,24019.44921875,0
2026-09-03 09:46:00+05:30,24019.75,24021.30078125,24016.5,24016.75,0
2026-09-03 09:47:00+05:30,24017.55078125,24021.94921875,24017.099609375,24020.0,0
2026-09-03 09:48:00+05:30,24019.75,24022.849609375,24008.55078125,24010.0,0
2026-09-03 09:49:00+05:30,24008.650390625,24018.05078125,24008.650390625,24015.75,0
2026-09-03 09:50:00+05:30,24015.80078125,24016.80078125,24008.44921875,24013.25,0
2026-09-03 09:51:00+05:30,24013.25,24018.25,24011.44921875,24011.94921875,0
2026-09-03 09:52:00+05:30,24010.75,24016.25,24010.150390625,24012.55078125,0
2026-09-03 09:53:00+05:30,24011.849609375,24013.75,24006.849609375,24007.650390625,0
2026-09-03 09:54:00+05:30,24007.599609375,24009.599609375,24004.5,24005.69921875,0
2026-09-03 09:55:00+05:30,24005.5,24010.44921875,24002.69921875,24006.349609375,0
2026-09-03 09:56:00+05:30,24007.349609375,24011.650390625,24000.19921875,24000.5,0
2026-09-03 09:57:00+05:30,24000.099609375,24009.900390625,24000.099609375,24006.099609375,0
2026-09-03 09:58:00+05:30,24005.80078125,24010.19921875,24004.69921875,24007.150390625,0
2026-09-03 09:59:00+05:30,24007.150390625,24009.900390625,24003.19921875,24006.900390625,0
2026-09-03 10:00:00+05:30,24007.599609375,24007.599609375,23997.75,23999.80078125,0
2026-09-03 10:01:00+05:30,23999.849609375,24003.5,23996.349609375,23999.30078125,0
2026-09-03 10:02:00+05:30,24000.099609375,24004.44921875,23997.75,24003.650390625,0
2026-09-03 10:03:00+05:30,24003.30078125,24005.5,23996.5,24002.349609375,0
2026-09-03 10:04:00+05:30,24003.150390625,24006.650390625,24000.650390625,24005.0,0
2026-09-03 10:05:00+05:30,24005.05078125,24006.599609375,24001.400390625,24005.30078125,0
2026-09-03 10:06:00+05:30,24005.5,24007.69921875,23998.80078125,23999.400390625,0
2026-09-03 10:07:00+05:30,23998.5,24000.349609375,23990.80078125,23995.599609375,0
2026-09-03 10:08:00+05:30,23996.55078125,24006.44921875,23996.55078125,24003.94921875,0
2026-09-03 10:09:00+05:30,24003.849609375,24006.94921875,24001.349609375,24002.650390625,0
2026-09-03 10:10:00+05:30,24002.44921875,24006.400390625,24000.5,24003.25,0
2026-09-03 10:11:00+05:30,24002.849609375,24008.099609375,24000.94921875,24001.44921875,0
2026-09-03 10:12:00+05:30,24001.75,24005.349609375,23999.05078125,24001.400390625,0
2026-09-03 10:13:00+05:30,24001.400390625,24003.19921875,23993.5,23995.19921875,0
2026-09-03 10:14:00+05:30,23996.150390625,23999.0,23990.80078125,23992.55078125,0
2026-09-03 10:15:00+05:30,23991.150390625,23994.849609375,23988.80078125,23991.05078125,0
2026-09-03 10:16:00+05:30,23990.25,23994.05078125,23989.5,23990.849609375,0
2026-09-03 10:17:00+05:30,23991.150390625,23993.900390625,23988.25,23993.05078125,0
2026-09-03 10:18:00+05:30,23991.599609375,23995.349609375,23990.80078125,23991.75,0
2026-09-03 10:19:00+05:30,23992.0,24001.19921875,23991.80078125,23999.0,0
2026-09-03 10:20:00+05:30,23998.25,24003.599609375,23997.5,24001.75,0
2026-09-03 10:21:00+05:30,24002.55078125,24004.650390625,23997.80078125,24000.55078125,0
2026-09-03 10:22:00+05:30,24000.05078125,24002.0,23996.80078125,23997.75,0
2026-09-03 10:23:00+05:30,23998.25,23999.69921875,23994.30078125,23998.599609375,0
2026-09-03 10:24:00+05:30,23998.55078125,24000.900390625,23995.25,24000.69921875,0
2026-09-03 10:25:00+05:30,24000.849609375,24001.05078125,23993.19921875,23995.099609375,0
2026-09-03 10:26:00+05:30,23995.69921875,23997.44921875,23985.75,23987.0,0
2026-09-03 10:27:00+05:30,23987.05078125,23989.75,23985.150390625,23988.30078125,0
2026-09-03 10:28:00+05:30,23987.75,23993.19921875,23985.94921875,23985.94921875,0
2026-09-03 10:29:00+05:30,23987.150390625,23991.19921875,23984.25,23985.25,0
2026-09-03 10:30:00+05:30,23984.69921875,23988.19921875,23981.599609375,23987.69921875,0
2026-09-03 10:31:00+05:30,23987.599609375,23989.44921875,23977.349609375,23981.05078125,0
2026-09-03 10:32:00+05:30,23980.94921875,23985.400390625,23976.80078125,23984.150390625,0
2026-09-03 10:33:00+05:30,23984.05078125,23987.349609375,23981.19921875,23986.80078125,0
2026-09-03 10:34:00+05:30,23987.05078125,23988.30078125,23978.0,23978.650390625,0
2026-09-03 10:35:00+05:30,23977.849609375,23980.25,23975.05078125,23977.44921875,0
2026-09-03 10:36:00+05:30,23977.25,23979.80078125,23968.400390625,23968.400390625,0
2026-09-03 10:37:00+05:30,23969.05078125,23969.400390625,23960.5,23967.5,0
2026-09-03 10:38:00+05:30,23968.19921875,23973.75,23967.0,23973.400390625,0
2026-09-03 10:39:00+05:30,23973.599609375,23975.05078125,23970.099609375,23974.349609375,0
2026-09-03 10:40:00+05:30,23974.19921875,23975.44921875,23964.30078125,23965.30078125,0
2026-09-03 10:41:00+05:30,23964.599609375,23973.400390625,23960.69921875,23962.400390625,0
2026-09-03 10:42:00+05:30,23962.44921875,23964.19921875,23956.25,23958.150390625,0
2026-09-03 10:43:00+05:30,23957.80078125,23964.75,23952.599609375,23962.349609375,0
2026-09-03 10:44:00+05:30,23963.150390625,23966.25,23957.650390625,23965.80078125,0
2026-09-03 10:45:00+05:30,23967.05078125,23969.0,23963.05078125,23964.650390625,0
2026-09-03 10:46:00+05:30,23965.150390625,23970.0,23964.25,23967.69921875,0
2026-09-03 10:47:00+05:30,23967.80078125,23972.5,23966.80078125,23968.80078125,0
2026-09-03 10:48:00+05:30,23969.400390625,23976.05078125,23968.400390625,23971.349609375,0
2026-09-03 10:49:00+05:30,23970.75,23973.0,23969.599609375,23971.05078125,0
2026-09-03 10:50:00+05:30,23971.25,23973.94921875,23969.0,23969.0,0
2026-09-03 10:51:00+05:30,23970.150390625,23972.30078125,23968.55078125,23970.099609375,0
2026-09-03 10:52:00+05:30,23970.5,23971.25,23965.349609375,23966.94921875,0
2026-09-03 10:53:00+05:30,23967.150390625,23968.900390625,23958.150390625,23964.25,0
2026-09-03 10:54:00+05:30,23964.150390625,23966.94921875,23957.25,23958.5,0
2026-09-03 10:55:00+05:30,23960.099609375,23960.349609375,23954.94921875,23956.849609375,0
2026-09-03 10:56:00+05:30,23957.0,23964.349609375,23956.599609375,23964.349609375,0
2026-09-03 10:57:00+05:30,23965.44921875,23967.55078125,23961.55078125,23962.80078125,0
2026-09-03 10:58:00+05:30,23963.19921875,23968.25,23961.30078125,23962.900390625,0
2026-09-03 10:59:00+05:30,23962.75,23966.30078125,23958.94921875,23960.650390625,0
2026-09-03 11:00:00+05:30,23960.900390625,23966.150390625,23956.900390625,23963.849609375,0
2026-09-03 11:01:00+05:30,23963.44921875,23964.849609375,23959.69921875,23959.900390625,0
2026-09-03 11:02:00+05:30,23960.44921875,23961.94921875,23956.400390625,23958.099609375,0
2026-09-03 11:03:00+05:30,23960.400390625,23962.25,23955.94921875,23956.650390625,0
2026-09-03 11:04:00+05:30,23956.650390625,23958.650390625,23952.44921875,23952.44921875,0
2026-09-03 11:05:00+05:30,23952.69921875,23953.849609375,23941.80078125,23944.75,0
2026-09-03 11:06:00+05:30,23944.900390625,23951.44921875,23944.900390625,23949.5,0
2026-09-03 11:07:00+05:30,23948.75,23949.94921875,23944.650390625,23946.849609375,0
2026-09-03 11:08:00+05:30,23948.0,23948.099609375,23938.94921875,23940.5,0
2026-09-03 11:09:00+05:30,23940.19921875,23943.099609375,23928.5,23929.5,0
2026-09-03 11:10:00+05:30,23930.05078125,23938.650390625,23929.19921875,23933.44921875,0
2026-09-03 11:11:00+05:30,23933.94921875,23937.25,23930.55078125,23936.0,0
2026-09-03 11:12:00+05:30,23937.30078125,23939.05078125,23934.900390625,23939.05078125,0
2026-09-03 11:13:00+05:30,23939.5,23940.25,23931.75,23932.849609375,0
2026-09-03 11:14:00+05:30,23931.69921875,23934.05078125,23922.75,23926.900390625,0
2026-09-03 11:15:00+05:30,23926.900390625,23929.5,23920.650390625,23924.5,0
2026-09-03 11:16:00+05:30,23924.80078125,23935.25,23924.80078125,23933.80078125,0
2026-09-03 11:17:00+05:30,23934.849609375,23943.44921875,23933.900390625,23937.650390625,0
2026-09-03 11:18:00+05:30,23936.94921875,23941.349609375,23936.94921875,23939.75,0
2026-09-03 11:19:00+05:30,23939.599609375,23949.44921875,23939.150390625,23948.44921875,0
2026-09-03 11:20:00+05:30,23948.900390625,23954.80078125,23946.75,23946.900390625,0
2026-09-03 11:21:00+05:30,23946.900390625,23950.44921875,23944.80078125,23949.0,0
2026-09-03 11:22:00+05:30,23948.650390625,23955.25,23948.650390625,23954.900390625,0
2026-09-03 11:23:00+05:30,23954.849609375,23960.099609375,23953.69921875,23957.150390625,0
2026-09-03 11:24:00+05:30,23956.400390625,23957.349609375,23947.80078125,23949.19921875,0
2026-09-03 11:25:00+05:30,23949.349609375,23953.5,23949.19921875,23952.55078125,0
2026-09-03 11:26:00+05:30,23953.849609375,23959.25,23953.19921875,23959.25,0
2026-09-03 11:27:00+05:30,23959.150390625,23963.19921875,23958.69921875,23962.349609375,0
2026-09-03 11:28:00+05:30,23962.80078125,23966.599609375,23958.0,23961.80078125,0
2026-09-03 11:29:00+05:30,23961.599609375,23964.30078125,23959.55078125,23964.30078125,0
2026-09-03 11:30:00+05:30,23964.150390625,23970.19921875,23964.150390625,23969.44921875,0
2026-09-03 11:31:00+05:30,23969.44921875,23971.5,23966.25,23967.400390625,0
2026-09-03 11:32:00+05:30,23967.44921875,23973.0,23963.400390625,23964.349609375,0
2026-09-03 11:33:00+05:30,23964.400390625,23968.349609375,23963.400390625,23965.05078125,0
2026-09-03 11:34:00+05:30,23964.80078125,23970.5,23964.80078125,23968.30078125,0
2026-09-03 11:35:00+05:30,23968.30078125,23976.19921875,23966.69921875,23975.69921875,0
2026-09-03 11:36:00+05:30,23975.599609375,23978.0,23973.19921875,23973.55078125,0
2026-09-03 11:37:00+05:30,23973.80078125,23977.05078125,23971.099609375,23973.650390625,0
2026-09-03 11:38:00+05:30,23973.19921875,23975.30078125,23968.30078125,23969.05078125,0
2026-09-03 11:39:00+05:30,23969.099609375,23972.30078125,23966.099609375,23969.19921875,0
2026-09-03 11:40:00+05:30,23969.19921875,23974.25,23967.900390625,23973.0,0
2026-09-03 11:41:00+05:30,23972.80078125,23974.150390625,23961.69921875,23962.55078125,0
2026-09-03 11:42:00+05:30,23962.349609375,23966.94921875,23960.0,23964.25,0
2026-09-03 11:43:00+05:30,23964.25,23966.19921875,23959.94921875,23963.25,0
2026-09-03 11:44:00+05:30,23963.150390625,23967.75,23963.150390625,23965.05078125,0
2026-09-03 11:45:00+05:30,23965.25,23973.25,23965.25,23972.30078125,0
2026-09-03 11:46:00+05:30,23972.349609375,23974.05078125,23962.099609375,23962.599609375,0
2026-09-03 11:47:00+05:30,23962.900390625,23966.5,23957.900390625,23958.0,0
2026-09-03 11:48:00+05:30,23958.05078125,23969.55078125,23957.849609375,23969.05078125,0
2026-09-03 11:49:00+05:30,23968.900390625,23972.150390625,23963.099609375,23964.400390625,0
2026-09-03 11:50:00+05:30,23964.400390625,23968.900390625,23963.05078125,23963.80078125,0
2026-09-03 11:51:00+05:30,23963.400390625,23965.55078125,23957.30078125,23958.69921875,0
2026-09-03 11:52:00+05:30,23958.849609375,23970.25,23958.849609375,23966.849609375,0
2026-09-03 11:53:00+05:30,23967.19921875,23969.44921875,23955.099609375,23956.349609375,0
2026-09-03 11:54:00+05:30,23956.25,23960.19921875,23956.05078125,23959.0,0
2026-09-03 11:55:00+05:30,23958.900390625,23961.400390625,23952.44921875,23953.650390625,0
2026-09-03 11:56:00+05:30,23953.80078125,23957.94921875,23948.19921875,23956.900390625,0
2026-09-03 11:57:00+05:30,23956.099609375,23958.900390625,23953.400390625,23958.150390625,0
2026-09-03 11:58:00+05:30,23958.44921875,23961.44921875,23955.75,23956.650390625,0
2026-09-03 11:59:00+05:30,23956.650390625,23960.599609375,23956.349609375,23956.55078125,0
2026-09-03 12:00:00+05:30,23956.75,23960.099609375,23955.150390625,23956.44921875,0
2026-09-03 12:01:00+05:30,23955.80078125,23957.900390625,23937.75,23940.80078125,0
2026-09-03 12:02:00+05:30,23940.75,23950.400390625,23940.650390625,23942.0,0
2026-09-03 12:03:00+05:30,23942.5,23945.44921875,23935.80078125,23936.80078125,0
2026-09-03 12:04:00+05:30,23936.80078125,23938.55078125,23930.69921875,23937.75,0
2026-09-03 12:05:00+05:30,23937.650390625,23944.0,23935.75,23936.150390625,0
2026-09-03 12:06:00+05:30,23936.30078125,23938.44921875,23933.05078125,23933.599609375,0
2026-09-03 12:07:00+05:30,23933.55078125,23936.55078125,23930.80078125,23932.30078125,0
2026-09-03 12:08:00+05:30,23932.19921875,23937.849609375,23930.80078125,23936.150390625,0
2026-09-03 12:09:00+05:30,23936.599609375,23937.80078125,23927.900390625,23928.900390625,0
2026-09-03 12:10:00+05:30,23928.849609375,23940.099609375,23928.849609375,23937.099609375,0
2026-09-03 12:11:00+05:30,23936.900390625,23938.400390625,23930.0,23930.69921875,0
2026-09-03 12:12:00+05:30,23931.05078125,23935.75,23930.349609375,23931.599609375,0
2026-09-03 12:13:00+05:30,23931.55078125,23937.25,23927.099609375,23936.55078125,0
2026-09-03 12:14:00+05:30,23936.0,23939.30078125,23935.599609375,23936.650390625,0
2026-09-03 12:15:00+05:30,23935.94921875,23938.150390625,23928.80078125,23932.599609375,0
2026-09-03 12:16:00+05:30,23932.69921875,23934.80078125,23924.599609375,23928.599609375,0
2026-09-03 12:17:00+05:30,23929.44921875,23930.55078125,23923.150390625,23923.19921875,0
2026-09-03 12:18:00+05:30,23923.30078125,23926.75,23915.099609375,23917.650390625,0
2026-09-03 12:19:00+05:30,23917.349609375,23923.900390625,23915.05078125,23918.0,0
2026-09-03 12:20:00+05:30,23918.05078125,23925.19921875,23916.5,23921.25,0
2026-09-03 12:21:00+05:30,23921.25,23925.25,23918.349609375,23919.400390625,0
2026-09-03 12:22:00+05:30,23919.30078125,23921.849609375,23912.849609375,23913.0,0
2026-09-03 12:23:00+05:30,23913.349609375,23917.69921875,23909.599609375,23910.30078125,0
2026-09-03 12:24:00+05:30,23910.30078125,23912.849609375,23905.80078125,23907.19921875,0
2026-09-03 12:25:00+05:30,23906.150390625,23911.849609375,23905.75,23911.849609375,0
2026-09-03 12:26:00+05:30,23910.44921875,23917.05078125,23910.44921875,23914.0,0
2026-09-03 12:27:00+05:30,23913.400390625,23915.55078125,23905.150390625,23908.400390625,0
2026-09-03 12:28:00+05:30,23907.94921875,23914.099609375,23907.94921875,23912.849609375,0
2026-09-03 12:29:00+05:30,23912.19921875,23914.05078125,23906.44921875,23908.55078125,0
2026-09-03 12:30:00+05:30,23907.75,23912.5,23906.349609375,23912.150390625,0
2026-09-03 12:31:00+05:30,23910.900390625,23917.599609375,23910.900390625,23914.94921875,0
2026-09-03 12:32:00+05:30,23914.05078125,23918.599609375,23908.75,23912.599609375,0
2026-09-03 12:33:00+05:30,23911.400390625,23916.900390625,23909.150390625,23909.80078125,0
2026-09-03 12:34:00+05:30,23908.849609375,23912.19921875,23908.69921875,23909.25,0
2026-09-03 12:35:00+05:30,23909.75,23912.25,23906.05078125,23906.5,0
2026-09-03 12:36:00+05:30,23906.5,23909.25,23903.5,23906.349609375,0
2026-09-03 12:37:00+05:30,23906.0,23910.5,23904.30078125,23907.44921875,0
2026-09-03 12:38:00+05:30,23907.0,23919.900390625,23907.0,23918.400390625,0
2026-09-03 12:39:00+05:30,23917.80078125,23919.55078125,23912.80078125,23915.80078125,0
2026-09-03 12:40:00+05:30,23915.19921875,23917.55078125,23911.400390625,23915.5,0
2026-09-03 12:41:00+05:30,23914.599609375,23918.150390625,23912.599609375,23912.599609375,0
2026-09-03 12:42:00+05:30,23912.150390625,23914.75,23903.94921875,23906.150390625,0
2026-09-03 12:43:00+05:30,23904.400390625,23912.099609375,23904.400390625,23909.099609375,0
2026-09-03 12:44:00+05:30,23908.349609375,23911.55078125,23907.55078125,23910.0,0
2026-09-03 12:45:00+05:30,23909.05078125,23913.650390625,23908.5,23911.19921875,0
2026-09-03 12:46:00+05:30,23910.55078125,23914.5,23910.44921875,23910.849609375,0
2026-09-03 12:47:00+05:30,23910.650390625,23915.05078125,23908.849609375,23913.400390625,0
2026-09-03 12:48:00+05:30,23911.94921875,23914.900390625,23909.849609375,23913.30078125,0
2026-09-03 12:49:00+05:30,23912.25,23915.599609375,23909.849609375,23909.849609375,0
2026-09-03 12:50:00+05:30,23909.75,23917.0,23909.599609375,23916.25,0
2026-09-03 12:51:00+05:30,23916.5,23918.5,23913.94921875,23916.599609375,0
2026-09-03 12:52:00+05:30,23916.5,23923.900390625,23916.5,23923.849609375,0
2026-09-03 12:53:00+05:30,23922.94921875,23925.900390625,23920.30078125,23923.400390625,0
2026-09-03 12:54:00+05:30,23923.55078125,23929.75,23921.650390625,23924.19921875,0
2026-09-03 12:55:00+05:30,23923.75,23926.94921875,23920.55078125,23921.55078125,0
2026-09-03 12:56:00+05:30,23921.599609375,23923.30078125,23912.69921875,23918.0,0
2026-09-03 12:57:00+05:30,23918.05078125,23930.349609375,23918.05078125,23924.75,0
2026-09-03 12:58:00+05:30,23925.5,23929.05078125,23916.75,23922.900390625,0
2026-09-03 12:59:00+05:30,23923.0,23924.75,23919.5,23920.0,0
2026-09-03 13:00:00+05:30,23920.30078125,23922.099609375,23914.349609375,23918.55078125,0
2026-09-03 13:01:00+05:30,23918.05078125,23920.44921875,23913.80078125,23915.05078125,0
2026-09-03 13:02:00+05:30,23915.349609375,23920.0,23911.849609375,23916.099609375,0
2026-09-03 13:03:00+05:30,23915.44921875,23920.349609375,23914.400390625,23917.30078125,0
2026-09-03 13:04:00+05:30,23917.650390625,23922.150390625,23917.25,23920.05078125,0
2026-09-03 13:05:00+05:30,23920.05078125,23926.05078125,23917.94921875,23923.849609375,0
2026-09-03 13:06:00+05:30,23923.69921875,23927.599609375,23921.94921875,23924.05078125,0
2026-09-03 13:07:00+05:30,23924.30078125,23928.150390625,23920.099609375,23920.599609375,0
2026-09-03 13:08:00+05:30,23920.19921875,23925.44921875,23919.650390625,23921.0,0
2026-09-03 13:09:00+05:30,23920.900390625,23925.099609375,23918.099609375,23924.55078125,0
2026-09-03 13:10:00+05:30,23923.75,23925.25,23920.849609375,23924.69921875,0
2026-09-03 13:11:00+05:30,23924.94921875,23931.099609375,23924.349609375,23930.900390625,0
2026-09-03 13:12:00+05:30,23932.150390625,23936.150390625,23929.0,23931.599609375,0
2026-09-03 13:13:00+05:30,23932.75,23934.5,23925.650390625,23927.94921875,0
2026-09-03 13:14:00+05:30,23928.19921875,23928.400390625,23924.150390625,23925.94921875,0
2026-09-03 13:15:00+05:30,23926.0,23929.69921875,23924.150390625,23926.849609375,0
2026-09-03 13:16:00+05:30,23926.94921875,23929.94921875,23924.650390625,23927.5,0
2026-09-03 13:17:00+05:30,23927.0,23933.599609375,23925.849609375,23930.650390625,0
2026-09-03 13:18:00+05:30,23930.5,23937.30078125,23930.5,23931.69921875,0
2026-09-03 13:19:00+05:30,23932.0,23933.19921875,23927.400390625,23930.19921875,0
2026-09-03 13:20:00+05:30,23930.30078125,23932.349609375,23925.75,23926.75,0
2026-09-03 13:21:00+05:30,23926.80078125,23928.69921875,23925.75,23926.19921875,0
2026-09-03 13:22:00+05:30,23926.0,23928.150390625,23922.900390625,23923.599609375,0
2026-09-03 13:23:00+05:30,23923.44921875,23927.849609375,23920.75,23921.900390625,0
2026-09-03 13:24:00+05:30,23921.900390625,23923.849609375,23910.69921875,23911.44921875,0
2026-09-03 13:25:00+05:30,23911.0,23913.55078125,23898.25,23899.400390625,0
2026-09-03 13:26:00+05:30,23900.30078125,23909.349609375,23900.30078125,23907.900390625,0
2026-09-03 13:27:00+05:30,23908.75,23913.30078125,23908.650390625,23912.849609375,0
2026-09-03 13:28:00+05:30,23912.80078125,23915.75,23911.0,23912.849609375,0
2026-09-03 13:29:00+05:30,23913.0,23915.75,23909.849609375,23910.19921875,0
2026-09-03 13:30:00+05:30,23910.05078125,23918.0,23909.75,23916.05078125,0
2026-09-03 13:31:00+05:30,23916.150390625,23923.05078125,23915.849609375,23919.25,0
2026-09-03 13:32:00+05:30,23919.80078125,23921.400390625,23912.900390625,23915.94921875,0
2026-09-03 13:33:00+05:30,23916.0,23933.75,23914.849609375,23933.55078125,0
2026-09-03 13:34:00+05:30,23933.75,23936.900390625,23927.69921875,23930.19921875,0
2026-09-03 13:35:00+05:30,23930.150390625,23935.150390625,23928.900390625,23933.849609375,0
2026-09-03 13:36:00+05:30,23933.650390625,23936.30078125,23925.400390625,23925.650390625,0
2026-09-03 13:37:00+05:30,23926.5,23926.80078125,23919.0,23920.650390625,0
2026-09-03 13:38:00+05:30,23920.900390625,23924.25,23917.75,23921.0,0
2026-09-03 13:39:00+05:30,23921.099609375,23922.25,23908.25,23910.650390625,0
2026-09-03 13:40:00+05:30,23910.75,23915.349609375,23904.44921875,23909.30078125,0
2026-09-03 13:41:00+05:30,23911.69921875,23915.400390625,23905.599609375,23905.599609375,0
2026-09-03 13:42:00+05:30,23906.0,23911.44921875,23905.849609375,23907.400390625,0
2026-09-03 13:43:00+05:30,23907.349609375,23909.94921875,23904.69921875,23905.69921875,0
2026-09-03 13:44:00+05:30,23906.0,23910.0,23903.25,23907.349609375,0
2026-09-03 13:45:00+05:30,23907.349609375,23908.75,23901.349609375,23901.349609375,0
2026-09-03 13:46:00+05:30,23901.099609375,23907.349609375,23899.849609375,23900.349609375,0
2026-09-03 13:47:00+05:30,23900.80078125,23904.30078125,23894.75,23896.650390625,0
2026-09-03 13:48:00+05:30,23896.650390625,23905.44921875,23896.150390625,23903.849609375,0
2026-09-03 13:49:00+05:30,23903.400390625,23913.80078125,23903.400390625,23912.0,0
2026-09-03 13:50:00+05:30,23912.599609375,23918.150390625,23908.55078125,23914.69921875,0
2026-09-03 13:51:00+05:30,23914.099609375,23916.849609375,23910.55078125,23912.94921875,0
2026-09-03 13:52:00+05:30,23913.099609375,23916.69921875,23905.75,23906.5,0
2026-09-03 13:53:00+05:30,23906.30078125,23907.05078125,23899.55078125,23903.849609375,0
2026-09-03 13:54:00+05:30,23904.30078125,23909.80078125,23903.849609375,23906.05078125,0
2026-09-03 13:55:00+05:30,23906.05078125,23908.19921875,23902.25,23903.69921875,0
2026-09-03 13:56:00+05:30,23903.099609375,23907.400390625,23903.099609375,23906.25,0
2026-09-03 13:57:00+05:30,23906.099609375,23915.5,23906.099609375,23912.19921875,0
2026-09-03 13:58:00+05:30,23912.55078125,23923.849609375,23909.349609375,23919.44921875,0
2026-09-03 13:59:00+05:30,23919.69921875,23923.900390625,23913.30078125,23918.099609375,0
2026-09-03 14:00:00+05:30,23918.150390625,23921.5,23915.650390625,23919.900390625,0
2026-09-03 14:01:00+05:30,23919.55078125,23921.849609375,23909.349609375,23910.599609375,0
2026-09-03 14:02:00+05:30,23911.0,23913.55078125,23903.5,23905.25,0
2026-09-03 14:03:00+05:30,23906.0,23921.150390625,23905.099609375,23920.0,0
2026-09-03 14:04:00+05:30,23919.849609375,23922.650390625,23909.349609375,23911.5,0
2026-09-03 14:05:00+05:30,23911.650390625,23917.900390625,23911.19921875,23911.19921875,0
2026-09-03 14:06:00+05:30,23911.19921875,23915.349609375,23908.44921875,23911.599609375,0
2026-09-03 14:07:00+05:30,23912.19921875,23914.099609375,23907.69921875,23908.5,0
2026-09-03 14:08:00+05:30,23908.80078125,23916.05078125,23908.55078125,23913.650390625,0
2026-09-03 14:09:00+05:30,23914.30078125,23915.75,23908.80078125,23912.349609375,0
2026-09-03 14:10:00+05:30,23912.44921875,23915.599609375,23910.900390625,23913.25,0
2026-09-03 14:11:00+05:30,23912.849609375,23916.69921875,23912.349609375,23913.80078125,0
2026-09-03 14:12:00+05:30,23913.599609375,23916.650390625,23911.0,23912.94921875,0
2026-09-03 14:13:00+05:30,23912.94921875,23918.349609375,23912.94921875,23915.25,0
2026-09-03 14:14:00+05:30,23915.55078125,23916.69921875,23910.05078125,23912.94921875,0
2026-09-03 14:15:00+05:30,23913.30078125,23914.599609375,23902.05078125,23907.650390625,0
2026-09-03 14:16:00+05:30,23907.69921875,23911.25,23907.05078125,23910.94921875,0
2026-09-03 14:17:00+05:30,23910.599609375,23913.55078125,23905.75,23913.55078125,0
2026-09-03 14:18:00+05:30,23913.80078125,23914.55078125,23906.69921875,23907.849609375,0
2026-09-03 14:19:00+05:30,23907.849609375,23914.349609375,23906.05078125,23912.400390625,0
2026-09-03 14:20:00+05:30,23912.650390625,23922.349609375,23912.650390625,23922.0,0
2026-09-03 14:21:00+05:30,23921.80078125,23924.55078125,23917.150390625,23918.55078125,0
2026-09-03 14:22:00+05:30,23918.849609375,23921.05078125,23908.05078125,23910.349609375,0
2026-09-03 14:23:00+05:30,23910.099609375,23917.05078125,23910.099609375,23912.75,0
2026-09-03 14:24:00+05:30,23912.5,23915.849609375,23909.05078125,23913.30078125,0
2026-09-03 14:25:00+05:30,23913.900390625,23918.44921875,23912.19921875,23916.19921875,0
2026-09-03 14:26:00+05:30,23916.099609375,23918.80078125,23910.900390625,23917.150390625,0
2026-09-03 14:27:00+05:30,23916.69921875,23919.0,23911.69921875,23917.599609375,0
2026-09-03 14:28:00+05:30,23917.80078125,23925.650390625,23915.94921875,23925.150390625,0
2026-09-03 14:29:00+05:30,23924.19921875,23930.349609375,23920.849609375,23921.400390625,0
2026-09-03 14:30:00+05:30,23921.849609375,23923.75,23914.400390625,23914.849609375,0
2026-09-03 14:31:00+05:30,23915.099609375,23919.849609375,23911.599609375,23917.349609375,0
2026-09-03 14:32:00+05:30,23917.599609375,23919.75,23913.0,23915.099609375,0
2026-09-03 14:33:00+05:30,23915.150390625,23920.849609375,23914.099609375,23917.94921875,0
2026-09-03 14:34:00+05:30,23918.0,23921.19921875,23915.19921875,23920.69921875,0
2026-09-03 14:35:00+05:30,23920.349609375,23921.94921875,23911.599609375,23914.44921875,0
2026-09-03 14:36:00+05:30,23914.25,23917.849609375,23913.5,23914.25,0
2026-09-03 14:37:00+05:30,23914.400390625,23919.650390625,23910.25,23912.05078125,0
2026-09-03 14:38:00+05:30,23912.099609375,23915.099609375,23909.150390625,23910.849609375,0
2026-09-03 14:39:00+05:30,23910.55078125,23913.400390625,23908.0,23911.25,0
2026-09-03 14:40:00+05:30,23911.5,23912.900390625,23903.55078125,23906.650390625,0
2026-09-03 14:41:00+05:30,23906.69921875,23910.900390625,23903.69921875,23907.349609375,0
2026-09-03 14:42:00+05:30,23907.75,23910.55078125,23904.400390625,23907.30078125,0
2026-09-03 14:43:00+05:30,23907.599609375,23909.849609375,23904.30078125,23905.150390625,0
2026-09-03 14:44:00+05:30,23905.25,23909.650390625,23904.94921875,23908.599609375,0
2026-09-03 14:45:00+05:30,23908.19921875,23911.650390625,23908.05078125,23910.599609375,0
2026-09-03 14:46:00+05:30,23910.44921875,23911.150390625,23901.849609375,23903.0,0
2026-09-03 14:47:00+05:30,23903.0,23907.25,23901.599609375,23907.25,0
2026-09-03 14:48:00+05:30,23906.599609375,23911.599609375,23904.400390625,23906.5,0
2026-09-03 14:49:00+05:30,23906.150390625,23912.650390625,23906.150390625,23908.55078125,0
2026-09-03 14:50:00+05:30,23908.349609375,23915.19921875,23908.349609375,23914.0,0
2026-09-03 14:51:00+05:30,23914.05078125,23916.94921875,23907.94921875,23908.19921875,0
2026-09-03 14:52:00+05:30,23908.25,23914.19921875,23908.25,23909.30078125,0
2026-09-03 14:53:00+05:30,23910.099609375,23912.55078125,23907.94921875,23911.94921875,0
2026-09-03 14:54:00+05:30,23911.900390625,23911.900390625,23908.150390625,23910.05078125,0
2026-09-03 14:55:00+05:30,23908.75,23909.30078125,23905.44921875,23906.349609375,0
2026-09-03 14:56:00+05:30,23906.44921875,23907.80078125,23901.150390625,23903.5,0
2026-09-03 14:57:00+05:30,23903.25,23906.44921875,23898.44921875,23902.599609375,0
2026-09-03 14:58:00+05:30,23902.5,23902.80078125,23893.69921875,23897.75,0
2026-09-03 14:59:00+05:30,23898.30078125,23903.30078125,23897.5,23898.349609375,0
2026-09-03 15:00:00+05:30,23897.349609375,23897.599609375,23891.099609375,23894.19921875,0
2026-09-03 15:01:00+05:30,23895.0,23904.400390625,23892.900390625,23901.05078125,0
2026-09-03 15:02:00+05:30,23901.05078125,23901.05078125,23891.849609375,23897.900390625,0
2026-09-03 15:03:00+05:30,23898.0,23899.599609375,23893.599609375,23894.30078125,0
2026-09-03 15:04:00+05:30,23894.5,23895.349609375,23888.5,23889.69921875,0
2026-09-03 15:05:00+05:30,23889.80078125,23890.19921875,23880.349609375,23887.849609375,0
2026-09-03 15:06:00+05:30,23887.099609375,23889.55078125,23879.19921875,23879.349609375,0
2026-09-03 15:07:00+05:30,23879.80078125,23885.55078125,23879.349609375,23883.0,0
2026-09-03 15:08:00+05:30,23882.69921875,23884.599609375,23879.25,23880.5,0
2026-09-03 15:09:00+05:30,23880.55078125,23888.349609375,23877.55078125,23887.94921875,0
2026-09-03 15:10:00+05:30,23887.5,23897.900390625,23886.400390625,23897.099609375,0
2026-09-03 15:11:00+05:30,23897.19921875,23897.5,23888.80078125,23895.849609375,0
2026-09-03 15:12:00+05:30,23895.05078125,23899.30078125,23890.30078125,23892.5,0
2026-09-03 15:13:00+05:30,23890.69921875,23906.30078125,23888.5,23903.25,0
2026-09-03 15:14:00+05:30,23903.80078125,23915.150390625,23901.55078125,23904.849609375,0
2026-09-03 15:15:00+05:30,23903.900390625,23904.099609375,23903.900390625,23904.099609375,0
2026-09-03 15:16:00+05:30,23904.099609375,23904.099609375,23904.099609375,23904.099609375,0
2026-09-03 15:17:00+05:30,23904.099609375,23904.099609375,23904.099609375,23904.099609375,0
2026-09-03 15:18:00+05:30,23904.099609375,23904.099609375,23904.099609375,23904.099609375,0
2026-09-03 15:19:00+05:30,23904.099609375,23904.099609375,23904.099609375,23904.099609375,0
2026-09-03 15:20:00+05:30,23904.099609375,23904.099609375,23904.099609375,23904.099609375,0
2026-09-03 15:21:00+05:30,23904.099609375,23904.099609375,23904.099609375,23904.099609375,0
2026-09-03 15:22:00+05:30,23904.099609375,23904.099609375,23904.099609375,23904.099609375,0
2026-09-03 15:23:00+05:30,23904.099609375,23904.099609375,23904.099609375,23904.099609375,0
2026-09-03 15:24:00+05:30,23904.099609375,23904.099609375,23904.099609375,23904.099609375,0
2026-09-03 15:25:00+05:30,23904.099609375,23904.099609375,23904.099609375,23904.099609375,0
2026-09-03 15:26:00+05:30,23904.099609375,23904.099609375,23904.099609375,23904.099609375,0
2026-09-03 15:27:00+05:30,23904.099609375,23904.099609375,23904.099609375,23904.099609375,0
2026-09-03 15:28:00+05:30,23904.099609375,23904.099609375,23873.44921875,23873.44921875,0
2026-09-03 15:29:00+05:30,23873.44921875,23873.44921875,23873.44921875,23873.44921875,0
2026-09-04 09:15:00+05:30,23915.44921875,23948.349609375,23903.150390625,23906.80078125,0
2026-09-04 09:16:00+05:30,23908.30078125,23934.69921875,23907.55078125,23928.25,0
2026-09-04 09:17:00+05:30,23931.099609375,23931.099609375,23916.0,23922.30078125,0
2026-09-04 09:18:00+05:30,23922.900390625,23928.80078125,23917.400390625,23928.400390625,0
2026-09-04 09:19:00+05:30,23928.099609375,23936.44921875,23925.19921875,23927.19921875,0
2026-09-04 09:20:00+05:30,23928.099609375,23931.30078125,23923.75,23923.900390625,0
2026-09-04 09:21:00+05:30,23924.25,23926.94921875,23913.80078125,23916.349609375,0
2026-09-04 09:22:00+05:30,23916.75,23917.19921875,23910.30078125,23912.05078125,0
2026-09-04 09:23:00+05:30,23912.400390625,23916.5,23910.05078125,23916.05078125,0
2026-09-04 09:24:00+05:30,23916.650390625,23922.349609375,23914.5,23915.30078125,0
2026-09-04 09:25:00+05:30,23916.55078125,23923.349609375,23916.44921875,23920.349609375,0
2026-09-04 09:26:00+05:30,23920.80078125,23922.05078125,23912.80078125,23913.349609375,0
2026-09-04 09:27:00+05:30,23913.5,23914.650390625,23903.25,23903.25,0
2026-09-04 09:28:00+05:30,23904.150390625,23909.05078125,23900.19921875,23907.69921875,0
2026-09-04 09:29:00+05:30,23909.19921875,23912.69921875,23906.099609375,23908.349609375,0
2026-09-04 09:30:00+05:30,23908.69921875,23912.44921875,23904.599609375,23905.599609375,0
2026-09-04 09:31:00+05:30,23904.80078125,23906.25,23898.349609375,23899.599609375,0
2026-09-04 09:32:00+05:30,23900.150390625,23904.19921875,23899.94921875,23899.94921875,0
2026-09-04 09:33:00+05:30,23901.150390625,23907.349609375,23901.150390625,23905.400390625,0
2026-09-04 09:34:00+05:30,23907.30078125,23916.30078125,23906.94921875,23907.19921875,0
2026-09-04 09:35:00+05:30,23907.349609375,23908.94921875,23900.30078125,23901.400390625,0
2026-09-04 09:36:00+05:30,23901.25,23901.849609375,23896.0,23900.099609375,0
2026-09-04 09:37:00+05:30,23900.80078125,23905.25,23900.05078125,23904.099609375,0
2026-09-04 09:38:00+05:30,23904.849609375,23906.94921875,23898.349609375,23900.099609375,0
2026-09-04 09:39:00+05:30,23900.44921875,23905.05078125,23898.44921875,23904.0,0
2026-09-04 09:40:00+05:30,23904.05078125,23913.900390625,23903.400390625,23911.849609375,0
2026-09-04 09:41:00+05:30,23911.599609375,23913.0,23905.69921875,23906.05078125,0
2026-09-04 09:42:00+05:30,23906.400390625,23908.69921875,23903.69921875,23904.69921875,0
2026-09-04 09:43:00+05:30,23904.349609375,23908.900390625,23903.94921875,23908.5,0
2026-09-04 09:44:00+05:30,23908.349609375,23913.599609375,23908.349609375,23910.55078125,0
2026-09-04 09:45:00+05:30,23912.5,23926.0,23910.599609375,23924.75,0
2026-09-04 09:46:00+05:30,23925.099609375,23929.650390625,23924.94921875,23925.849609375,0
2026-09-04 09:47:00+05:30,23926.25,23927.849609375,23921.400390625,23924.44921875,0
2026-09-04 09:48:00+05:30,23924.80078125,23929.05078125,23921.69921875,23922.900390625,0
2026-09-04 09:49:00+05:30,23923.25,23928.25,23922.599609375,23925.44921875,0
2026-09-04 09:50:00+05:30,23926.25,23932.19921875,23925.19921875,23930.55078125,0
2026-09-04 09:51:00+05:30,23931.650390625,23938.349609375,23928.650390625,23936.80078125,0
2026-09-04 09:52:00+05:30,23936.849609375,23943.400390625,23935.650390625,23943.400390625,0
2026-09-04 09:53:00+05:30,23943.599609375,23947.55078125,23941.69921875,23945.599609375,0
2026-09-04 09:54:00+05:30,23945.5,23946.80078125,23941.75,23945.150390625,0
2026-09-04 09:55:00+05:30,23946.0,23952.30078125,23945.94921875,23948.650390625,0
2026-09-04 09:56:00+05:30,23949.900390625,23951.099609375,23946.0,23948.75,0
2026-09-04 09:57:00+05:30,23949.69921875,23951.5,23947.849609375,23950.0,0
2026-09-04 09:58:00+05:30,23950.44921875,23954.900390625,23949.650390625,23952.05078125,0
2026-09-04 09:59:00+05:30,23952.80078125,23954.599609375,23946.099609375,23948.400390625,0
2026-09-04 10:00:00+05:30,23948.69921875,23952.80078125,23947.150390625,23952.400390625,0
2026-09-04 10:01:00+05:30,23953.5,23960.900390625,23952.05078125,23956.599609375,0
2026-09-04 10:02:00+05:30,23957.150390625,23959.94921875,23954.44921875,23956.150390625,0
2026-09-04 10:03:00+05:30,23957.94921875,23962.150390625,23957.099609375,23959.69921875,0
2026-09-04 10:04:00+05:30,23959.69921875,23962.44921875,23958.44921875,23959.30078125,0
2026-09-04 10:05:00+05:30,23959.05078125,23961.19921875,23950.849609375,23951.5,0
2026-09-04 10:06:00+05:30,23952.0,23954.150390625,23950.19921875,23952.650390625,0
2026-09-04 10:07:00+05:30,23953.94921875,23954.150390625,23949.44921875,23950.80078125,0
2026-09-04 10:08:00+05:30,23950.94921875,23953.30078125,23949.900390625,23950.69921875,0
2026-09-04 10:09:00+05:30,23950.94921875,23952.0,23945.5,23945.900390625,0
2026-09-04 10:10:00+05:30,23948.25,23948.5,23941.55078125,23942.05078125,0
2026-09-04 10:11:00+05:30,23942.400390625,23947.05078125,23941.80078125,23942.0,0
2026-09-04 10:12:00+05:30,23943.94921875,23946.80078125,23941.69921875,23941.69921875,0
2026-09-04 10:13:00+05:30,23942.05078125,23942.94921875,23936.05078125,23936.849609375,0
2026-09-04 10:14:00+05:30,23937.650390625,23940.849609375,23936.25,23939.44921875,0
2026-09-04 10:15:00+05:30,23939.55078125,23940.94921875,23936.44921875,23936.599609375,0
2026-09-04 10:16:00+05:30,23937.099609375,23944.099609375,23937.099609375,23943.900390625,0
2026-09-04 10:17:00+05:30,23944.0,23947.849609375,23944.0,23944.099609375,0
2026-09-04 10:18:00+05:30,23944.05078125,23952.69921875,23942.94921875,23951.44921875,0
2026-09-04 10:19:00+05:30,23951.55078125,23952.400390625,23945.44921875,23946.150390625,0
2026-09-04 10:20:00+05:30,23946.099609375,23951.650390625,23945.849609375,23951.650390625,0
2026-09-04 10:21:00+05:30,23952.150390625,23955.0,23950.05078125,23954.19921875,0
2026-09-04 10:22:00+05:30,23954.55078125,23956.05078125,23952.19921875,23954.55078125,0
2026-09-04 10:23:00+05:30,23955.05078125,23956.400390625,23951.30078125,23952.150390625,0
2026-09-04 10:24:00+05:30,23952.55078125,23953.55078125,23950.30078125,23951.849609375,0
2026-09-04 10:25:00+05:30,23952.349609375,23958.25,23951.400390625,23956.05078125,0
2026-09-04 10:26:00+05:30,23956.400390625,23958.0,23954.0,23954.349609375,0
2026-09-04 10:27:00+05:30,23955.5,23958.19921875,23954.80078125,23957.0,0
2026-09-04 10:28:00+05:30,23958.150390625,23961.599609375,23956.55078125,23959.05078125,0
2026-09-04 10:29:00+05:30,23958.650390625,23964.69921875,23958.650390625,23963.80078125,0
2026-09-04 10:30:00+05:30,23964.349609375,23971.150390625,23963.400390625,23965.349609375,0
2026-09-04 10:31:00+05:30,23965.099609375,23968.25,23960.099609375,23966.75,0
2026-09-04 10:32:00+05:30,23966.150390625,23969.400390625,23964.849609375,23965.349609375,0
2026-09-04 10:33:00+05:30,23966.0,23967.30078125,23960.0,23960.599609375,0
2026-09-04 10:34:00+05:30,23961.30078125,23963.44921875,23959.849609375,23959.94921875,0
2026-09-04 10:35:00+05:30,23960.80078125,23962.650390625,23956.19921875,23956.69921875,0
2026-09-04 10:36:00+05:30,23957.55078125,23958.0,23952.849609375,23954.69921875,0
2026-09-04 10:37:00+05:30,23954.900390625,23959.75,23954.599609375,23958.44921875,0
2026-09-04 10:38:00+05:30,23959.30078125,23963.849609375,23958.80078125,23960.400390625,0
2026-09-04 10:39:00+05:30,23962.19921875,23964.44921875,23959.599609375,23960.599609375,0
2026-09-04 10:40:00+05:30,23961.30078125,23963.849609375,23960.400390625,23961.0,0
2026-09-04 10:41:00+05:30,23960.599609375,23961.75,23953.099609375,23955.05078125,0
2026-09-04 10:42:00+05:30,23955.349609375,23957.25,23953.30078125,23953.69921875,0
2026-09-04 10:43:00+05:30,23953.75,23956.0,23953.05078125,23955.650390625,0
2026-09-04 10:44:00+05:30,23955.94921875,23956.55078125,23952.44921875,23953.19921875,0
2026-09-04 10:45:00+05:30,23954.19921875,23955.0,23951.849609375,23953.30078125,0
2026-09-04 10:46:00+05:30,23953.55078125,23958.55078125,23951.80078125,23958.19921875,0
2026-09-04 10:47:00+05:30,23957.25,23959.55078125,23956.30078125,23957.55078125,0
2026-09-04 10:48:00+05:30,23958.05078125,23960.75,23956.55078125,23958.75,0
2026-09-04 10:49:00+05:30,23958.69921875,23960.599609375,23957.400390625,23959.150390625,0
2026-09-04 10:50:00+05:30,23959.30078125,23961.25,23955.55078125,23956.19921875,0
2026-09-04 10:51:00+05:30,23956.19921875,23958.599609375,23955.349609375,23958.55078125,0
2026-09-04 10:52:00+05:30,23958.30078125,23960.69921875,23956.75,23957.599609375,0
2026-09-04 10:53:00+05:30,23958.400390625,23960.05078125,23956.80078125,23958.400390625,0
2026-09-04 10:54:00+05:30,23958.650390625,23965.19921875,23958.05078125,23963.05078125,0
2026-09-04 10:55:00+05:30,23964.30078125,23966.099609375,23962.75,23964.0,0
2026-09-04 10:56:00+05:30,23964.900390625,23966.44921875,23959.849609375,23961.80078125,0
2026-09-04 10:57:00+05:30,23961.900390625,23965.400390625,23961.55078125,23962.099609375,0
2026-09-04 10:58:00+05:30,23963.0,23964.150390625,23960.5,23961.400390625,0
2026-09-04 10:59:00+05:30,23961.599609375,23967.25,23961.05078125,23967.05078125,0
2026-09-04 11:00:00+05:30,23967.30078125,23971.44921875,23966.150390625,23970.900390625,0
2026-09-04 11:01:00+05:30,23971.900390625,23971.900390625,23966.94921875,23967.05078125,0
2026-09-04 11:02:00+05:30,23967.5,23968.900390625,23959.19921875,23961.349609375,0
2026-09-04 11:03:00+05:30,23962.05078125,23964.69921875,23960.55078125,23962.599609375,0
2026-09-04 11:04:00+05:30,23962.69921875,23967.849609375,23962.19921875,23965.349609375,0
2026-09-04 11:05:00+05:30,23966.849609375,23968.55078125,23963.55078125,23965.75,0
2026-09-04 11:06:00+05:30,23965.55078125,23966.30078125,23961.80078125,23962.900390625,0
2026-09-04 11:07:00+05:30,23963.099609375,23969.19921875,23962.599609375,23968.150390625,0
2026-09-04 11:08:00+05:30,23968.349609375,23971.650390625,23967.150390625,23968.900390625,0
2026-09-04 11:09:00+05:30,23968.55078125,23974.05078125,23967.900390625,23971.650390625,0
2026-09-04 11:10:00+05:30,23972.69921875,23974.400390625,23969.349609375,23972.0,0
2026-09-04 11:11:00+05:30,23972.05078125,23975.75,23969.0,23969.0,0
2026-09-04 11:12:00+05:30,23970.25,23971.55078125,23966.44921875,23967.25,0
2026-09-04 11:13:00+05:30,23967.94921875,23968.349609375,23963.0,23963.30078125,0
2026-09-04 11:14:00+05:30,23963.849609375,23966.05078125,23962.94921875,23965.05078125,0
2026-09-04 11:15:00+05:30,23965.25,23965.900390625,23960.94921875,23964.599609375,0
2026-09-04 11:16:00+05:30,23964.349609375,23967.55078125,23961.44921875,23963.150390625,0
2026-09-04 11:17:00+05:30,23963.599609375,23966.349609375,23962.44921875,23964.900390625,0
2026-09-04 11:18:00+05:30,23965.75,23970.75,23965.349609375,23969.099609375,0
2026-09-04 11:19:00+05:30,23969.349609375,23974.94921875,23968.80078125,23974.69921875,0
2026-09-04 11:20:00+05:30,23975.25,23977.099609375,23971.19921875,23974.650390625,0
2026-09-04 11:21:00+05:30,23975.25,23980.80078125,23974.650390625,23979.80078125,0
2026-09-04 11:22:00+05:30,23981.349609375,23986.19921875,23979.55078125,23983.650390625,0
2026-09-04 11:23:00+05:30,23984.19921875,23987.69921875,23982.150390625,23983.30078125,0
2026-09-04 11:24:00+05:30,23983.94921875,23987.099609375,23978.849609375,23979.900390625,0
2026-09-04 11:25:00+05:30,23980.400390625,23985.650390625,23977.349609375,23984.55078125,0
2026-09-04 11:26:00+05:30,23985.30078125,23987.900390625,23983.599609375,23986.25,0
2026-09-04 11:27:00+05:30,23987.0,23988.75,23984.44921875,23988.0,0
2026-09-04 11:28:00+05:30,23987.80078125,23989.55078125,23983.19921875,23986.44921875,0
2026-09-04 11:29:00+05:30,23985.30078125,23985.75,23981.44921875,23982.150390625,0
2026-09-04 11:30:00+05:30,23982.849609375,23987.44921875,23982.75,23984.80078125,0
2026-09-04 11:31:00+05:30,23985.5,23987.849609375,23984.30078125,23985.25,0
2026-09-04 11:32:00+05:30,23986.0,23988.5,23985.25,23987.599609375,0
2026-09-04 11:33:00+05:30,23988.650390625,23989.94921875,23986.25,23988.099609375,0
2026-09-04 11:34:00+05:30,23988.25,23989.55078125,23985.75,23987.599609375,0
2026-09-04 11:35:00+05:30,23987.599609375,23989.44921875,23986.55078125,23987.25,0
2026-09-04 11:36:00+05:30,23987.099609375,23989.0,23986.05078125,23987.80078125,0
2026-09-04 11:37:00+05:30,23987.5,23989.5,23984.849609375,23986.19921875,0
2026-09-04 11:38:00+05:30,23986.5,23998.05078125,23986.5,23996.650390625,0
2026-09-04 11:39:00+05:30,23998.55078125,24004.849609375,23997.400390625,23999.05078125,0
2026-09-04 11:40:00+05:30,24001.30078125,24004.19921875,23998.0,23998.0,0
2026-09-04 11:41:00+05:30,24000.150390625,24000.150390625,23991.849609375,23993.150390625,0
2026-09-04 11:42:00+05:30,23993.69921875,23993.75,23983.55078125,23985.75,0
2026-09-04 11:43:00+05:30,23986.05078125,23987.099609375,23982.349609375,23983.5,0
2026-09-04 11:44:00+05:30,23984.94921875,23986.30078125,23980.30078125,23981.5,0
2026-09-04 11:45:00+05:30,23981.849609375,23983.900390625,23980.650390625,23981.30078125,0
2026-09-04 11:46:00+05:30,23983.150390625,23985.25,23981.099609375,23982.400390625,0
2026-09-04 11:47:00+05:30,23982.349609375,23984.69921875,23980.94921875,23982.150390625,0
2026-09-04 11:48:00+05:30,23983.0,23987.75,23978.099609375,23981.25,0
2026-09-04 11:49:00+05:30,23981.400390625,23985.75,23981.400390625,23984.150390625,0
2026-09-04 11:50:00+05:30,23984.44921875,23991.5,23984.44921875,23987.900390625,0
2026-09-04 11:51:00+05:30,23988.44921875,23991.75,23986.900390625,23988.44921875,0
2026-09-04 11:52:00+05:30,23989.349609375,23991.099609375,23985.69921875,23986.349609375,0
2026-09-04 11:53:00+05:30,23986.400390625,23987.19921875,23982.30078125,23985.0,0
2026-09-04 11:54:00+05:30,23985.150390625,23988.5,23984.30078125,23985.25,0
2026-09-04 11:55:00+05:30,23986.0,23987.80078125,23984.69921875,23986.0,0
2026-09-04 11:56:00+05:30,23986.0,23987.44921875,23983.75,23984.650390625,0
2026-09-04 11:57:00+05:30,23985.80078125,23988.599609375,23983.0,23985.25,0
2026-09-04 11:58:00+05:30,23985.0,23988.650390625,23980.349609375,23981.599609375,0
2026-09-04 11:59:00+05:30,23982.150390625,23983.55078125,23977.349609375,23978.650390625,0
2026-09-04 12:00:00+05:30,23979.69921875,23979.69921875,23973.599609375,23973.650390625,0
2026-09-04 12:01:00+05:30,23974.349609375,23976.19921875,23971.19921875,23971.25,0
2026-09-04 12:02:00+05:30,23973.0,23973.0,23968.0,23968.650390625,0
2026-09-04 12:03:00+05:30,23968.80078125,23970.650390625,23962.849609375,23963.44921875,0
2026-09-04 12:04:00+05:30,23963.599609375,23966.44921875,23958.69921875,23959.099609375,0
2026-09-04 12:05:00+05:30,23959.30078125,23961.25,23957.5,23959.650390625,0
2026-09-04 12:06:00+05:30,23959.80078125,23962.55078125,23958.400390625,23958.599609375,0
2026-09-04 12:07:00+05:30,23958.44921875,23960.44921875,23957.05078125,23958.400390625,0
2026-09-04 12:08:00+05:30,23958.44921875,23964.0,23958.30078125,23963.80078125,0
2026-09-04 12:09:00+05:30,23963.400390625,23966.650390625,23962.80078125,23964.5,0
2026-09-04 12:10:00+05:30,23965.30078125,23965.69921875,23953.44921875,23954.849609375,0
2026-09-04 12:11:00+05:30,23955.900390625,23955.900390625,23951.599609375,23951.94921875,0
2026-09-04 12:12:00+05:30,23952.25,23956.44921875,23951.05078125,23952.19921875,0
2026-09-04 12:13:00+05:30,23952.19921875,23953.150390625,23946.80078125,23948.25,0
2026-09-04 12:14:00+05:30,23948.69921875,23952.849609375,23947.849609375,23952.849609375,0
2026-09-04 12:15:00+05:30,23951.69921875,23953.599609375,23947.05078125,23948.0,0
2026-09-04 12:16:00+05:30,23948.099609375,23949.650390625,23943.150390625,23945.150390625,0
2026-09-04 12:17:00+05:30,23944.80078125,23949.69921875,23944.80078125,23948.55078125,0
2026-09-04 12:18:00+05:30,23949.900390625,23954.150390625,23948.900390625,23952.94921875,0
2026-09-04 12:19:00+05:30,23952.80078125,23954.349609375,23947.44921875,23948.55078125,0
2026-09-04 12:20:00+05:30,23948.349609375,23949.599609375,23942.75,23944.900390625,0
2026-09-04 12:21:00+05:30,23946.44921875,23947.099609375,23942.69921875,23945.19921875,0
2026-09-04 12:22:00+05:30,23944.94921875,23946.30078125,23941.349609375,23942.25,0
2026-09-04 12:23:00+05:30,23944.25,23946.349609375,23941.650390625,23944.25,0
2026-09-04 12:24:00+05:30,23944.650390625,23947.75,23940.400390625,23940.5,0
2026-09-04 12:25:00+05:30,23941.30078125,23941.349609375,23937.55078125,23941.349609375,0
2026-09-04 12:26:00+05:30,23941.30078125,23945.94921875,23940.19921875,23944.900390625,0
2026-09-04 12:27:00+05:30,23946.75,23946.75,23942.150390625,23942.650390625,0
2026-09-04 12:28:00+05:30,23945.349609375,23951.55078125,23943.650390625,23949.30078125,0
2026-09-04 12:29:00+05:30,23950.400390625,23950.650390625,23946.0,23947.0,0
2026-09-04 12:30:00+05:30,23948.55078125,23948.55078125,23942.19921875,23943.650390625,0
2026-09-04 12:31:00+05:30,23945.400390625,23947.25,23943.400390625,23944.55078125,0
2026-09-04 12:32:00+05:30,23947.55078125,23949.19921875,23944.25,23948.30078125,0
2026-09-04 12:33:00+05:30,23950.400390625,23950.400390625,23945.400390625,23946.25,0
2026-09-04 12:34:00+05:30,23948.25,23948.25,23943.80078125,23944.94921875,0
2026-09-04 12:35:00+05:30,23947.19921875,23947.5,23943.599609375,23945.650390625,0
2026-09-04 12:36:00+05:30,23947.25,23947.25,23940.19921875,23941.05078125,0
2026-09-04 12:37:00+05:30,23942.5,23942.5,23937.150390625,23937.75,0
2026-09-04 12:38:00+05:30,23940.349609375,23940.349609375,23937.55078125,23940.0,0
2026-09-04 12:39:00+05:30,23942.0,23943.25,23939.80078125,23942.30078125,0
2026-09-04 12:40:00+05:30,23944.30078125,23946.44921875,23941.94921875,23944.75,0
2026-09-04 12:41:00+05:30,23946.69921875,23946.69921875,23942.400390625,23942.400390625,0
2026-09-04 12:42:00+05:30,23944.400390625,23944.400390625,23940.599609375,23941.55078125,0
2026-09-04 12:43:00+05:30,23943.5,23944.55078125,23939.19921875,23939.650390625,0
2026-09-04 12:44:00+05:30,23941.400390625,23941.400390625,23938.0,23938.599609375,0
2026-09-04 12:45:00+05:30,23940.150390625,23941.80078125,23937.900390625,23938.5,0
2026-09-04 12:46:00+05:30,23940.400390625,23940.599609375,23935.30078125,23936.150390625,0
2026-09-04 12:47:00+05:30,23938.0,23938.150390625,23934.80078125,23936.25,0
2026-09-04 12:48:00+05:30,23938.19921875,23941.05078125,23936.650390625,23940.80078125,0
2026-09-04 12:49:00+05:30,23942.80078125,23942.80078125,23938.650390625,23940.400390625,0
2026-09-04 12:50:00+05:30,23942.30078125,23943.25,23939.44921875,23940.099609375,0
2026-09-04 12:51:00+05:30,23941.150390625,23941.30078125,23938.400390625,23939.44921875,0
2026-09-04 12:52:00+05:30,23941.849609375,23945.30078125,23938.900390625,23943.80078125,0
2026-09-04 12:53:00+05:30,23945.80078125,23946.69921875,23943.400390625,23945.349609375,0
2026-09-04 12:54:00+05:30,23946.400390625,23946.400390625,23940.849609375,23942.25,0
2026-09-04 12:55:00+05:30,23944.05078125,23944.05078125,23936.94921875,23937.849609375,0
2026-09-04 12:56:00+05:30,23939.94921875,23939.94921875,23935.25,23935.400390625,0
2026-09-04 12:57:00+05:30,23937.44921875,23937.44921875,23927.25,23928.849609375,0
2026-09-04 12:58:00+05:30,23931.05078125,23934.19921875,23928.150390625,23931.599609375,0
2026-09-04 12:59:00+05:30,23933.599609375,23936.55078125,23931.5,23935.099609375,0
2026-09-04 13:00:00+05:30,23936.94921875,23939.650390625,23934.349609375,23938.94921875,0
2026-09-04 13:01:00+05:30,23940.849609375,23941.75,23936.05078125,23937.5,0
2026-09-04 13:02:00+05:30,23940.349609375,23940.349609375,23934.80078125,23935.0,0
2026-09-04 13:03:00+05:30,23937.55078125,23938.30078125,23933.55078125,23936.5,0
2026-09-04 13:04:00+05:30,23938.099609375,23938.099609375,23933.94921875,23935.30078125,0
2026-09-04 13:05:00+05:30,23936.69921875,23937.75,23934.900390625,23935.55078125,0
2026-09-04 13:06:00+05:30,23938.150390625,23938.150390625,23933.650390625,23935.69921875,0
2026-09-04 13:07:00+05:30,23937.099609375,23938.099609375,23934.5,23935.19921875,0
2026-09-04 13:08:00+05:30,23938.44921875,23941.75,23935.849609375,23939.75,0
2026-09-04 13:09:00+05:30,23941.55078125,23944.599609375,23939.25,23943.75,0
2026-09-04 13:10:00+05:30,23945.900390625,23952.650390625,23943.25,23949.349609375,0
2026-09-04 13:11:00+05:30,23952.19921875,23952.19921875,23946.849609375,23948.400390625,0
2026-09-04 13:12:00+05:30,23950.0,23950.0,23946.44921875,23947.55078125,0
2026-09-04 13:13:00+05:30,23949.349609375,23950.05078125,23946.150390625,23947.94921875,0
2026-09-04 13:14:00+05:30,23949.05078125,23949.150390625,23945.05078125,23946.349609375,0
2026-09-04 13:15:00+05:30,23948.44921875,23949.80078125,23945.0,23948.19921875,0
2026-09-04 13:16:00+05:30,23950.900390625,23953.69921875,23947.400390625,23952.55078125,0
2026-09-04 13:17:00+05:30,23954.099609375,23957.900390625,23952.80078125,23955.75,0
2026-09-04 13:18:00+05:30,23957.849609375,23957.849609375,23951.650390625,23951.80078125,0
2026-09-04 13:19:00+05:30,23954.0,23954.44921875,23949.650390625,23951.099609375,0
2026-09-04 13:20:00+05:30,23952.650390625,23953.400390625,23949.099609375,23950.44921875,0
2026-09-04 13:21:00+05:30,23953.19921875,23953.25,23948.099609375,23949.25,0
2026-09-04 13:22:00+05:30,23951.900390625,23955.5,23947.94921875,23953.94921875,0
2026-09-04 13:23:00+05:30,23956.05078125,23956.05078125,23948.19921875,23949.55078125,0
2026-09-04 13:24:00+05:30,23951.5,23955.19921875,23948.55078125,23953.400390625,0
2026-09-04 13:25:00+05:30,23956.19921875,23956.19921875,23944.44921875,23945.599609375,0
2026-09-04 13:26:00+05:30,23947.650390625,23951.650390625,23945.19921875,23948.099609375,0
2026-09-04 13:27:00+05:30,23950.69921875,23950.69921875,23940.650390625,23941.25,0
2026-09-04 13:28:00+05:30,23942.5,23942.5,23939.80078125,23939.900390625,0
2026-09-04 13:29:00+05:30,23942.5,23942.5,23935.650390625,23939.400390625,0
2026-09-04 13:30:00+05:30,23940.900390625,23940.900390625,23936.650390625,23938.25,0
2026-09-04 13:31:00+05:30,23941.05078125,23941.75,23935.94921875,23936.349609375,0
2026-09-04 13:32:00+05:30,23938.150390625,23938.150390625,23931.650390625,23931.80078125,0
2026-09-04 13:33:00+05:30,23934.30078125,23940.099609375,23931.849609375,23939.69921875,0
2026-09-04 13:34:00+05:30,23941.0,23941.0,23932.25,23933.69921875,0
2026-09-04 13:35:00+05:30,23935.0,23938.44921875,23933.5,23938.0,0
2026-09-04 13:36:00+05:30,23939.94921875,23940.69921875,23937.19921875,23938.30078125,0
2026-09-04 13:37:00+05:30,23940.349609375,23943.349609375,23938.099609375,23940.599609375,0
2026-09-04 13:38:00+05:30,23942.349609375,23942.349609375,23937.05078125,23940.25,0
2026-09-04 13:39:00+05:30,23942.349609375,23943.0,23939.900390625,23942.19921875,0
2026-09-04 13:40:00+05:30,23944.19921875,23944.19921875,23940.0,23941.650390625,0
2026-09-04 13:41:00+05:30,23945.099609375,23945.099609375,23936.69921875,23943.80078125,0
2026-09-04 13:42:00+05:30,23945.099609375,23948.25,23941.099609375,23947.80078125,0
2026-09-04 13:43:00+05:30,23948.69921875,23951.69921875,23942.80078125,23944.44921875,0
2026-09-04 13:44:00+05:30,23946.599609375,23946.599609375,23942.400390625,23944.349609375,0
2026-09-04 13:45:00+05:30,23946.400390625,23949.19921875,23944.30078125,23948.69921875,0
2026-09-04 13:46:00+05:30,23951.0,23951.0,23947.94921875,23948.849609375,0
2026-09-04 13:47:00+05:30,23951.30078125,23953.75,23949.69921875,23951.94921875,0
2026-09-04 13:48:00+05:30,23953.099609375,23953.099609375,23947.400390625,23948.94921875,0
2026-09-04 13:49:00+05:30,23950.099609375,23950.099609375,23945.650390625,23948.75,0
2026-09-04 13:50:00+05:30,23950.900390625,23950.900390625,23943.30078125,23947.599609375,0
2026-09-04 13:51:00+05:30,23948.80078125,23948.80078125,23937.849609375,23938.599609375,0
2026-09-04 13:52:00+05:30,23941.19921875,23941.19921875,23937.099609375,23939.30078125,0
2026-09-04 13:53:00+05:30,23941.44921875,23944.19921875,23940.0,23942.05078125,0
2026-09-04 13:54:00+05:30,23943.900390625,23943.900390625,23939.30078125,23941.599609375,0
2026-09-04 13:55:00+05:30,23942.849609375,23942.849609375,23938.5,23940.400390625,0
2026-09-04 13:56:00+05:30,23942.30078125,23944.400390625,23940.5,23943.25,0
2026-09-04 13:57:00+05:30,23944.650390625,23946.599609375,23942.849609375,23944.349609375,0
2026-09-04 13:58:00+05:30,23946.69921875,23946.69921875,23940.25,23940.80078125,0
2026-09-04 13:59:00+05:30,23943.25,23943.25,23938.400390625,23939.150390625,0
2026-09-04 14:00:00+05:30,23942.19921875,23943.400390625,23939.30078125,23941.05078125,0
2026-09-04 14:01:00+05:30,23942.5,23942.650390625,23938.650390625,23941.650390625,0
2026-09-04 14:02:00+05:30,23942.5,23944.44921875,23938.900390625,23940.900390625,0
2026-09-04 14:03:00+05:30,23943.05078125,23943.900390625,23939.650390625,23941.44921875,0
2026-09-04 14:04:00+05:30,23943.55078125,23946.25,23940.150390625,23943.150390625,0
2026-09-04 14:05:00+05:30,23945.099609375,23947.400390625,23944.099609375,23945.30078125,0
2026-09-04 14:06:00+05:30,23947.849609375,23948.900390625,23944.55078125,23946.900390625,0
2026-09-04 14:07:00+05:30,23949.650390625,23950.0,23945.650390625,23946.400390625,0
2026-09-04 14:08:00+05:30,23948.650390625,23948.650390625,23940.19921875,23942.94921875,0
2026-09-04 14:09:00+05:30,23944.599609375,23945.099609375,23941.599609375,23942.80078125,0
2026-09-04 14:10:00+05:30,23944.900390625,23946.94921875,23942.44921875,23945.900390625,0
2026-09-04 14:11:00+05:30,23947.80078125,23949.0,23944.599609375,23947.94921875,0
2026-09-04 14:12:00+05:30,23949.55078125,23950.0,23946.30078125,23947.55078125,0
2026-09-04 14:13:00+05:30,23950.150390625,23950.75,23947.099609375,23949.19921875,0
2026-09-04 14:14:00+05:30,23950.650390625,23951.30078125,23947.44921875,23948.19921875,0
2026-09-04 14:15:00+05:30,23950.05078125,23950.05078125,23945.0,23946.05078125,0
2026-09-04 14:16:00+05:30,23947.80078125,23947.80078125,23942.75,23943.69921875,0
2026-09-04 14:17:00+05:30,23945.80078125,23945.94921875,23942.94921875,23943.44921875,0
2026-09-04 14:18:00+05:30,23945.30078125,23946.44921875,23942.099609375,23944.80078125,0
2026-09-04 14:19:00+05:30,23946.55078125,23947.75,23944.05078125,23946.349609375,0
2026-09-04 14:20:00+05:30,23947.19921875,23950.099609375,23946.19921875,23948.900390625,0
2026-09-04 14:21:00+05:30,23951.0,23951.349609375,23947.599609375,23949.150390625,0
2026-09-04 14:22:00+05:30,23951.30078125,23954.0,23948.0,23949.05078125,0
2026-09-04 14:23:00+05:30,23950.44921875,23950.44921875,23943.80078125,23945.44921875,0
2026-09-04 14:24:00+05:30,23946.0,23950.05078125,23944.69921875,23947.44921875,0
2026-09-04 14:25:00+05:30,23950.75,23955.849609375,23947.150390625,23953.25,0
2026-09-04 14:26:00+05:30,23955.5,23958.80078125,23952.599609375,23956.19921875,0
2026-09-04 14:27:00+05:30,23958.19921875,23961.099609375,23956.599609375,23957.5,0
2026-09-04 14:28:00+05:30,23958.599609375,23958.94921875,23955.5,23958.400390625,0
2026-09-04 14:29:00+05:30,23960.150390625,23961.099609375,23956.849609375,23957.599609375,0
2026-09-04 14:30:00+05:30,23958.94921875,23960.75,23957.650390625,23959.80078125,0
2026-09-04 14:31:00+05:30,23961.5,23965.05078125,23959.69921875,23962.900390625,0
2026-09-04 14:32:00+05:30,23964.5,23966.349609375,23962.099609375,23963.599609375,0
2026-09-04 14:33:00+05:30,23964.599609375,23964.599609375,23958.69921875,23959.5,0
2026-09-04 14:34:00+05:30,23960.650390625,23960.650390625,23956.349609375,23956.349609375,0
2026-09-04 14:35:00+05:30,23958.349609375,23958.849609375,23954.5,23957.849609375,0
2026-09-04 14:36:00+05:30,23958.849609375,23960.44921875,23951.05078125,23951.30078125,0
2026-09-04 14:37:00+05:30,23951.849609375,23952.05078125,23948.099609375,23949.55078125,0
2026-09-04 14:38:00+05:30,23951.44921875,23952.0,23943.5,23943.900390625,0
2026-09-04 14:39:00+05:30,23946.05078125,23946.75,23939.400390625,23941.650390625,0
2026-09-04 14:40:00+05:30,23943.44921875,23945.349609375,23940.400390625,23943.849609375,0
2026-09-04 14:41:00+05:30,23946.25,23948.25,23944.05078125,23946.25,0
2026-09-04 14:42:00+05:30,23947.650390625,23947.650390625,23941.5,23943.19921875,0
2026-09-04 14:43:00+05:30,23944.80078125,23944.80078125,23937.849609375,23939.19921875,0
2026-09-04 14:44:00+05:30,23939.349609375,23941.55078125,23937.05078125,23937.25,0
2026-09-04 14:45:00+05:30,23937.69921875,23939.80078125,23934.44921875,23935.30078125,0
2026-09-04 14:46:00+05:30,23937.349609375,23939.0,23934.0,23936.599609375,0
2026-09-04 14:47:00+05:30,23937.900390625,23939.30078125,23935.75,23937.400390625,0
2026-09-04 14:48:00+05:30,23938.30078125,23940.849609375,23937.099609375,23937.650390625,0
2026-09-04 14:49:00+05:30,23938.94921875,23940.69921875,23936.900390625,23939.94921875,0
2026-09-04 14:50:00+05:30,23939.94921875,23944.75,23935.900390625,23938.80078125,0
2026-09-04 14:51:00+05:30,23938.75,23943.75,23938.05078125,23941.55078125,0
2026-09-04 14:52:00+05:30,23943.0,23943.94921875,23936.900390625,23939.5,0
2026-09-04 14:53:00+05:30,23939.650390625,23939.849609375,23934.349609375,23937.05078125,0
2026-09-04 14:54:00+05:30,23938.599609375,23942.25,23936.94921875,23940.55078125,0
2026-09-04 14:55:00+05:30,23941.25,23941.349609375,23935.099609375,23936.900390625,0
2026-09-04 14:56:00+05:30,23936.94921875,23940.80078125,23935.5,23938.349609375,0
2026-09-04 14:57:00+05:30,23938.69921875,23939.30078125,23936.650390625,23937.30078125,0
2026-09-04 14:58:00+05:30,23937.349609375,23943.30078125,23936.400390625,23939.599609375,0
2026-09-04 14:59:00+05:30,23938.75,23940.5,23936.80078125,23938.099609375,0
2026-09-04 15:00:00+05:30,23936.80078125,23942.150390625,23936.69921875,23941.69921875,0
2026-09-04 15:01:00+05:30,23941.150390625,23942.94921875,23934.30078125,23935.25,0
2026-09-04 15:02:00+05:30,23934.80078125,23939.69921875,23934.650390625,23938.30078125,0
2026-09-04 15:03:00+05:30,23937.650390625,23940.099609375,23934.25,23935.19921875,0
2026-09-04 15:04:00+05:30,23934.599609375,23937.25,23929.599609375,23931.0,0
2026-09-04 15:05:00+05:30,23930.0,23937.599609375,23928.75,23935.75,0
2026-09-04 15:06:00+05:30,23935.44921875,23938.75,23934.349609375,23935.599609375,0
2026-09-04 15:07:00+05:30,23935.349609375,23938.69921875,23934.69921875,23937.69921875,0
2026-09-04 15:08:00+05:30,23938.05078125,23940.05078125,23934.650390625,23935.150390625,0
2026-09-04 15:09:00+05:30,23935.5,23938.599609375,23932.400390625,23938.599609375,0
2026-09-04 15:10:00+05:30,23937.0,23938.599609375,23933.599609375,23935.55078125,0
2026-09-04 15:11:00+05:30,23935.44921875,23937.30078125,23932.849609375,23934.900390625,0
2026-09-04 15:12:00+05:30,23935.05078125,23944.400390625,23931.05078125,23935.599609375,0
2026-09-04 15:13:00+05:30,23934.75,23942.400390625,23933.349609375,23936.94921875,0
2026-09-04 15:14:00+05:30,23935.94921875,23939.30078125,23928.25,23938.400390625,0
2026-09-04 15:15:00+05:30,23937.900390625,23937.900390625,23937.900390625,23937.900390625,0
2026-09-04 15:16:00+05:30,23937.900390625,23937.900390625,23937.900390625,23937.900390625,0
2026-09-04 15:17:00+05:30,23937.900390625,23937.900390625,23937.900390625,23937.900390625,0
2026-09-04 15:18:00+05:30,23937.900390625,23937.900390625,23937.900390625,23937.900390625,0
2026-09-04 15:19:00+05:30,23937.900390625,23937.900390625,23937.900390625,23937.900390625,0
2026-09-04 15:20:00+05:30,23937.900390625,23937.900390625,23937.900390625,23937.900390625,0
2026-09-04 15:21:00+05:30,23937.900390625,23937.900390625,23937.900390625,23937.900390625,0
2026-09-04 15:22:00+05:30,23937.900390625,23937.900390625,23937.900390625,23937.900390625,0
2026-09-04 15:23:00+05:30,23937.900390625,23937.900390625,23937.900390625,23937.900390625,0
2026-09-04 15:24:00+05:30,23937.900390625,23937.900390625,23937.900390625,23937.900390625,0
2026-09-04 15:25:00+05:30,23937.900390625,23937.900390625,23937.900390625,23937.900390625,0
2026-09-04 15:26:00+05:30,23937.900390625,23937.900390625,23937.900390625,23937.900390625,0
2026-09-04 15:27:00+05:30,23937.900390625,23937.900390625,23937.900390625,23937.900390625,0
2026-09-04 15:28:00+05:30,23937.900390625,23937.900390625,23897.69921875,23897.69921875,0
2026-09-04 15:29:00+05:30,23897.69921875,23897.69921875,23897.69921875,23897.69921875,0
